{"type":"FeatureCollection","features":[{"type":"Feature","properties":{"kind":"covered"},"geometry":{"type":"MultiPolygon","coordinates":[[[[0.69329,40.63969],[0.69328,40.6397],[0.69328,40.63971],[0.69327,40.63971],[0.69327,40.63971],[0.69326,40.63972],[0.69325,40.63972],[0.69324,40.63972],[0.69323,40.63972],[0.69322,40.63972],[0.69322,40.63973],[0.69321,40.63974],[0.69322,40.63975],[0.69322,40.63976],[0.69323,40.63977],[0.69323,40.63977],[0.69323,40.63977],[0.69325,40.63976],[0.69325,40.63976],[0.69326,40.63976],[0.69328,40.63976],[0.69329,40.63976],[0.6933,40.63976],[0.6933,40.63976],[0.69331,40.63977],[0.69332,40.63978],[0.69331,40.63979],[0.69331,40.63979],[0.6933,40.6398],[0.6933,40.6398],[0.69329,40.6398],[0.69328,40.63981],[0.69327,40.63981],[0.69327,40.63982],[0.69327,40.63982],[0.69328,40.63982],[0.69328,40.63983],[0.69328,40.63984],[0.69329,40.63984],[0.6933,40.63984],[0.6933,40.63983],[0.69331,40.63983],[0.69331,40.63982],[0.69332,40.63982],[0.69332,40.63981],[0.69332,40.63981],[0.69333,40.6398],[0.69333,40.6398],[0.69334,40.63979],[0.69334,40.63978],[0.69335,40.63977],[0.69335,40.63977],[0.69335,40.63976],[0.69335,40.63975],[0.69335,40.63974],[0.69335,40.63974],[0.69334,40.63974],[0.69333,40.63974],[0.69332,40.63973],[0.69332,40.63972],[0.69332,40.63972],[0.69333,40.63971],[0.69333,40.63971],[0.69334,40.6397],[0.69334,40.6397],[0.69335,40.63969],[0.69335,40.63969],[0.69335,40.63968],[0.69335,40.63967],[0.69334,40.63967],[0.69334,40.63966],[0.69333,40.63966],[0.69332,40.63965],[0.69332,40.63965],[0.6933,40.63965],[0.69329,40.63964],[0.69329,40.63964],[0.69328,40.63965],[0.69328,40.63965],[0.69328,40.63966],[0.69329,40.63967],[0.69329,40.63967],[0.69329,40.63968],[0.69329,40.63969],[0.69329,40.63969]]],[[[2.15926,41.32752],[2.15693,41.32803],[2.15764,41.32949],[2.15883,41.32983],[2.15991,41.32935],[2.15926,41.32752]]],[[[3.19463,42.47537],[3.20012,42.476],[3.20973,42.47601],[3.21849,42.47525],[3.23872,42.47652],[3.25729,42.47601],[3.28458,42.47677],[3.30377,42.47594],[3.31377,42.47752],[3.32372,42.47753],[3.33438,42.47572],[3.34416,42.47224],[3.35368,42.47495],[3.36047,42.476],[3.37021,42.47626],[3.37948,42.47511],[3.38917,42.47726],[3.3948,42.47778],[3.41175,42.47727],[3.42257,42.47576],[3.42858,42.47652],[3.45433,42.47676],[3.46385,42.47521],[3.47268,42.47222],[3.48114,42.4678],[3.48777,42.46266],[3.49571,42.45406],[3.50468,42.44662],[3.5098,42.43983],[3.5126,42.4336],[3.51366,42.42843],[3.5126,42.41759],[3.50877,42.40933],[3.50408,42.40362],[3.50474,42.39472],[3.50402,42.39046],[3.50126,42.38254],[3.49727,42.37636],[3.4954,42.37007],[3.49165,42.3632],[3.48674,42.35782],[3.47977,42.35266],[3.46788,42.34672],[3.45955,42.3438],[3.45891,42.3428],[3.45983,42.34197],[3.47854,42.33735],[3.48901,42.33258],[3.50309,42.32826],[3.52196,42.32356],[3.53154,42.3203],[3.54147,42.31525],[3.54717,42.31075],[3.55075,42.30678],[3.55482,42.30023],[3.55793,42.2928],[3.55864,42.28229],[3.55724,42.27599],[3.55453,42.26947],[3.55383,42.25576],[3.55006,42.23465],[3.55005,42.22374],[3.54828,42.21718],[3.5429,42.20559],[3.54012,42.19558],[3.54009,42.1805],[3.53252,42.15037],[3.52321,42.12481],[3.51293,42.10925],[3.50865,42.10446],[3.50435,42.09524],[3.4987,42.08841],[3.49647,42.08007],[3.49332,42.07279],[3.48923,42.06697],[3.48462,42.06267],[3.48281,42.05816],[3.48379,42.05213],[3.48344,42.04525],[3.4797,42.03462],[3.47966,42.02791],[3.47214,41.99559],[3.47211,41.99066],[3.469,41.97218],[3.46482,41.96208],[3.45962,41.95592],[3.45255,41.95063],[3.44611,41.94356],[3.42909,41.93237],[3.42509,41.92569],[3.42107,41.92126],[3.41651,41.91343],[3.40825,41.90568],[3.38627,41.89319],[3.38085,41.89091],[3.37264,41.8886],[3.36589,41.88438],[3.35778,41.87731],[3.34851,41.87095],[3.34304,41.86839],[3.33268,41.86544],[3.33148,41.86457],[3.33991,41.85588],[3.34587,41.85291],[3.354,41.84764],[3.36381,41.8385],[3.37776,41.83868],[3.38829,41.83687],[3.39612,41.83409],[3.40306,41.83035],[3.41741,41.82565],[3.42552,41.8217],[3.43181,41.81702],[3.43686,41.81121],[3.44307,41.80732],[3.45115,41.79908],[3.45632,41.79569],[3.46142,41.79109],[3.46624,41.7844],[3.46866,41.77818],[3.46937,41.77388],[3.46902,41.76646],[3.46692,41.75989],[3.45998,41.74804],[3.45084,41.73458],[3.44719,41.73043],[3.44255,41.72013],[3.42914,41.70118],[3.4246,41.69649],[3.41979,41.69283],[3.41197,41.68272],[3.39504,41.66331],[3.38863,41.65271],[3.38239,41.64677],[3.37753,41.64356],[3.37294,41.63615],[3.36948,41.62579],[3.36768,41.61679],[3.3601,41.59928],[3.34914,41.58469],[3.33557,41.57272],[3.32553,41.56776],[3.30437,41.56143],[3.29632,41.55596],[3.28677,41.55187],[3.28121,41.55031],[3.27133,41.54873],[3.25664,41.54858],[3.24527,41.5406],[3.22857,41.53278],[3.20563,41.52588],[3.19545,41.52372],[3.18359,41.51904],[3.16572,41.50983],[3.15873,41.5033],[3.15291,41.49921],[3.14719,41.49627],[3.13845,41.493],[3.12245,41.48961],[3.10174,41.48882],[3.08604,41.48595],[3.07665,41.48143],[3.06511,41.47855],[3.05595,41.478],[3.03888,41.47545],[3.02021,41.47571],[3.00257,41.47727],[2.99138,41.48014],[2.98217,41.48398],[2.97065,41.49136],[2.95532,41.4914],[2.94132,41.4935],[2.93345,41.49575],[2.92373,41.49603],[2.91742,41.49707],[2.9095,41.49936],[2.90107,41.50341],[2.89132,41.50402],[2.87574,41.50687],[2.85182,41.51401],[2.84645,41.5167],[2.84037,41.52097],[2.83391,41.52822],[2.82941,41.53752],[2.82733,41.54687],[2.82731,41.55273],[2.82641,41.55359],[2.82205,41.55219],[2.81117,41.54568],[2.80401,41.54239],[2.79709,41.54029],[2.78769,41.53846],[2.7833,41.53793],[2.77081,41.53821],[2.76283,41.53976],[2.75488,41.5426],[2.74859,41.546],[2.74265,41.5507],[2.73907,41.55472],[2.73569,41.56032],[2.73224,41.56938],[2.73153,41.57359],[2.73153,41.57831],[2.73324,41.58598],[2.72745,41.59474],[2.72263,41.60662],[2.72186,41.61379],[2.71998,41.61443],[2.71232,41.61091],[2.67204,41.59535],[2.67067,41.59155],[2.66057,41.58784],[2.65766,41.58374],[2.65049,41.57985],[2.64999,41.57833],[2.64841,41.57701],[2.64707,41.57061],[2.64238,41.56778],[2.64183,41.56468],[2.631,41.55895],[2.6302,41.55484],[2.63159,41.5515],[2.63101,41.54907],[2.62432,41.54552],[2.62323,41.54195],[2.61412,41.53722],[2.61404,41.53453],[2.60746,41.53097],[2.60838,41.52773],[2.60192,41.52444],[2.6022,41.5212],[2.59706,41.51866],[2.5976,41.51628],[2.59577,41.51459],[2.59683,41.51245],[2.59406,41.51047],[2.59627,41.50556],[2.58883,41.50151],[2.5896,41.49898],[2.58888,41.49701],[2.58697,41.49551],[2.57152,41.48707],[2.56642,41.48523],[2.56316,41.48673],[2.55701,41.48395],[2.55377,41.48508],[2.5487,41.48278],[2.54524,41.48355],[2.53982,41.48155],[2.53666,41.48361],[2.52762,41.48052],[2.52444,41.48194],[2.51627,41.47917],[2.51353,41.48072],[2.50636,41.47855],[2.50251,41.4798],[2.49812,41.47885],[2.49495,41.47987],[2.48734,41.47725],[2.48472,41.47903],[2.48232,41.47834],[2.47707,41.47929],[2.4717,41.47742],[2.46876,41.47897],[2.45562,41.47428],[2.45214,41.47582],[2.43955,41.47107],[2.43609,41.47232],[2.41606,41.46471],[2.40325,41.46117],[2.40103,41.45861],[2.38879,41.45389],[2.35919,41.44442],[2.35659,41.44088],[2.32879,41.43136],[2.3271,41.42926],[2.32101,41.4274],[2.31852,41.42401],[2.31316,41.42226],[2.30878,41.41833],[2.3048,41.41918],[2.30136,41.41693],[2.29821,41.41607],[2.29373,41.41635],[2.28969,41.41421],[2.28668,41.41552],[2.28242,41.41496],[2.26043,41.39869],[2.24721,41.38756],[2.24134,41.38365],[2.23745,41.37943],[2.23379,41.37746],[2.2323,41.37556],[2.22917,41.37502],[2.22795,41.37412],[2.20023,41.34397],[2.19459,41.33238],[2.19172,41.32333],[2.18979,41.322],[2.1852,41.30781],[2.18029,41.30424],[2.17187,41.29281],[2.16247,41.28756],[2.14578,41.27633],[2.12393,41.26707],[2.12187,41.26502],[2.11344,41.26127],[2.11248,41.25883],[2.10198,41.25572],[2.10093,41.25276],[2.07398,41.24521],[2.07196,41.24433],[2.07091,41.24276],[2.05681,41.23876],[2.05468,41.23688],[2.04739,41.2362],[2.04596,41.23484],[2.04256,41.23412],[2.04239,41.23184],[2.04117,41.23039],[2.02988,41.22897],[2.02275,41.22466],[2.01963,41.22407],[2.01739,41.22136],[2.01486,41.22065],[2.0138,41.21874],[2.01058,41.21802],[2.01045,41.21488],[2.00695,41.21442],[2.00589,41.21224],[1.99845,41.20905],[1.99821,41.20704],[1.99984,41.20564],[1.99937,41.20449],[1.98999,41.20425],[1.98843,41.20359],[1.98784,41.20227],[1.98835,41.20014],[1.99156,41.19942],[1.99297,41.1979],[1.99163,41.19489],[1.99209,41.19076],[1.98997,41.19005],[1.97854,41.18967],[1.97732,41.18475],[1.97331,41.18184],[1.97113,41.17908],[1.97072,41.17728],[1.96741,41.17611],[1.96964,41.17118],[1.96701,41.16849],[1.96607,41.16545],[1.95789,41.1617],[1.95692,41.16017],[1.95392,41.15884],[1.9366,41.1536],[1.93415,41.15518],[1.92974,41.15445],[1.92773,41.15743],[1.92492,41.1585],[1.89505,41.14818],[1.88937,41.14866],[1.88888,41.14955],[1.88963,41.15102],[1.88876,41.15235],[1.88594,41.15278],[1.88383,41.15476],[1.87035,41.15231],[1.86766,41.15399],[1.86461,41.15361],[1.86251,41.15442],[1.85813,41.15379],[1.8559,41.15464],[1.83673,41.15082],[1.83453,41.15146],[1.83125,41.15061],[1.82905,41.15106],[1.82135,41.14876],[1.81887,41.14927],[1.81418,41.14792],[1.81021,41.14902],[1.8072,41.14844],[1.80481,41.14893],[1.80178,41.14806],[1.79967,41.14873],[1.7927,41.14676],[1.78845,41.1492],[1.77893,41.1465],[1.77606,41.14739],[1.76838,41.14559],[1.76616,41.14713],[1.76208,41.14663],[1.75831,41.14784],[1.75094,41.14624],[1.74729,41.14766],[1.74105,41.14639],[1.73805,41.1481],[1.73064,41.14631],[1.72874,41.14693],[1.72561,41.14641],[1.72373,41.14739],[1.72121,41.14716],[1.71845,41.14843],[1.70959,41.14716],[1.70852,41.14769],[1.70741,41.14994],[1.70516,41.15037],[1.69879,41.14947],[1.69386,41.15103],[1.68611,41.14973],[1.68285,41.15076],[1.67461,41.1495],[1.67345,41.15016],[1.67298,41.15203],[1.67049,41.15231],[1.61987,41.15076],[1.54078,41.14531],[1.46355,41.12702],[1.43525,41.12176],[1.40484,41.11486],[1.39267,41.11374],[1.33362,41.1021],[1.31509,41.09776],[1.30881,41.09819],[1.29429,41.093],[1.28136,41.08721],[1.27724,41.08465],[1.26716,41.07575],[1.25537,41.06823],[1.23738,41.06262],[1.22981,41.06092],[1.20846,41.05288],[1.17092,41.03755],[1.1684,41.03492],[1.15851,41.0335],[1.15604,41.03207],[1.14775,41.03036],[1.1431,41.02711],[1.13438,41.02646],[1.13194,41.02547],[1.13059,41.02348],[1.12003,41.02311],[1.11708,41.01927],[1.11315,41.01896],[1.11139,41.01727],[1.09574,41.018],[1.08138,41.01643],[1.07565,41.0156],[1.06793,41.01203],[1.06512,41.01198],[1.06273,41.01107],[1.05907,41.01108],[1.05742,41.01243],[1.05536,41.01283],[1.03582,41.00537],[1.02806,41.00377],[1.02404,41.00343],[1.02348,41.00574],[1.02238,41.00633],[1.01088,41.00449],[0.9921,40.99597],[0.98645,40.99575],[0.97887,40.99219],[0.97526,40.98826],[0.96994,40.98468],[0.9666,40.98096],[0.96492,40.98028],[0.95987,40.97494],[0.94819,40.96803],[0.93828,40.96341],[0.9347,40.96241],[0.91742,40.9538],[0.91407,40.95129],[0.91425,40.94922],[0.9118,40.94672],[0.89935,40.93911],[0.89604,40.933],[0.89617,40.92946],[0.89498,40.92786],[0.89532,40.92047],[0.89425,40.91563],[0.89283,40.9141],[0.88992,40.91305],[0.88802,40.91135],[0.88382,40.90686],[0.87796,40.89824],[0.87784,40.89532],[0.8797,40.89259],[0.87792,40.89109],[0.87742,40.88812],[0.8742,40.88805],[0.8731,40.88725],[0.86581,40.86725],[0.86771,40.86499],[0.86783,40.86342],[0.86999,40.86231],[0.87061,40.86103],[0.86467,40.85554],[0.86375,40.85375],[0.86685,40.84002],[0.87404,40.8324],[0.87421,40.83065],[0.87713,40.82771],[0.87628,40.82563],[0.87427,40.82472],[0.87385,40.82381],[0.88192,40.81525],[0.88086,40.81296],[0.88139,40.81117],[0.89335,40.80148],[0.89317,40.79763],[0.89637,40.795],[0.89725,40.79212],[0.90083,40.78902],[0.90131,40.787],[0.90483,40.78249],[0.91495,40.77341],[0.9179,40.76965],[0.92234,40.76705],[0.924,40.76387],[0.926,40.76226],[0.94113,40.7562],[0.96256,40.73294],[0.96331,40.73174],[0.96268,40.71363],[0.96358,40.71295],[0.9654,40.7129],[0.96797,40.71366],[0.97051,40.7121],[0.96359,40.68144],[0.93353,40.62327],[0.92134,40.59669],[0.9127,40.58258],[0.90278,40.57369],[0.85721,40.52866],[0.66222,40.40616],[0.65901,40.40703],[0.65365,40.41124],[0.64881,40.41138],[0.51869,40.50986],[0.51564,40.51299],[0.51659,40.51445],[0.5161,40.51438],[0.51503,40.51431],[0.04962,40.50336],[0.04856,40.50337],[0.04752,40.50346],[0.04648,40.50364],[0.04548,40.50388],[0.04451,40.5042],[0.04359,40.50459],[0.04272,40.50505],[0.04192,40.50557],[0.04118,40.50614],[0.04053,40.50677],[0.03995,40.50745],[0.03947,40.50816],[0.03908,40.50891],[0.03879,40.50968],[0.0386,40.51047],[0.03851,40.51127],[-0.04829,42.39691],[-0.04827,42.3977],[-0.04815,42.39848],[-0.04792,42.39925],[-0.04759,42.4],[-0.04716,42.40073],[-0.04664,42.40142],[-0.04603,42.40206],[-0.04533,42.40266],[-0.04455,42.40321],[-0.04371,42.40369],[-0.04281,42.40412],[-0.04185,42.40447],[-0.04085,42.40475],[-0.03982,42.40496],[-0.03876,42.40509],[-0.0377,42.40514],[3.13118,42.44474],[3.13153,42.44718],[3.13296,42.4527],[3.13534,42.45754],[3.14161,42.46494],[3.14938,42.4704],[3.1611,42.47522],[3.16943,42.477],[3.1752,42.47753],[3.18446,42.47727],[3.19463,42.47537]],[[0.69229,40.6398],[0.6923,40.6398],[0.69231,40.63981],[0.69232,40.63982],[0.69232,40.63982],[0.69232,40.63983],[0.69232,40.63984],[0.69232,40.63985],[0.69232,40.63985],[0.69231,40.63986],[0.6923,40.63986],[0.69229,40.63987],[0.69229,40.63987],[0.69229,40.63988],[0.69229,40.63989],[0.69229,40.63989],[0.69229,40.6399],[0.69229,40.6399],[0.6923,40.63991],[0.69231,40.63991],[0.69234,40.63991],[0.69235,40.6399],[0.69236,40.6399],[0.69236,40.63989],[0.69237,40.63989],[0.69237,40.63988],[0.69237,40.63987],[0.69238,40.63988],[0.69239,40.63988],[0.69239,40.63988],[0.69239,40.63987],[0.69239,40.63986],[0.6924,40.63985],[0.6924,40.63984],[0.6924,40.63984],[0.69239,40.63983],[0.69239,40.63982],[0.69238,40.63982],[0.69238,40.63981],[0.69237,40.6398],[0.69237,40.63979],[0.69237,40.63978],[0.69237,40.63977],[0.69259,40.64008],[0.69282,40.63993],[0.69282,40.63994],[0.69283,40.63995],[0.69283,40.63996],[0.69284,40.63997],[0.69284,40.63998],[0.69284,40.63998],[0.69285,40.63999],[0.69285,40.64],[0.69286,40.64001],[0.69287,40.64001],[0.69287,40.64002],[0.69288,40.64004],[0.69288,40.64004],[0.69289,40.64005],[0.69292,40.64008],[0.69293,40.64009],[0.69291,40.64006],[0.69299,40.64002],[0.69303,40.64008],[0.69303,40.64008],[0.69303,40.64007],[0.69303,40.64007],[0.69302,40.64006],[0.69302,40.64006],[0.69301,40.64004],[0.693,40.64003],[0.693,40.64002],[0.69299,40.64002],[0.69298,40.64],[0.69298,40.64],[0.69297,40.63999],[0.69296,40.63998],[0.69295,40.63997],[0.69294,40.63996],[0.69294,40.63996],[0.69293,40.63995],[0.69293,40.63994],[0.69292,40.63993],[0.69291,40.63992],[0.69291,40.63991],[0.69291,40.6399],[0.6929,40.6399],[0.6929,40.63989],[0.6929,40.63988],[0.69358,40.63945],[0.69358,40.63945],[0.69359,40.63945],[0.69361,40.63945],[0.69361,40.63946],[0.69362,40.63946],[0.69362,40.63946],[0.69362,40.63945],[0.69362,40.63944],[0.69363,40.63944],[0.69363,40.63944],[0.69364,40.63943],[0.69364,40.63942],[0.69365,40.63941],[0.69365,40.6394],[0.69366,40.6394],[0.69367,40.63939],[0.69605,40.63787],[0.69816,40.63799],[0.69979,40.63893],[0.704,40.63895],[0.70845,40.63768],[0.71346,40.63947],[0.72115,40.6394],[0.7251,40.64025],[0.72605,40.64013],[0.72604,40.64014],[0.72604,40.64014],[0.72604,40.64014],[0.72605,40.64015],[0.72605,40.64016],[0.72605,40.64014],[0.72642,40.64011],[0.72642,40.64012],[0.72642,40.64011],[0.72643,40.6401],[0.72643,40.6401],[0.72644,40.64009],[0.72644,40.64009],[0.72644,40.64008],[0.73086,40.6395],[0.73362,40.64129],[0.74692,40.63764],[0.75315,40.64172],[0.76044,40.64401],[0.78111,40.65329],[0.79244,40.65732],[0.83536,40.67595],[0.84051,40.67763],[0.86141,40.69137],[0.87021,40.71018],[0.87285,40.71832],[0.87182,40.72512],[0.86623,40.72651],[0.8623,40.73192],[0.85958,40.7324],[0.85021,40.73036],[0.84081,40.7293],[0.83422,40.73013],[0.82941,40.73194],[0.82299,40.73577],[0.80036,40.75706],[0.79681,40.7615],[0.79404,40.7626],[0.78969,40.76755],[0.78676,40.76903],[0.78438,40.76871],[0.78294,40.7671],[0.77958,40.76689],[0.77834,40.76625],[0.77834,40.76625],[0.77834,40.76625],[0.77835,40.76624],[0.77835,40.76624],[0.77836,40.76623],[0.77837,40.76622],[0.77837,40.76621],[0.77838,40.76621],[0.77838,40.7662],[0.77838,40.76619],[0.77838,40.76619],[0.77837,40.76618],[0.77836,40.76619],[0.77835,40.76619],[0.77834,40.7662],[0.77833,40.76621],[0.77833,40.76622],[0.77833,40.76622],[0.77832,40.76623],[0.77832,40.76623],[0.77831,40.76624],[0.76998,40.76192],[0.767,40.76259],[0.76252,40.76129],[0.75092,40.76288],[0.7475,40.76411],[0.73709,40.76602],[0.72898,40.76907],[0.72217,40.77648],[0.71772,40.77882],[0.70813,40.7857],[0.7031,40.79196],[0.70001,40.79721],[0.69894,40.79998],[0.69899,40.80431],[0.70206,40.80657],[0.70203,40.80657],[0.70195,40.80659],[0.70168,40.80665],[0.70152,40.80667],[0.7014,40.8067],[0.7013,40.80673],[0.70121,40.80676],[0.70112,40.80679],[0.70107,40.8068],[0.70099,40.80682],[0.70096,40.80684],[0.70098,40.80685],[0.70098,40.80687],[0.70099,40.80689],[0.70099,40.80691],[0.70101,40.80694],[0.70108,40.80693],[0.70116,40.80692],[0.70125,40.80691],[0.70135,40.80689],[0.70143,40.80688],[0.70151,40.80685],[0.70164,40.80683],[0.70169,40.80681],[0.7017,40.80681],[0.70173,40.80681],[0.70189,40.80678],[0.70196,40.80676],[0.702,40.80674],[0.70205,40.80674],[0.70213,40.80673],[0.7022,40.80672],[0.70223,40.80671],[0.70224,40.8067],[0.70397,40.80798],[0.706,40.81054],[0.71067,40.81269],[0.71331,40.81267],[0.71868,40.81446],[0.72115,40.81656],[0.72441,40.81789],[0.73033,40.8189],[0.73196,40.82258],[0.73385,40.82454],[0.73971,40.82509],[0.74081,40.82659],[0.74016,40.82981],[0.744,40.83931],[0.74756,40.84126],[0.74745,40.84349],[0.74984,40.84515],[0.75071,40.84673],[0.7571,40.8486],[0.76189,40.84855],[0.76261,40.85126],[0.76917,40.85874],[0.7776,40.86044],[0.78134,40.86286],[0.78547,40.86446],[0.78739,40.86637],[0.79062,40.86712],[0.79272,40.8697],[0.79266,40.86976],[0.7926,40.86983],[0.79251,40.86991],[0.79243,40.86998],[0.79234,40.87007],[0.79228,40.87013],[0.79225,40.87017],[0.79219,40.87023],[0.79214,40.87028],[0.7921,40.87033],[0.79187,40.87052],[0.79182,40.87056],[0.79179,40.87058],[0.79172,40.87062],[0.79166,40.87065],[0.79159,40.8707],[0.79157,40.87072],[0.79154,40.87074],[0.79154,40.87076],[0.79153,40.87077],[0.79152,40.8708],[0.79149,40.87082],[0.79144,40.87085],[0.79137,40.87088],[0.79129,40.87092],[0.79122,40.87094],[0.79119,40.87094],[0.79116,40.87095],[0.79112,40.87096],[0.79109,40.87097],[0.79106,40.87101],[0.791,40.87104],[0.79097,40.87106],[0.79097,40.87109],[0.79095,40.87111],[0.79093,40.87112],[0.79091,40.87113],[0.79089,40.87114],[0.79081,40.87118],[0.79075,40.8712],[0.7907,40.87122],[0.79068,40.87124],[0.79068,40.87125],[0.79065,40.87127],[0.79064,40.87128],[0.79062,40.8713],[0.79061,40.87132],[0.79062,40.87132],[0.79062,40.87133],[0.79062,40.87134],[0.79062,40.87135],[0.79062,40.87136],[0.79062,40.87137],[0.79065,40.87137],[0.79074,40.87135],[0.79079,40.87132],[0.79081,40.8713],[0.79083,40.8713],[0.79085,40.8713],[0.79087,40.87128],[0.79089,40.8713],[0.79096,40.87128],[0.79102,40.87125],[0.7911,40.87122],[0.79115,40.8712],[0.79118,40.87118],[0.7912,40.87117],[0.79122,40.87117],[0.79125,40.87116],[0.79129,40.87115],[0.79139,40.8711],[0.79146,40.87108],[0.79154,40.87106],[0.79156,40.87106],[0.79158,40.87105],[0.7916,40.87103],[0.79164,40.87101],[0.79164,40.87098],[0.79169,40.87097],[0.79172,40.87096],[0.79176,40.87095],[0.79183,40.87092],[0.79197,40.8709],[0.79202,40.8709],[0.79208,40.87089],[0.79217,40.87085],[0.79221,40.87086],[0.79224,40.87084],[0.79228,40.87085],[0.79237,40.87082],[0.79239,40.87082],[0.79241,40.87082],[0.79244,40.87081],[0.79246,40.8708],[0.79246,40.87079],[0.79247,40.87079],[0.79249,40.87079],[0.7925,40.87079],[0.7925,40.87079],[0.79251,40.87079],[0.79252,40.87079],[0.79254,40.87079],[0.79254,40.87079],[0.79255,40.87078],[0.79256,40.87078],[0.79259,40.87078],[0.7926,40.87078],[0.7926,40.87077],[0.79261,40.87077],[0.79261,40.87076],[0.79262,40.87076],[0.79263,40.87075],[0.79266,40.87073],[0.79267,40.87071],[0.7927,40.87069],[0.79273,40.87066],[0.79274,40.87065],[0.79276,40.87063],[0.79277,40.8706],[0.79279,40.87058],[0.79282,40.87056],[0.79281,40.87055],[0.79282,40.87053],[0.79284,40.87052],[0.79287,40.8705],[0.7929,40.87049],[0.79291,40.87048],[0.79293,40.87044],[0.79294,40.87042],[0.79295,40.87041],[0.79299,40.87038],[0.79299,40.87035],[0.79301,40.87033],[0.79303,40.87029],[0.79306,40.87025],[0.79308,40.87023],[0.7931,40.8702],[0.79311,40.87018],[0.79461,40.87204],[0.7937,40.87426],[0.79484,40.8766],[0.79968,40.88018],[0.80042,40.88301],[0.80392,40.88418],[0.80611,40.88759],[0.81526,40.89406],[0.81708,40.89469],[0.81927,40.89785],[0.8231,40.90106],[0.82333,40.90274],[0.82549,40.90492],[0.82567,40.90867],[0.83119,40.91254],[0.83305,40.91448],[0.83324,40.91618],[0.83543,40.91718],[0.83673,40.92004],[0.8395,40.92112],[0.84093,40.92267],[0.84509,40.92431],[0.85049,40.92975],[0.85255,40.93331],[0.85633,40.93571],[0.85728,40.94023],[0.85938,40.94523],[0.86113,40.94731],[0.86297,40.94846],[0.86756,40.94942],[0.87496,40.95284],[0.87871,40.95654],[0.87967,40.96002],[0.88457,40.96269],[0.89636,40.97498],[0.90358,40.97815],[0.90534,40.98094],[0.9097,40.98501],[0.91756,40.98916],[0.92394,40.98901],[0.93014,40.99165],[0.93197,40.99344],[0.93703,41.00431],[0.94525,41.01263],[0.94925,41.01495],[0.95122,41.01793],[0.96435,41.0281],[0.97019,41.03044],[0.97896,41.03753],[0.98563,41.04127],[0.99197,41.04362],[0.99513,41.04331],[1.00285,41.04399],[1.01493,41.05168],[1.01704,41.05243],[1.02197,41.05252],[1.03053,41.0575],[1.03781,41.05952],[1.04022,41.06146],[1.04953,41.06483],[1.05673,41.06439],[1.06096,41.06589],[1.0724,41.0672],[1.07783,41.06491],[1.0842,41.06463],[1.10345,41.07131],[1.11248,41.07268],[1.11818,41.07467],[1.12496,41.07574],[1.13181,41.07574],[1.14344,41.07368],[1.14559,41.07259],[1.14639,41.07004],[1.15013,41.06916],[1.1512,41.0668],[1.15667,41.06558],[1.15877,41.06444],[1.15956,41.06243],[1.16176,41.06122],[1.16329,41.05916],[1.16359,41.05681],[1.16777,41.05734],[1.16951,41.056],[1.1708,41.05585],[1.1717,41.0565],[1.1722,41.05899],[1.17918,41.06311],[1.17966,41.06456],[1.17796,41.06671],[1.17792,41.06915],[1.18275,41.07783],[1.19066,41.08816],[1.19577,41.09185],[1.19788,41.0944],[1.19959,41.09452],[1.20384,41.09191],[1.20595,41.09315],[1.20682,41.09315],[1.20642,41.0935],[1.20669,41.09368],[1.20476,41.09536],[1.20503,41.09554],[1.20481,41.09573],[1.20732,41.09738],[1.20756,41.09718],[1.20782,41.09736],[1.20785,41.09733],[1.2086,41.09668],[1.20902,41.09631],[1.20995,41.0955],[1.21029,41.0952],[1.21039,41.09512],[1.21275,41.09307],[1.21265,41.09394],[1.21568,41.09563],[1.21631,41.09526],[1.21607,41.09557],[1.21617,41.09562],[1.21618,41.0956],[1.21631,41.09566],[1.21623,41.09577],[1.21614,41.09574],[1.2161,41.09579],[1.21607,41.09577],[1.21613,41.09569],[1.21603,41.09565],[1.216,41.09565],[1.21497,41.0969],[1.21506,41.09694],[1.21498,41.09705],[1.21489,41.09701],[1.21475,41.09718],[1.21559,41.09774],[1.21564,41.09769],[1.21565,41.0977],[1.21566,41.09769],[1.21575,41.09776],[1.21577,41.09774],[1.21575,41.09773],[1.21576,41.09771],[1.21579,41.09767],[1.21576,41.09766],[1.21577,41.09763],[1.2158,41.0976],[1.21584,41.09762],[1.21583,41.09763],[1.21584,41.09765],[1.2158,41.09768],[1.21583,41.09771],[1.21584,41.09773],[1.2158,41.09776],[1.21577,41.09776],[1.21561,41.0979],[1.21551,41.09783],[1.21556,41.09778],[1.21474,41.09724],[1.21473,41.09724],[1.21469,41.09725],[1.2131,41.09922],[1.2132,41.09927],[1.2131,41.09938],[1.21301,41.09934],[1.21293,41.09943],[1.21304,41.09948],[1.21303,41.09948],[1.21312,41.09952],[1.21317,41.09953],[1.21326,41.09954],[1.21337,41.09957],[1.2135,41.09963],[1.2136,41.09968],[1.21369,41.09972],[1.21379,41.09976],[1.21386,41.0998],[1.21392,41.09983],[1.21398,41.09985],[1.21404,41.09987],[1.21408,41.09988],[1.21417,41.0999],[1.21424,41.09982],[1.2143,41.09985],[1.21423,41.09993],[1.21427,41.09996],[1.21429,41.09999],[1.21433,41.10002],[1.21444,41.10007],[1.21463,41.10017],[1.21473,41.10022],[1.21477,41.10024],[1.21481,41.10018],[1.21486,41.1002],[1.21482,41.10025],[1.21483,41.10026],[1.21485,41.10031],[1.21481,41.10036],[1.21476,41.10043],[1.21472,41.10049],[1.21471,41.10053],[1.21471,41.10058],[1.21472,41.10062],[1.21475,41.10066],[1.21479,41.1007],[1.21484,41.10072],[1.21495,41.10059],[1.2149,41.10055],[1.2149,41.10053],[1.21492,41.10049],[1.21493,41.10046],[1.21495,41.10044],[1.21497,41.10044],[1.21505,41.10046],[1.21507,41.10047],[1.21508,41.10048],[1.2151,41.1005],[1.21511,41.10052],[1.21511,41.10055],[1.2151,41.10057],[1.21509,41.10059],[1.21507,41.10061],[1.21504,41.10062],[1.215,41.10062],[1.21497,41.10061],[1.21487,41.10074],[1.21495,41.10077],[1.21499,41.10077],[1.21504,41.10077],[1.2151,41.10077],[1.21514,41.10076],[1.21515,41.10075],[1.21519,41.10072],[1.21524,41.10068],[1.21527,41.10063],[1.21531,41.1006],[1.21534,41.10057],[1.21537,41.10054],[1.21542,41.10053],[1.21547,41.10049],[1.2155,41.1005],[1.21547,41.10055],[1.2155,41.10058],[1.21556,41.10061],[1.21565,41.10064],[1.2157,41.10068],[1.21575,41.10069],[1.21577,41.10068],[1.21585,41.10058],[1.21596,41.10044],[1.21599,41.10041],[1.21603,41.10037],[1.21604,41.10035],[1.21587,41.10028],[1.21593,41.10019],[1.21756,41.10095],[1.2175,41.10102],[1.21733,41.10094],[1.21725,41.10107],[1.21709,41.10124],[1.21707,41.10127],[1.21707,41.1013],[1.21709,41.10131],[1.21713,41.10133],[1.21715,41.10134],[1.2172,41.10137],[1.21721,41.10136],[1.21722,41.10137],[1.21726,41.10132],[1.2173,41.10134],[1.21726,41.1014],[1.21727,41.1014],[1.21731,41.10143],[1.21737,41.10145],[1.21738,41.10144],[1.2174,41.10145],[1.21743,41.10141],[1.21747,41.10142],[1.21743,41.10148],[1.21752,41.10156],[1.21764,41.10166],[1.21773,41.10175],[1.21776,41.10174],[1.21777,41.10175],[1.21777,41.10177],[1.2178,41.10179],[1.21799,41.10197],[1.21812,41.10211],[1.21819,41.10217],[1.21831,41.10226],[1.21837,41.10229],[1.2184,41.10229],[1.21847,41.10227],[1.21853,41.10225],[1.21871,41.10216],[1.21877,41.10212],[1.21883,41.10208],[1.21856,41.10185],[1.21866,41.10179],[1.21932,41.10237],[1.21922,41.10243],[1.21896,41.1022],[1.21871,41.10236],[1.21863,41.10241],[1.2186,41.10244],[1.21859,41.10246],[1.21859,41.10248],[1.21862,41.10251],[1.21866,41.10253],[1.21871,41.10257],[1.21877,41.10263],[1.21882,41.10261],[1.21885,41.10264],[1.21879,41.10268],[1.21881,41.10269],[1.21892,41.10278],[1.21907,41.10292],[1.21917,41.10301],[1.2193,41.10315],[1.21932,41.10316],[1.21938,41.10312],[1.21942,41.10314],[1.21935,41.10319],[1.2194,41.10321],[1.22015,41.10389],[1.22065,41.10435],[1.22107,41.10471],[1.22139,41.105],[1.22189,41.10543],[1.22204,41.10558],[1.22223,41.10572],[1.22233,41.10579],[1.22252,41.10591],[1.2228,41.10605],[1.22311,41.10619],[1.22335,41.10628],[1.22356,41.10635],[1.22375,41.10641],[1.22393,41.10646],[1.22404,41.1065],[1.22412,41.10653],[1.22416,41.10655],[1.22417,41.10659],[1.22417,41.10661],[1.22414,41.10666],[1.22423,41.10667],[1.2243,41.10663],[1.22434,41.10663],[1.22439,41.10662],[1.2245,41.10662],[1.22465,41.10665],[1.22474,41.10668],[1.22483,41.10674],[1.22489,41.10678],[1.22495,41.10681],[1.22504,41.10685],[1.22516,41.10688],[1.22534,41.10691],[1.2256,41.10695],[1.22584,41.10698],[1.226,41.10701],[1.22624,41.10705],[1.22629,41.107],[1.22648,41.107],[1.22657,41.10701],[1.22664,41.10702],[1.22672,41.10702],[1.22681,41.10708],[1.22687,41.10709],[1.227,41.10715],[1.22707,41.10715],[1.22713,41.10715],[1.22718,41.10716],[1.22722,41.10717],[1.22728,41.10718],[1.22735,41.10718],[1.22741,41.10716],[1.22747,41.10714],[1.22759,41.10711],[1.22836,41.10717],[1.22844,41.10717],[1.22848,41.10719],[1.22851,41.10721],[1.22856,41.10722],[1.22859,41.10723],[1.22862,41.10724],[1.22862,41.10726],[1.22864,41.10728],[1.22874,41.10731],[1.22913,41.10747],[1.22943,41.10758],[1.22977,41.10771],[1.22987,41.10774],[1.22999,41.10779],[1.23007,41.10779],[1.23013,41.10781],[1.23018,41.10783],[1.23022,41.10784],[1.23026,41.10784],[1.2303,41.10784],[1.23033,41.10783],[1.23039,41.10782],[1.23043,41.10782],[1.23046,41.10781],[1.23049,41.10781],[1.23055,41.10781],[1.23059,41.1078],[1.23061,41.1078],[1.23065,41.1078],[1.2307,41.10781],[1.23074,41.10782],[1.23078,41.10782],[1.23081,41.10781],[1.23085,41.10782],[1.23089,41.10783],[1.23092,41.10783],[1.23094,41.10783],[1.23098,41.10784],[1.23101,41.10785],[1.23105,41.10785],[1.23108,41.10786],[1.2311,41.10786],[1.23113,41.10786],[1.23115,41.10786],[1.23116,41.10786],[1.23117,41.10788],[1.23122,41.1079],[1.23125,41.10791],[1.23128,41.10792],[1.23134,41.10794],[1.23135,41.10796],[1.23137,41.10797],[1.23139,41.10798],[1.23142,41.10799],[1.23144,41.10798],[1.23146,41.10797],[1.23149,41.10798],[1.23152,41.108],[1.23154,41.10802],[1.23155,41.10802],[1.23159,41.10798],[1.2316,41.10797],[1.23161,41.10796],[1.23162,41.10796],[1.23164,41.10797],[1.23165,41.10799],[1.23166,41.10799],[1.23167,41.108],[1.23169,41.108],[1.23171,41.108],[1.23174,41.108],[1.23176,41.108],[1.23176,41.10799],[1.23176,41.10798],[1.23176,41.10797],[1.23177,41.10796],[1.2318,41.10796],[1.23187,41.10796],[1.2319,41.10795],[1.23194,41.10794],[1.23202,41.10795],[1.2321,41.10796],[1.23212,41.10796],[1.23215,41.10796],[1.23219,41.10796],[1.23226,41.10798],[1.23229,41.10799],[1.23234,41.10801],[1.23236,41.10802],[1.23239,41.10802],[1.2324,41.10803],[1.23241,41.10804],[1.23242,41.10806],[1.23243,41.10808],[1.23244,41.10809],[1.23247,41.10809],[1.23249,41.10808],[1.23251,41.10808],[1.23256,41.10806],[1.2326,41.10806],[1.23263,41.10805],[1.23264,41.10806],[1.23266,41.10806],[1.23269,41.10807],[1.2327,41.10807],[1.23271,41.10807],[1.23274,41.10805],[1.23276,41.10805],[1.23275,41.10804],[1.23271,41.10804],[1.23271,41.10804],[1.23272,41.10803],[1.23274,41.10802],[1.23277,41.10801],[1.2328,41.108],[1.23285,41.10799],[1.2329,41.10799],[1.23293,41.10799],[1.23296,41.10799],[1.23302,41.10798],[1.23308,41.10799],[1.23311,41.10799],[1.2332,41.108],[1.23325,41.108],[1.2333,41.108],[1.2334,41.108],[1.23348,41.108],[1.23354,41.108],[1.23358,41.108],[1.23361,41.10802],[1.23365,41.10802],[1.2337,41.10802],[1.23375,41.10802],[1.23379,41.10803],[1.23385,41.10803],[1.2339,41.10803],[1.23394,41.10804],[1.23398,41.10805],[1.23403,41.10805],[1.23408,41.10805],[1.23413,41.10805],[1.23418,41.10806],[1.23424,41.10807],[1.23429,41.10809],[1.23432,41.1081],[1.23445,41.10815],[1.23451,41.10818],[1.23454,41.10821],[1.23456,41.10823],[1.23458,41.10824],[1.2346,41.10825],[1.23463,41.10826],[1.23466,41.10826],[1.23468,41.10826],[1.23471,41.10826],[1.23475,41.10827],[1.23477,41.10828],[1.23479,41.10829],[1.23481,41.1083],[1.23482,41.10832],[1.23484,41.10835],[1.23495,41.10836],[1.23508,41.10836],[1.23517,41.10838],[1.23528,41.10839],[1.23535,41.1084],[1.23546,41.10842],[1.23555,41.10844],[1.23562,41.10845],[1.23569,41.10847],[1.23571,41.10844],[1.23573,41.10844],[1.23577,41.10843],[1.23583,41.10845],[1.23591,41.10848],[1.23602,41.1085],[1.2361,41.10853],[1.23618,41.10855],[1.23625,41.10858],[1.23633,41.10861],[1.23639,41.10864],[1.23642,41.10867],[1.23644,41.10868],[1.23647,41.10869],[1.2365,41.1087],[1.23653,41.10871],[1.23656,41.10873],[1.23658,41.10877],[1.23669,41.10881],[1.23685,41.10888],[1.23694,41.10894],[1.23724,41.10915],[1.23732,41.10924],[1.23728,41.10941],[1.23737,41.10935],[1.23757,41.10947],[1.23768,41.10982],[1.23773,41.10996],[1.2378,41.11001],[1.23788,41.11019],[1.23799,41.11018],[1.23808,41.11018],[1.23811,41.11],[1.23807,41.10977],[1.23797,41.10936],[1.23787,41.10919],[1.23777,41.10903],[1.23771,41.10905],[1.23775,41.10911],[1.23772,41.10912],[1.23759,41.10892],[1.23762,41.10891],[1.23765,41.10897],[1.23772,41.10894],[1.23768,41.10887],[1.23756,41.10875],[1.23746,41.10867],[1.23731,41.10854],[1.23713,41.10839],[1.23697,41.10827],[1.23682,41.10818],[1.23661,41.10806],[1.23642,41.10796],[1.2362,41.10786],[1.23589,41.10774],[1.23558,41.10765],[1.23534,41.10758],[1.23508,41.10752],[1.23488,41.10748],[1.23473,41.10747],[1.23448,41.10744],[1.23427,41.10744],[1.23405,41.10742],[1.23355,41.10739],[1.23317,41.10738],[1.23251,41.10734],[1.23195,41.10731],[1.23171,41.1073],[1.23157,41.10729],[1.23143,41.10728],[1.23131,41.10725],[1.23118,41.10723],[1.23104,41.1072],[1.23094,41.10717],[1.23061,41.10706],[1.23013,41.10693],[1.22976,41.10683],[1.22928,41.10668],[1.229,41.10663],[1.22891,41.1066],[1.22878,41.10651],[1.22866,41.10646],[1.2286,41.10645],[1.22854,41.10642],[1.22842,41.10636],[1.22757,41.10613],[1.22905,41.10588],[1.23091,41.10211],[1.23046,41.10111],[1.22995,41.10108],[1.22997,41.10102],[1.23013,41.10095],[1.23037,41.10104],[1.23254,41.10187],[1.23238,41.10247],[1.23603,41.104],[1.23682,41.10352],[1.23753,41.10379],[1.23743,41.10408],[1.23708,41.10402],[1.23705,41.10413],[1.23702,41.1042],[1.23647,41.10584],[1.2364,41.10606],[1.23706,41.10627],[1.23718,41.10646],[1.23722,41.10657],[1.23747,41.10649],[1.23744,41.10647],[1.23746,41.10646],[1.2376,41.10654],[1.23944,41.10593],[1.24053,41.10558],[1.23808,41.10644],[1.23976,41.1092],[1.24309,41.1104],[1.24525,41.11009],[1.24588,41.10941],[1.24619,41.10936],[1.24671,41.10927],[1.24806,41.10903],[1.24844,41.10896],[1.24853,41.10934],[1.25149,41.11003],[1.25887,41.11423],[1.26209,41.11507],[1.26459,41.11503],[1.26667,41.11418],[1.27034,41.11438],[1.2734,41.11604],[1.27341,41.11855],[1.27473,41.11969],[1.27879,41.1212],[1.28145,41.12099],[1.28356,41.12328],[1.28845,41.12447],[1.29155,41.12641],[1.29778,41.12875],[1.3059,41.13007],[1.32148,41.13059],[1.32399,41.1301],[1.32563,41.12901],[1.32848,41.12998],[1.33112,41.129],[1.33655,41.12928],[1.34229,41.12698],[1.34662,41.12876],[1.35232,41.12822],[1.35556,41.12856],[1.36198,41.13108],[1.38075,41.13498],[1.38524,41.13494],[1.38743,41.13352],[1.39039,41.13339],[1.39299,41.13244],[1.40015,41.13524],[1.40189,41.1389],[1.40451,41.14115],[1.43553,41.15465],[1.45303,41.16097],[1.46021,41.1649],[1.47009,41.16752],[1.47458,41.16758],[1.47645,41.16855],[1.48409,41.16996],[1.48959,41.17241],[1.50855,41.1776],[1.53546,41.18279],[1.57656,41.18774],[1.57873,41.18899],[1.629,41.19317],[1.63104,41.19517],[1.63826,41.19624],[1.64076,41.19575],[1.64554,41.19749],[1.65247,41.1981],[1.65397,41.19971],[1.65632,41.20036],[1.65805,41.20023],[1.65979,41.19858],[1.66323,41.19891],[1.66522,41.20006],[1.6673,41.19935],[1.67067,41.19965],[1.6726,41.20315],[1.67762,41.20109],[1.68654,41.20536],[1.68833,41.20727],[1.69834,41.2089],[1.70577,41.20843],[1.70962,41.20986],[1.7159,41.21387],[1.71882,41.21359],[1.73484,41.2179],[1.73793,41.21771],[1.74136,41.21893],[1.75008,41.22025],[1.76115,41.22028],[1.76426,41.22086],[1.77204,41.223],[1.78308,41.22961],[1.78465,41.22913],[1.78526,41.22653],[1.78707,41.22614],[1.79032,41.22895],[1.79933,41.23315],[1.8066,41.23546],[1.81163,41.23549],[1.81394,41.23678],[1.82098,41.23704],[1.8233,41.23547],[1.82517,41.23567],[1.82656,41.23719],[1.82895,41.23757],[1.83881,41.23606],[1.8468,41.23627],[1.85143,41.23551],[1.85856,41.23658],[1.86001,41.23738],[1.86075,41.23993],[1.86535,41.24077],[1.86859,41.24369],[1.87928,41.24616],[1.88455,41.24838],[1.8961,41.25055],[1.89888,41.25245],[1.90152,41.25303],[1.90224,41.25463],[1.90364,41.25531],[1.91018,41.25649],[1.93123,41.2636],[1.94108,41.265],[1.94303,41.2662],[1.94783,41.26571],[1.9511,41.267],[1.95317,41.26599],[1.95856,41.26571],[1.97712,41.26571],[1.98105,41.26674],[1.98932,41.26597],[2.02886,41.26859],[2.03243,41.26962],[2.03365,41.27208],[2.04271,41.27326],[2.04799,41.27595],[2.06961,41.28285],[2.11843,41.29989],[2.12166,41.30265],[2.12323,41.30708],[2.12494,41.30846],[2.12452,41.31075],[2.12589,41.31293],[2.12736,41.31281],[2.13526,41.30691],[2.13818,41.30631],[2.14492,41.31309],[2.14519,41.31427],[2.14102,41.3172],[2.13194,41.31944],[2.13139,41.32106],[2.13186,41.3227],[2.13292,41.32323],[2.14797,41.32251],[2.15079,41.32604],[2.15044,41.3277],[2.14174,41.33095],[2.14202,41.33332],[2.14013,41.33495],[2.1476,41.34739],[2.15059,41.34821],[2.15466,41.34763],[2.15744,41.35031],[2.16058,41.34983],[2.16375,41.35095],[2.16781,41.35739],[2.16675,41.35908],[2.16683,41.36082],[2.1728,41.36706],[2.17507,41.37501],[2.18017,41.38122],[2.18341,41.38301],[2.18663,41.38199],[2.18901,41.37917],[2.19083,41.37949],[2.1904,41.38425],[2.19453,41.38482],[2.19588,41.38736],[2.19933,41.38949],[2.19982,41.39135],[2.20478,41.39513],[2.20482,41.39742],[2.21926,41.40981],[2.22237,41.41141],[2.22618,41.41676],[2.22882,41.41857],[2.22731,41.42151],[2.23697,41.43424],[2.2382,41.43839],[2.23969,41.43956],[2.24263,41.43971],[2.2503,41.44799],[2.26,41.45605],[2.26077,41.45754],[2.26424,41.45971],[2.275,41.46542],[2.28392,41.46811],[2.2924,41.47257],[2.3002,41.47563],[2.32906,41.48195],[2.33285,41.48477],[2.33693,41.48558],[2.33933,41.48503],[2.34556,41.48849],[2.34824,41.48775],[2.35239,41.48806],[2.35996,41.48992],[2.37594,41.49564],[2.3782,41.49779],[2.38589,41.49975],[2.39528,41.50418],[2.40285,41.50929],[2.40549,41.51025],[2.41566,41.51813],[2.42138,41.52137],[2.42205,41.52425],[2.42529,41.5237],[2.43133,41.52577],[2.43366,41.52755],[2.43434,41.52917],[2.44269,41.53196],[2.44587,41.5351],[2.45332,41.54014],[2.46006,41.54294],[2.4685,41.54766],[2.479,41.55048],[2.48276,41.55056],[2.49324,41.55317],[2.50898,41.56119],[2.53079,41.56992],[2.54006,41.57442],[2.54958,41.57793],[2.55398,41.57889],[2.55534,41.57998],[2.56371,41.58025],[2.57229,41.58412],[2.57695,41.58501],[2.60253,41.59446],[2.60785,41.59554],[2.61724,41.59866],[2.62349,41.60164],[2.62721,41.60227],[2.63084,41.60438],[2.64562,41.60786],[2.64941,41.61004],[2.66004,41.61248],[2.68442,41.61967],[2.71052,41.62878],[2.71894,41.63025],[2.72456,41.63439],[2.73438,41.63924],[2.73727,41.64326],[2.73947,41.64984],[2.74397,41.65788],[2.75158,41.66663],[2.76061,41.67312],[2.77136,41.67934],[2.78205,41.68371],[2.79726,41.6866],[2.80755,41.68936],[2.81718,41.69019],[2.82657,41.69393],[2.83763,41.69677],[2.84464,41.69788],[2.85231,41.70022],[2.86052,41.70594],[2.86967,41.71067],[2.88734,41.71751],[2.89579,41.71935],[2.90038,41.7197],[2.90709,41.72258],[2.91058,41.72621],[2.91932,41.73953],[2.9284,41.74917],[2.95265,41.76984],[2.96936,41.78152],[2.97851,41.78623],[2.99138,41.79077],[3.03131,41.80195],[3.03883,41.80615],[3.05853,41.81472],[3.06408,41.81998],[3.06706,41.82773],[3.07184,41.83433],[3.07878,41.84132],[3.08473,41.84575],[3.09548,41.85169],[3.10943,41.85703],[3.125,41.86703],[3.13318,41.87059],[3.15189,41.87615],[3.15976,41.89319],[3.16385,41.89928],[3.17018,41.9059],[3.18568,41.93357],[3.18812,41.93928],[3.19064,41.94909],[3.19538,41.95733],[3.18543,41.98479],[3.18578,41.99892],[3.18954,42.01986],[3.18884,42.03462],[3.18514,42.04199],[3.18366,42.04924],[3.17793,42.05958],[3.1642,42.09679],[3.16142,42.10555],[3.15996,42.11415],[3.15115,42.11906],[3.14987,42.11853],[3.14923,42.11637],[3.14692,42.11606],[3.1433,42.1144],[3.14027,42.11412],[3.13672,42.11546],[3.13633,42.11734],[3.13765,42.11908],[3.13769,42.12092],[3.1355,42.12509],[3.13426,42.12605],[3.12538,42.12637],[3.12316,42.12773],[3.12082,42.1351],[3.1189,42.13723],[3.11472,42.1468],[3.11227,42.16225],[3.11058,42.16768],[3.10955,42.17719],[3.10886,42.18543],[3.10989,42.19751],[3.10955,42.20338],[3.11476,42.22123],[3.11686,42.22639],[3.12206,42.23433],[3.11264,42.23857],[3.10646,42.24235],[3.10205,42.24616],[3.09723,42.25224],[3.09484,42.25709],[3.09342,42.26262],[3.09342,42.27009],[3.09519,42.27638],[3.09958,42.28367],[3.10419,42.28841],[3.11048,42.2928],[3.11914,42.29668],[3.12686,42.29872],[3.13537,42.29976],[3.14498,42.2995],[3.15378,42.29795],[3.16127,42.29545],[3.16884,42.29144],[3.17465,42.28688],[3.17989,42.28047],[3.18265,42.27476],[3.18405,42.26857],[3.1837,42.26135],[3.18189,42.25548],[3.18221,42.2541],[3.18357,42.25367],[3.19055,42.25705],[3.20069,42.26028],[3.22077,42.27052],[3.23076,42.27355],[3.23995,42.27468],[3.24774,42.27885],[3.25271,42.289],[3.26199,42.29886],[3.26233,42.30605],[3.26146,42.30698],[3.24634,42.30765],[3.23831,42.30895],[3.22881,42.31169],[3.21966,42.31611],[3.21294,42.32098],[3.20162,42.3229],[3.17891,42.33027],[3.17067,42.33505],[3.16207,42.34351],[3.15667,42.35099],[3.15387,42.35749],[3.15313,42.36477],[3.1487,42.3794],[3.14628,42.39967],[3.14349,42.41405],[3.13603,42.42152],[3.13294,42.42665],[3.13121,42.43153],[3.13076,42.43678],[-0.03751,42.39718],[0.04929,40.51155],[0.5147,40.5225],[0.51469,40.52251],[0.51469,40.52252],[0.5147,40.52252],[0.51471,40.52253],[0.51472,40.52253],[0.51472,40.52253],[0.51472,40.52254],[0.51473,40.52255],[0.51474,40.52256],[0.51475,40.52256],[0.51476,40.52257],[0.51478,40.52257],[0.51479,40.52258],[0.5148,40.52259],[0.51481,40.52259],[0.51482,40.5226],[0.51483,40.5226],[0.51484,40.52261],[0.51403,40.52283],[0.51455,40.52683],[0.5181,40.5355],[0.52103,40.53949],[0.52151,40.54305],[0.53266,40.5561],[0.53693,40.56778],[0.54398,40.57264],[0.55528,40.58224],[0.55943,40.58463],[0.56259,40.58912],[0.57156,40.59725],[0.57673,40.60069],[0.57977,40.60456],[0.58436,40.60756],[0.58954,40.61375],[0.5921,40.61487],[0.59252,40.61679],[0.59607,40.61819],[0.59951,40.62201],[0.60164,40.6228],[0.60286,40.62252],[0.6039,40.61845],[0.60536,40.61785],[0.60655,40.61867],[0.60587,40.62292],[0.60694,40.62382],[0.62537,40.62306],[0.64575,40.6249],[0.65078,40.62575],[0.65355,40.62722],[0.6627,40.62727],[0.66665,40.62945],[0.66975,40.62965],[0.67674,40.63323],[0.68112,40.63464],[0.68283,40.63677],[0.68453,40.637],[0.68655,40.63616],[0.69033,40.63699],[0.69236,40.63976],[0.69235,40.63976],[0.69234,40.63976],[0.69233,40.63977],[0.69232,40.63976],[0.69231,40.63976],[0.69231,40.63975],[0.69231,40.63975],[0.6923,40.63974],[0.69228,40.63974],[0.69228,40.63974],[0.69228,40.63975],[0.69228,40.63975],[0.69228,40.63976],[0.69227,40.63977],[0.69228,40.63979],[0.69228,40.63979],[0.69229,40.6398],[0.69229,40.6398]],[[1.21624,41.09028],[1.2162,41.09031],[1.21615,41.09027],[1.21515,41.09099],[1.21608,41.09018],[1.21624,41.09028]],[[1.2164,41.09527],[1.21635,41.09524],[1.21658,41.09511],[1.2164,41.09527]],[[1.21959,41.0925],[1.2194,41.09266],[1.21749,41.09125],[1.21844,41.09188],[1.21913,41.09234],[1.21934,41.09247],[1.21944,41.09238],[1.21959,41.09249],[1.21958,41.09249],[1.21959,41.0925]],[[1.22512,41.10551],[1.22464,41.10538],[1.22442,41.1053],[1.22415,41.10518],[1.224,41.10509],[1.22386,41.10499],[1.2237,41.10486],[1.22358,41.10475],[1.22339,41.10453],[1.22332,41.1044],[1.22323,41.10421],[1.22314,41.10402],[1.22311,41.10395],[1.22299,41.10364],[1.22277,41.10326],[1.22249,41.10276],[1.22232,41.10247],[1.22223,41.10233],[1.22215,41.10218],[1.22209,41.10205],[1.22192,41.10173],[1.22187,41.10157],[1.22182,41.10146],[1.22162,41.10152],[1.22156,41.1014],[1.22171,41.10136],[1.22037,41.09899],[1.22218,41.09677],[1.22273,41.09612],[1.22799,41.09956],[1.22752,41.10094],[1.22741,41.10093],[1.22743,41.10085],[1.22707,41.10081],[1.22704,41.10091],[1.22643,41.10088],[1.22496,41.10483],[1.22523,41.10554],[1.22512,41.10551]],[[1.2124,41.08819],[1.21245,41.08823],[1.21142,41.08913],[1.2124,41.08819]],[[1.21377,41.08708],[1.21421,41.08709],[1.21419,41.08739],[1.21377,41.08738],[1.21378,41.08742],[1.21349,41.08742],[1.21284,41.0874],[1.21233,41.0874],[1.21203,41.0871],[1.21212,41.08711],[1.21265,41.08713],[1.21281,41.0871],[1.21294,41.08711],[1.21326,41.08712],[1.21351,41.08715],[1.21361,41.08715],[1.21376,41.08715],[1.21377,41.08708]],[[1.22088,41.08745],[1.22069,41.08754],[1.22004,41.08678],[1.22038,41.08686],[1.22088,41.08745]],[[1.22399,41.09042],[1.22395,41.09045],[1.22393,41.09046],[1.22394,41.09049],[1.22396,41.09051],[1.22396,41.09054],[1.22396,41.09056],[1.22394,41.09059],[1.22397,41.09062],[1.22397,41.09065],[1.22421,41.09097],[1.22418,41.09098],[1.22393,41.09065],[1.22389,41.09061],[1.22382,41.09065],[1.22378,41.09066],[1.22373,41.09066],[1.22368,41.09065],[1.22363,41.09064],[1.22356,41.09061],[1.22354,41.09057],[1.22351,41.09054],[1.2235,41.09049],[1.2235,41.09045],[1.22352,41.09039],[1.22358,41.09033],[1.22361,41.09031],[1.2237,41.09027],[1.22442,41.08994],[1.22427,41.09035],[1.22425,41.09031],[1.22416,41.09035],[1.22419,41.0904],[1.22415,41.09042],[1.22412,41.09037],[1.22403,41.09041],[1.22407,41.09046],[1.22403,41.09047],[1.22399,41.09042]],[[1.22907,41.09596],[1.22906,41.09596],[1.22905,41.09595],[1.22907,41.09596]],[[2.18498,41.36567],[2.18493,41.36563],[2.18493,41.36554],[2.18504,41.36569],[2.18498,41.36567]],[[2.18514,41.3681],[2.18524,41.36809],[2.18525,41.36813],[2.18517,41.36829],[2.18514,41.36812],[2.18515,41.36812],[2.18514,41.3681]],[[2.18475,41.36852],[2.18506,41.3685],[2.18473,41.36917],[2.18462,41.36862],[2.18462,41.3686],[2.18463,41.36858],[2.18465,41.36856],[2.18467,41.36854],[2.18469,41.36853],[2.18472,41.36853],[2.18473,41.36852],[2.18475,41.36852]],[[2.18226,41.37059],[2.18099,41.37083],[2.18198,41.37038],[2.18198,41.37038],[2.182,41.37037],[2.18203,41.37037],[2.18206,41.37037],[2.18208,41.37038],[2.1821,41.3704],[2.18211,41.37041],[2.18226,41.37059]],[[2.16669,41.3146],[2.16663,41.31473],[2.16657,41.31499],[2.16649,41.31518],[2.16643,41.31533],[2.16638,41.31551],[2.16634,41.31566],[2.16622,41.31608],[2.16619,41.31617],[2.17162,41.31719],[2.17185,41.31836],[2.16914,41.32602],[2.1705,41.33218],[2.16982,41.33428],[2.17039,41.3366],[2.16964,41.33799],[2.17165,41.3491],[2.17694,41.3568],[2.17631,41.35846],[2.1738,41.35872],[2.17271,41.35823],[2.17315,41.35591],[2.1674,41.34738],[2.16318,41.34781],[2.15772,41.34471],[2.15836,41.34346],[2.1638,41.34249],[2.1657,41.34132],[2.16546,41.33811],[2.16317,41.33564],[2.16168,41.33544],[2.16088,41.33631],[2.1615,41.33943],[2.15851,41.34023],[2.15308,41.33195],[2.15262,41.32994],[2.15531,41.3293],[2.15602,41.32839],[2.15377,41.32628],[2.15299,41.32297],[2.15638,41.32094],[2.15674,41.31986],[2.15393,41.31678],[2.15467,41.31452],[2.14486,41.30467],[2.14537,41.30164],[2.1437,41.29971],[2.14418,41.29863],[2.14666,41.29748],[2.15403,41.29745],[2.16621,41.30948],[2.16693,41.31288],[2.16722,41.31297],[2.16716,41.31314],[2.16703,41.3135],[2.16692,41.31386],[2.16681,41.31418],[2.16674,41.31446],[2.16669,41.3146]],[[2.14705,41.33177],[2.14884,41.33129],[2.1553,41.34082],[2.15512,41.3423],[2.15107,41.34271],[2.14968,41.33683],[2.14576,41.33611],[2.14543,41.33492],[2.1473,41.33354],[2.14705,41.33177]]]]}},{"type":"Feature","properties":{"kind":"beyond"},"geometry":{"type":"MultiPolygon","coordinates":[[[[1.22069,41.08754],[1.22088,41.08745],[1.22038,41.08686],[1.22004,41.08678],[1.22069,41.08754]]],[[[1.21265,41.08713],[1.21212,41.08711],[1.21203,41.0871],[1.21233,41.0874],[1.21284,41.0874],[1.21349,41.08742],[1.21378,41.08742],[1.21377,41.08738],[1.21419,41.08739],[1.21421,41.08709],[1.21377,41.08708],[1.21376,41.08715],[1.21361,41.08715],[1.21351,41.08715],[1.21326,41.08712],[1.21294,41.08711],[1.21281,41.0871],[1.21265,41.08713]]],[[[1.21142,41.08913],[1.21245,41.08823],[1.2124,41.08819],[1.21142,41.08913]]],[[[1.22416,41.09035],[1.22425,41.09031],[1.22427,41.09035],[1.22442,41.08994],[1.2237,41.09027],[1.22361,41.09031],[1.22358,41.09033],[1.22352,41.09039],[1.2235,41.09045],[1.2235,41.09049],[1.22351,41.09054],[1.22354,41.09057],[1.22356,41.09061],[1.22363,41.09064],[1.22368,41.09065],[1.22373,41.09066],[1.22378,41.09066],[1.22382,41.09065],[1.22389,41.09061],[1.22393,41.09065],[1.22418,41.09098],[1.22421,41.09097],[1.22397,41.09065],[1.22397,41.09062],[1.22394,41.09059],[1.22396,41.09056],[1.22396,41.09054],[1.22396,41.09051],[1.22394,41.09049],[1.22393,41.09046],[1.22395,41.09045],[1.22399,41.09042],[1.22403,41.09047],[1.22407,41.09046],[1.22403,41.09041],[1.22412,41.09037],[1.22415,41.09042],[1.22419,41.0904],[1.22416,41.09035]]],[[[1.21515,41.09099],[1.21615,41.09027],[1.2162,41.09031],[1.21624,41.09028],[1.21608,41.09018],[1.21515,41.09099]]],[[[1.21749,41.09125],[1.2194,41.09266],[1.21959,41.0925],[1.21958,41.09249],[1.21959,41.09249],[1.21944,41.09238],[1.21934,41.09247],[1.21913,41.09234],[1.21844,41.09188],[1.21749,41.09125]]],[[[1.21658,41.09511],[1.21635,41.09524],[1.2164,41.09527],[1.21658,41.09511]]],[[[1.22905,41.09595],[1.22906,41.09596],[1.22907,41.09596],[1.22905,41.09595]]],[[[1.22741,41.10093],[1.22752,41.10094],[1.22799,41.09956],[1.22273,41.09612],[1.22218,41.09677],[1.22037,41.09899],[1.22171,41.10136],[1.22156,41.1014],[1.22162,41.10152],[1.22182,41.10146],[1.22187,41.10157],[1.22192,41.10173],[1.22209,41.10205],[1.22215,41.10218],[1.22223,41.10233],[1.22232,41.10247],[1.22249,41.10276],[1.22277,41.10326],[1.22299,41.10364],[1.22311,41.10395],[1.22314,41.10402],[1.22323,41.10421],[1.22332,41.1044],[1.22339,41.10453],[1.22358,41.10475],[1.2237,41.10486],[1.22386,41.10499],[1.224,41.10509],[1.22415,41.10518],[1.22442,41.1053],[1.22464,41.10538],[1.22512,41.10551],[1.22523,41.10554],[1.22496,41.10483],[1.22643,41.10088],[1.22704,41.10091],[1.22707,41.10081],[1.22743,41.10085],[1.22741,41.10093]]],[[[2.16693,41.31288],[2.16621,41.30948],[2.15403,41.29745],[2.14666,41.29748],[2.14418,41.29863],[2.1437,41.29971],[2.14537,41.30164],[2.14486,41.30467],[2.15467,41.31452],[2.15393,41.31678],[2.15674,41.31986],[2.15638,41.32094],[2.15299,41.32297],[2.15377,41.32628],[2.15602,41.32839],[2.15531,41.3293],[2.15262,41.32994],[2.15308,41.33195],[2.15851,41.34023],[2.1615,41.33943],[2.16088,41.33631],[2.16168,41.33544],[2.16317,41.33564],[2.16546,41.33811],[2.1657,41.34132],[2.1638,41.34249],[2.15836,41.34346],[2.15772,41.34471],[2.16318,41.34781],[2.1674,41.34738],[2.17315,41.35591],[2.17271,41.35823],[2.1738,41.35872],[2.17631,41.35846],[2.17694,41.3568],[2.17165,41.3491],[2.16964,41.33799],[2.17039,41.3366],[2.16982,41.33428],[2.1705,41.33218],[2.16914,41.32602],[2.17185,41.31836],[2.17162,41.31719],[2.16619,41.31617],[2.16622,41.31608],[2.16634,41.31566],[2.16638,41.31551],[2.16643,41.31533],[2.16649,41.31518],[2.16657,41.31499],[2.16663,41.31473],[2.16669,41.3146],[2.16674,41.31446],[2.16681,41.31418],[2.16692,41.31386],[2.16703,41.3135],[2.16716,41.31314],[2.16722,41.31297],[2.16693,41.31288]],[[2.15883,41.32983],[2.15764,41.32949],[2.15693,41.32803],[2.15926,41.32752],[2.15991,41.32935],[2.15883,41.32983]]],[[[2.1553,41.34082],[2.14884,41.33129],[2.14705,41.33177],[2.1473,41.33354],[2.14543,41.33492],[2.14576,41.33611],[2.14968,41.33683],[2.15107,41.34271],[2.15512,41.3423],[2.1553,41.34082]]],[[[2.18493,41.36563],[2.18498,41.36567],[2.18504,41.36569],[2.18493,41.36554],[2.18493,41.36563]]],[[[2.18515,41.36812],[2.18514,41.36812],[2.18517,41.36829],[2.18525,41.36813],[2.18524,41.36809],[2.18514,41.3681],[2.18515,41.36812]]],[[[2.18462,41.3686],[2.18462,41.36862],[2.18473,41.36917],[2.18506,41.3685],[2.18475,41.36852],[2.18473,41.36852],[2.18472,41.36853],[2.18469,41.36853],[2.18467,41.36854],[2.18465,41.36856],[2.18463,41.36858],[2.18462,41.3686]]],[[[2.18198,41.37038],[2.18198,41.37038],[2.18099,41.37083],[2.18226,41.37059],[2.18211,41.37041],[2.1821,41.3704],[2.18208,41.37038],[2.18206,41.37037],[2.18203,41.37037],[2.182,41.37037],[2.18198,41.37038]]],[[[0.69228,40.63974],[0.69228,40.63974],[0.6923,40.63974],[0.69231,40.63975],[0.69231,40.63975],[0.69231,40.63976],[0.69232,40.63976],[0.69233,40.63977],[0.69234,40.63976],[0.69235,40.63976],[0.69236,40.63976],[0.69033,40.63699],[0.68655,40.63616],[0.68453,40.637],[0.68283,40.63677],[0.68112,40.63464],[0.67674,40.63323],[0.66975,40.62965],[0.66665,40.62945],[0.6627,40.62727],[0.65355,40.62722],[0.65078,40.62575],[0.64575,40.6249],[0.62537,40.62306],[0.60694,40.62382],[0.60587,40.62292],[0.60655,40.61867],[0.60536,40.61785],[0.6039,40.61845],[0.60286,40.62252],[0.60164,40.6228],[0.59951,40.62201],[0.59607,40.61819],[0.59252,40.61679],[0.5921,40.61487],[0.58954,40.61375],[0.58436,40.60756],[0.57977,40.60456],[0.57673,40.60069],[0.57156,40.59725],[0.56259,40.58912],[0.55943,40.58463],[0.55528,40.58224],[0.54398,40.57264],[0.53693,40.56778],[0.53266,40.5561],[0.52151,40.54305],[0.52103,40.53949],[0.5181,40.5355],[0.51455,40.52683],[0.51403,40.52283],[0.51484,40.52261],[0.51483,40.5226],[0.51482,40.5226],[0.51481,40.52259],[0.5148,40.52259],[0.51479,40.52258],[0.51478,40.52257],[0.51476,40.52257],[0.51475,40.52256],[0.51474,40.52256],[0.51473,40.52255],[0.51472,40.52254],[0.51472,40.52253],[0.51472,40.52253],[0.51471,40.52253],[0.5147,40.52252],[0.51469,40.52252],[0.51469,40.52251],[0.5147,40.5225],[0.04929,40.51155],[-0.03751,42.39718],[3.13076,42.43678],[3.13121,42.43153],[3.13294,42.42665],[3.13603,42.42152],[3.14349,42.41405],[3.14628,42.39967],[3.1487,42.3794],[3.15313,42.36477],[3.15387,42.35749],[3.15667,42.35099],[3.16207,42.34351],[3.17067,42.33505],[3.17891,42.33027],[3.20162,42.3229],[3.21294,42.32098],[3.21966,42.31611],[3.22881,42.31169],[3.23831,42.30895],[3.24634,42.30765],[3.26146,42.30698],[3.26233,42.30605],[3.26199,42.29886],[3.25271,42.289],[3.24774,42.27885],[3.23995,42.27468],[3.23076,42.27355],[3.22077,42.27052],[3.20069,42.26028],[3.19055,42.25705],[3.18357,42.25367],[3.18221,42.2541],[3.18189,42.25548],[3.1837,42.26135],[3.18405,42.26857],[3.18265,42.27476],[3.17989,42.28047],[3.17465,42.28688],[3.16884,42.29144],[3.16127,42.29545],[3.15378,42.29795],[3.14498,42.2995],[3.13537,42.29976],[3.12686,42.29872],[3.11914,42.29668],[3.11048,42.2928],[3.10419,42.28841],[3.09958,42.28367],[3.09519,42.27638],[3.09342,42.27009],[3.09342,42.26262],[3.09484,42.25709],[3.09723,42.25224],[3.10205,42.24616],[3.10646,42.24235],[3.11264,42.23857],[3.12206,42.23433],[3.11686,42.22639],[3.11476,42.22123],[3.10955,42.20338],[3.10989,42.19751],[3.10886,42.18543],[3.10955,42.17719],[3.11058,42.16768],[3.11227,42.16225],[3.11472,42.1468],[3.1189,42.13723],[3.12082,42.1351],[3.12316,42.12773],[3.12538,42.12637],[3.13426,42.12605],[3.1355,42.12509],[3.13769,42.12092],[3.13765,42.11908],[3.13633,42.11734],[3.13672,42.11546],[3.14027,42.11412],[3.1433,42.1144],[3.14692,42.11606],[3.14923,42.11637],[3.14987,42.11853],[3.15115,42.11906],[3.15996,42.11415],[3.16142,42.10555],[3.1642,42.09679],[3.17793,42.05958],[3.18366,42.04924],[3.18514,42.04199],[3.18884,42.03462],[3.18954,42.01986],[3.18578,41.99892],[3.18543,41.98479],[3.19538,41.95733],[3.19064,41.94909],[3.18812,41.93928],[3.18568,41.93357],[3.17018,41.9059],[3.16385,41.89928],[3.15976,41.89319],[3.15189,41.87615],[3.13318,41.87059],[3.125,41.86703],[3.10943,41.85703],[3.09548,41.85169],[3.08473,41.84575],[3.07878,41.84132],[3.07184,41.83433],[3.06706,41.82773],[3.06408,41.81998],[3.05853,41.81472],[3.03883,41.80615],[3.03131,41.80195],[2.99138,41.79077],[2.97851,41.78623],[2.96936,41.78152],[2.95265,41.76984],[2.9284,41.74917],[2.91932,41.73953],[2.91058,41.72621],[2.90709,41.72258],[2.90038,41.7197],[2.89579,41.71935],[2.88734,41.71751],[2.86967,41.71067],[2.86052,41.70594],[2.85231,41.70022],[2.84464,41.69788],[2.83763,41.69677],[2.82657,41.69393],[2.81718,41.69019],[2.80755,41.68936],[2.79726,41.6866],[2.78205,41.68371],[2.77136,41.67934],[2.76061,41.67312],[2.75158,41.66663],[2.74397,41.65788],[2.73947,41.64984],[2.73727,41.64326],[2.73438,41.63924],[2.72456,41.63439],[2.71894,41.63025],[2.71052,41.62878],[2.68442,41.61967],[2.66004,41.61248],[2.64941,41.61004],[2.64562,41.60786],[2.63084,41.60438],[2.62721,41.60227],[2.62349,41.60164],[2.61724,41.59866],[2.60785,41.59554],[2.60253,41.59446],[2.57695,41.58501],[2.57229,41.58412],[2.56371,41.58025],[2.55534,41.57998],[2.55398,41.57889],[2.54958,41.57793],[2.54006,41.57442],[2.53079,41.56992],[2.50898,41.56119],[2.49324,41.55317],[2.48276,41.55056],[2.479,41.55048],[2.4685,41.54766],[2.46006,41.54294],[2.45332,41.54014],[2.44587,41.5351],[2.44269,41.53196],[2.43434,41.52917],[2.43366,41.52755],[2.43133,41.52577],[2.42529,41.5237],[2.42205,41.52425],[2.42138,41.52137],[2.41566,41.51813],[2.40549,41.51025],[2.40285,41.50929],[2.39528,41.50418],[2.38589,41.49975],[2.3782,41.49779],[2.37594,41.49564],[2.35996,41.48992],[2.35239,41.48806],[2.34824,41.48775],[2.34556,41.48849],[2.33933,41.48503],[2.33693,41.48558],[2.33285,41.48477],[2.32906,41.48195],[2.3002,41.47563],[2.2924,41.47257],[2.28392,41.46811],[2.275,41.46542],[2.26424,41.45971],[2.26077,41.45754],[2.26,41.45605],[2.2503,41.44799],[2.24263,41.43971],[2.23969,41.43956],[2.2382,41.43839],[2.23697,41.43424],[2.22731,41.42151],[2.22882,41.41857],[2.22618,41.41676],[2.22237,41.41141],[2.21926,41.40981],[2.20482,41.39742],[2.20478,41.39513],[2.19982,41.39135],[2.19933,41.38949],[2.19588,41.38736],[2.19453,41.38482],[2.1904,41.38425],[2.19083,41.37949],[2.18901,41.37917],[2.18663,41.38199],[2.18341,41.38301],[2.18017,41.38122],[2.17507,41.37501],[2.1728,41.36706],[2.16683,41.36082],[2.16675,41.35908],[2.16781,41.35739],[2.16375,41.35095],[2.16058,41.34983],[2.15744,41.35031],[2.15466,41.34763],[2.15059,41.34821],[2.1476,41.34739],[2.14013,41.33495],[2.14202,41.33332],[2.14174,41.33095],[2.15044,41.3277],[2.15079,41.32604],[2.14797,41.32251],[2.13292,41.32323],[2.13186,41.3227],[2.13139,41.32106],[2.13194,41.31944],[2.14102,41.3172],[2.14519,41.31427],[2.14492,41.31309],[2.13818,41.30631],[2.13526,41.30691],[2.12736,41.31281],[2.12589,41.31293],[2.12452,41.31075],[2.12494,41.30846],[2.12323,41.30708],[2.12166,41.30265],[2.11843,41.29989],[2.06961,41.28285],[2.04799,41.27595],[2.04271,41.27326],[2.03365,41.27208],[2.03243,41.26962],[2.02886,41.26859],[1.98932,41.26597],[1.98105,41.26674],[1.97712,41.26571],[1.95856,41.26571],[1.95317,41.26599],[1.9511,41.267],[1.94783,41.26571],[1.94303,41.2662],[1.94108,41.265],[1.93123,41.2636],[1.91018,41.25649],[1.90364,41.25531],[1.90224,41.25463],[1.90152,41.25303],[1.89888,41.25245],[1.8961,41.25055],[1.88455,41.24838],[1.87928,41.24616],[1.86859,41.24369],[1.86535,41.24077],[1.86075,41.23993],[1.86001,41.23738],[1.85856,41.23658],[1.85143,41.23551],[1.8468,41.23627],[1.83881,41.23606],[1.82895,41.23757],[1.82656,41.23719],[1.82517,41.23567],[1.8233,41.23547],[1.82098,41.23704],[1.81394,41.23678],[1.81163,41.23549],[1.8066,41.23546],[1.79933,41.23315],[1.79032,41.22895],[1.78707,41.22614],[1.78526,41.22653],[1.78465,41.22913],[1.78308,41.22961],[1.77204,41.223],[1.76426,41.22086],[1.76115,41.22028],[1.75008,41.22025],[1.74136,41.21893],[1.73793,41.21771],[1.73484,41.2179],[1.71882,41.21359],[1.7159,41.21387],[1.70962,41.20986],[1.70577,41.20843],[1.69834,41.2089],[1.68833,41.20727],[1.68654,41.20536],[1.67762,41.20109],[1.6726,41.20315],[1.67067,41.19965],[1.6673,41.19935],[1.66522,41.20006],[1.66323,41.19891],[1.65979,41.19858],[1.65805,41.20023],[1.65632,41.20036],[1.65397,41.19971],[1.65247,41.1981],[1.64554,41.19749],[1.64076,41.19575],[1.63826,41.19624],[1.63104,41.19517],[1.629,41.19317],[1.57873,41.18899],[1.57656,41.18774],[1.53546,41.18279],[1.50855,41.1776],[1.48959,41.17241],[1.48409,41.16996],[1.47645,41.16855],[1.47458,41.16758],[1.47009,41.16752],[1.46021,41.1649],[1.45303,41.16097],[1.43553,41.15465],[1.40451,41.14115],[1.40189,41.1389],[1.40015,41.13524],[1.39299,41.13244],[1.39039,41.13339],[1.38743,41.13352],[1.38524,41.13494],[1.38075,41.13498],[1.36198,41.13108],[1.35556,41.12856],[1.35232,41.12822],[1.34662,41.12876],[1.34229,41.12698],[1.33655,41.12928],[1.33112,41.129],[1.32848,41.12998],[1.32563,41.12901],[1.32399,41.1301],[1.32148,41.13059],[1.3059,41.13007],[1.29778,41.12875],[1.29155,41.12641],[1.28845,41.12447],[1.28356,41.12328],[1.28145,41.12099],[1.27879,41.1212],[1.27473,41.11969],[1.27341,41.11855],[1.2734,41.11604],[1.27034,41.11438],[1.26667,41.11418],[1.26459,41.11503],[1.26209,41.11507],[1.25887,41.11423],[1.25149,41.11003],[1.24853,41.10934],[1.24844,41.10896],[1.24806,41.10903],[1.24671,41.10927],[1.24619,41.10936],[1.24588,41.10941],[1.24525,41.11009],[1.24309,41.1104],[1.23976,41.1092],[1.23808,41.10644],[1.24053,41.10558],[1.23944,41.10593],[1.2376,41.10654],[1.23746,41.10646],[1.23744,41.10647],[1.23747,41.10649],[1.23722,41.10657],[1.23718,41.10646],[1.23706,41.10627],[1.2364,41.10606],[1.23647,41.10584],[1.23702,41.1042],[1.23705,41.10413],[1.23708,41.10402],[1.23743,41.10408],[1.23753,41.10379],[1.23682,41.10352],[1.23603,41.104],[1.23238,41.10247],[1.23254,41.10187],[1.23037,41.10104],[1.23013,41.10095],[1.22997,41.10102],[1.22995,41.10108],[1.23046,41.10111],[1.23091,41.10211],[1.22905,41.10588],[1.22757,41.10613],[1.22842,41.10636],[1.22854,41.10642],[1.2286,41.10645],[1.22866,41.10646],[1.22878,41.10651],[1.22891,41.1066],[1.229,41.10663],[1.22928,41.10668],[1.22976,41.10683],[1.23013,41.10693],[1.23061,41.10706],[1.23094,41.10717],[1.23104,41.1072],[1.23118,41.10723],[1.23131,41.10725],[1.23143,41.10728],[1.23157,41.10729],[1.23171,41.1073],[1.23195,41.10731],[1.23251,41.10734],[1.23317,41.10738],[1.23355,41.10739],[1.23405,41.10742],[1.23427,41.10744],[1.23448,41.10744],[1.23473,41.10747],[1.23488,41.10748],[1.23508,41.10752],[1.23534,41.10758],[1.23558,41.10765],[1.23589,41.10774],[1.2362,41.10786],[1.23642,41.10796],[1.23661,41.10806],[1.23682,41.10818],[1.23697,41.10827],[1.23713,41.10839],[1.23731,41.10854],[1.23746,41.10867],[1.23756,41.10875],[1.23768,41.10887],[1.23772,41.10894],[1.23765,41.10897],[1.23762,41.10891],[1.23759,41.10892],[1.23772,41.10912],[1.23775,41.10911],[1.23771,41.10905],[1.23777,41.10903],[1.23787,41.10919],[1.23797,41.10936],[1.23807,41.10977],[1.23811,41.11],[1.23808,41.11018],[1.23799,41.11018],[1.23788,41.11019],[1.2378,41.11001],[1.23773,41.10996],[1.23768,41.10982],[1.23757,41.10947],[1.23737,41.10935],[1.23728,41.10941],[1.23732,41.10924],[1.23724,41.10915],[1.23694,41.10894],[1.23685,41.10888],[1.23669,41.10881],[1.23658,41.10877],[1.23656,41.10873],[1.23653,41.10871],[1.2365,41.1087],[1.23647,41.10869],[1.23644,41.10868],[1.23642,41.10867],[1.23639,41.10864],[1.23633,41.10861],[1.23625,41.10858],[1.23618,41.10855],[1.2361,41.10853],[1.23602,41.1085],[1.23591,41.10848],[1.23583,41.10845],[1.23577,41.10843],[1.23573,41.10844],[1.23571,41.10844],[1.23569,41.10847],[1.23562,41.10845],[1.23555,41.10844],[1.23546,41.10842],[1.23535,41.1084],[1.23528,41.10839],[1.23517,41.10838],[1.23508,41.10836],[1.23495,41.10836],[1.23484,41.10835],[1.23482,41.10832],[1.23481,41.1083],[1.23479,41.10829],[1.23477,41.10828],[1.23475,41.10827],[1.23471,41.10826],[1.23468,41.10826],[1.23466,41.10826],[1.23463,41.10826],[1.2346,41.10825],[1.23458,41.10824],[1.23456,41.10823],[1.23454,41.10821],[1.23451,41.10818],[1.23445,41.10815],[1.23432,41.1081],[1.23429,41.10809],[1.23424,41.10807],[1.23418,41.10806],[1.23413,41.10805],[1.23408,41.10805],[1.23403,41.10805],[1.23398,41.10805],[1.23394,41.10804],[1.2339,41.10803],[1.23385,41.10803],[1.23379,41.10803],[1.23375,41.10802],[1.2337,41.10802],[1.23365,41.10802],[1.23361,41.10802],[1.23358,41.108],[1.23354,41.108],[1.23348,41.108],[1.2334,41.108],[1.2333,41.108],[1.23325,41.108],[1.2332,41.108],[1.23311,41.10799],[1.23308,41.10799],[1.23302,41.10798],[1.23296,41.10799],[1.23293,41.10799],[1.2329,41.10799],[1.23285,41.10799],[1.2328,41.108],[1.23277,41.10801],[1.23274,41.10802],[1.23272,41.10803],[1.23271,41.10804],[1.23271,41.10804],[1.23275,41.10804],[1.23276,41.10805],[1.23274,41.10805],[1.23271,41.10807],[1.2327,41.10807],[1.23269,41.10807],[1.23266,41.10806],[1.23264,41.10806],[1.23263,41.10805],[1.2326,41.10806],[1.23256,41.10806],[1.23251,41.10808],[1.23249,41.10808],[1.23247,41.10809],[1.23244,41.10809],[1.23243,41.10808],[1.23242,41.10806],[1.23241,41.10804],[1.2324,41.10803],[1.23239,41.10802],[1.23236,41.10802],[1.23234,41.10801],[1.23229,41.10799],[1.23226,41.10798],[1.23219,41.10796],[1.23215,41.10796],[1.23212,41.10796],[1.2321,41.10796],[1.23202,41.10795],[1.23194,41.10794],[1.2319,41.10795],[1.23187,41.10796],[1.2318,41.10796],[1.23177,41.10796],[1.23176,41.10797],[1.23176,41.10798],[1.23176,41.10799],[1.23176,41.108],[1.23174,41.108],[1.23171,41.108],[1.23169,41.108],[1.23167,41.108],[1.23166,41.10799],[1.23165,41.10799],[1.23164,41.10797],[1.23162,41.10796],[1.23161,41.10796],[1.2316,41.10797],[1.23159,41.10798],[1.23155,41.10802],[1.23154,41.10802],[1.23152,41.108],[1.23149,41.10798],[1.23146,41.10797],[1.23144,41.10798],[1.23142,41.10799],[1.23139,41.10798],[1.23137,41.10797],[1.23135,41.10796],[1.23134,41.10794],[1.23128,41.10792],[1.23125,41.10791],[1.23122,41.1079],[1.23117,41.10788],[1.23116,41.10786],[1.23115,41.10786],[1.23113,41.10786],[1.2311,41.10786],[1.23108,41.10786],[1.23105,41.10785],[1.23101,41.10785],[1.23098,41.10784],[1.23094,41.10783],[1.23092,41.10783],[1.23089,41.10783],[1.23085,41.10782],[1.23081,41.10781],[1.23078,41.10782],[1.23074,41.10782],[1.2307,41.10781],[1.23065,41.1078],[1.23061,41.1078],[1.23059,41.1078],[1.23055,41.10781],[1.23049,41.10781],[1.23046,41.10781],[1.23043,41.10782],[1.23039,41.10782],[1.23033,41.10783],[1.2303,41.10784],[1.23026,41.10784],[1.23022,41.10784],[1.23018,41.10783],[1.23013,41.10781],[1.23007,41.10779],[1.22999,41.10779],[1.22987,41.10774],[1.22977,41.10771],[1.22943,41.10758],[1.22913,41.10747],[1.22874,41.10731],[1.22864,41.10728],[1.22862,41.10726],[1.22862,41.10724],[1.22859,41.10723],[1.22856,41.10722],[1.22851,41.10721],[1.22848,41.10719],[1.22844,41.10717],[1.22836,41.10717],[1.22759,41.10711],[1.22747,41.10714],[1.22741,41.10716],[1.22735,41.10718],[1.22728,41.10718],[1.22722,41.10717],[1.22718,41.10716],[1.22713,41.10715],[1.22707,41.10715],[1.227,41.10715],[1.22687,41.10709],[1.22681,41.10708],[1.22672,41.10702],[1.22664,41.10702],[1.22657,41.10701],[1.22648,41.107],[1.22629,41.107],[1.22624,41.10705],[1.226,41.10701],[1.22584,41.10698],[1.2256,41.10695],[1.22534,41.10691],[1.22516,41.10688],[1.22504,41.10685],[1.22495,41.10681],[1.22489,41.10678],[1.22483,41.10674],[1.22474,41.10668],[1.22465,41.10665],[1.2245,41.10662],[1.22439,41.10662],[1.22434,41.10663],[1.2243,41.10663],[1.22423,41.10667],[1.22414,41.10666],[1.22417,41.10661],[1.22417,41.10659],[1.22416,41.10655],[1.22412,41.10653],[1.22404,41.1065],[1.22393,41.10646],[1.22375,41.10641],[1.22356,41.10635],[1.22335,41.10628],[1.22311,41.10619],[1.2228,41.10605],[1.22252,41.10591],[1.22233,41.10579],[1.22223,41.10572],[1.22204,41.10558],[1.22189,41.10543],[1.22139,41.105],[1.22107,41.10471],[1.22065,41.10435],[1.22015,41.10389],[1.2194,41.10321],[1.21935,41.10319],[1.21942,41.10314],[1.21938,41.10312],[1.21932,41.10316],[1.2193,41.10315],[1.21917,41.10301],[1.21907,41.10292],[1.21892,41.10278],[1.21881,41.10269],[1.21879,41.10268],[1.21885,41.10264],[1.21882,41.10261],[1.21877,41.10263],[1.21871,41.10257],[1.21866,41.10253],[1.21862,41.10251],[1.21859,41.10248],[1.21859,41.10246],[1.2186,41.10244],[1.21863,41.10241],[1.21871,41.10236],[1.21896,41.1022],[1.21922,41.10243],[1.21932,41.10237],[1.21866,41.10179],[1.21856,41.10185],[1.21883,41.10208],[1.21877,41.10212],[1.21871,41.10216],[1.21853,41.10225],[1.21847,41.10227],[1.2184,41.10229],[1.21837,41.10229],[1.21831,41.10226],[1.21819,41.10217],[1.21812,41.10211],[1.21799,41.10197],[1.2178,41.10179],[1.21777,41.10177],[1.21777,41.10175],[1.21776,41.10174],[1.21773,41.10175],[1.21764,41.10166],[1.21752,41.10156],[1.21743,41.10148],[1.21747,41.10142],[1.21743,41.10141],[1.2174,41.10145],[1.21738,41.10144],[1.21737,41.10145],[1.21731,41.10143],[1.21727,41.1014],[1.21726,41.1014],[1.2173,41.10134],[1.21726,41.10132],[1.21722,41.10137],[1.21721,41.10136],[1.2172,41.10137],[1.21715,41.10134],[1.21713,41.10133],[1.21709,41.10131],[1.21707,41.1013],[1.21707,41.10127],[1.21709,41.10124],[1.21725,41.10107],[1.21733,41.10094],[1.2175,41.10102],[1.21756,41.10095],[1.21593,41.10019],[1.21587,41.10028],[1.21604,41.10035],[1.21603,41.10037],[1.21599,41.10041],[1.21596,41.10044],[1.21585,41.10058],[1.21577,41.10068],[1.21575,41.10069],[1.2157,41.10068],[1.21565,41.10064],[1.21556,41.10061],[1.2155,41.10058],[1.21547,41.10055],[1.2155,41.1005],[1.21547,41.10049],[1.21542,41.10053],[1.21537,41.10054],[1.21534,41.10057],[1.21531,41.1006],[1.21527,41.10063],[1.21524,41.10068],[1.21519,41.10072],[1.21515,41.10075],[1.21514,41.10076],[1.2151,41.10077],[1.21504,41.10077],[1.21499,41.10077],[1.21495,41.10077],[1.21487,41.10074],[1.21497,41.10061],[1.215,41.10062],[1.21504,41.10062],[1.21507,41.10061],[1.21509,41.10059],[1.2151,41.10057],[1.21511,41.10055],[1.21511,41.10052],[1.2151,41.1005],[1.21508,41.10048],[1.21507,41.10047],[1.21505,41.10046],[1.21497,41.10044],[1.21495,41.10044],[1.21493,41.10046],[1.21492,41.10049],[1.2149,41.10053],[1.2149,41.10055],[1.21495,41.10059],[1.21484,41.10072],[1.21479,41.1007],[1.21475,41.10066],[1.21472,41.10062],[1.21471,41.10058],[1.21471,41.10053],[1.21472,41.10049],[1.21476,41.10043],[1.21481,41.10036],[1.21485,41.10031],[1.21483,41.10026],[1.21482,41.10025],[1.21486,41.1002],[1.21481,41.10018],[1.21477,41.10024],[1.21473,41.10022],[1.21463,41.10017],[1.21444,41.10007],[1.21433,41.10002],[1.21429,41.09999],[1.21427,41.09996],[1.21423,41.09993],[1.2143,41.09985],[1.21424,41.09982],[1.21417,41.0999],[1.21408,41.09988],[1.21404,41.09987],[1.21398,41.09985],[1.21392,41.09983],[1.21386,41.0998],[1.21379,41.09976],[1.21369,41.09972],[1.2136,41.09968],[1.2135,41.09963],[1.21337,41.09957],[1.21326,41.09954],[1.21317,41.09953],[1.21312,41.09952],[1.21303,41.09948],[1.21304,41.09948],[1.21293,41.09943],[1.21301,41.09934],[1.2131,41.09938],[1.2132,41.09927],[1.2131,41.09922],[1.21469,41.09725],[1.21473,41.09724],[1.21474,41.09724],[1.21556,41.09778],[1.21551,41.09783],[1.21561,41.0979],[1.21577,41.09776],[1.2158,41.09776],[1.21584,41.09773],[1.21583,41.09771],[1.2158,41.09768],[1.21584,41.09765],[1.21583,41.09763],[1.21584,41.09762],[1.2158,41.0976],[1.21577,41.09763],[1.21576,41.09766],[1.21579,41.09767],[1.21576,41.09771],[1.21575,41.09773],[1.21577,41.09774],[1.21575,41.09776],[1.21566,41.09769],[1.21565,41.0977],[1.21564,41.09769],[1.21559,41.09774],[1.21475,41.09718],[1.21489,41.09701],[1.21498,41.09705],[1.21506,41.09694],[1.21497,41.0969],[1.216,41.09565],[1.21603,41.09565],[1.21613,41.09569],[1.21607,41.09577],[1.2161,41.09579],[1.21614,41.09574],[1.21623,41.09577],[1.21631,41.09566],[1.21618,41.0956],[1.21617,41.09562],[1.21607,41.09557],[1.21631,41.09526],[1.21568,41.09563],[1.21265,41.09394],[1.21275,41.09307],[1.21039,41.09512],[1.21029,41.0952],[1.20995,41.0955],[1.20902,41.09631],[1.2086,41.09668],[1.20785,41.09733],[1.20782,41.09736],[1.20756,41.09718],[1.20732,41.09738],[1.20481,41.09573],[1.20503,41.09554],[1.20476,41.09536],[1.20669,41.09368],[1.20642,41.0935],[1.20682,41.09315],[1.20595,41.09315],[1.20384,41.09191],[1.19959,41.09452],[1.19788,41.0944],[1.19577,41.09185],[1.19066,41.08816],[1.18275,41.07783],[1.17792,41.06915],[1.17796,41.06671],[1.17966,41.06456],[1.17918,41.06311],[1.1722,41.05899],[1.1717,41.0565],[1.1708,41.05585],[1.16951,41.056],[1.16777,41.05734],[1.16359,41.05681],[1.16329,41.05916],[1.16176,41.06122],[1.15956,41.06243],[1.15877,41.06444],[1.15667,41.06558],[1.1512,41.0668],[1.15013,41.06916],[1.14639,41.07004],[1.14559,41.07259],[1.14344,41.07368],[1.13181,41.07574],[1.12496,41.07574],[1.11818,41.07467],[1.11248,41.07268],[1.10345,41.07131],[1.0842,41.06463],[1.07783,41.06491],[1.0724,41.0672],[1.06096,41.06589],[1.05673,41.06439],[1.04953,41.06483],[1.04022,41.06146],[1.03781,41.05952],[1.03053,41.0575],[1.02197,41.05252],[1.01704,41.05243],[1.01493,41.05168],[1.00285,41.04399],[0.99513,41.04331],[0.99197,41.04362],[0.98563,41.04127],[0.97896,41.03753],[0.97019,41.03044],[0.96435,41.0281],[0.95122,41.01793],[0.94925,41.01495],[0.94525,41.01263],[0.93703,41.00431],[0.93197,40.99344],[0.93014,40.99165],[0.92394,40.98901],[0.91756,40.98916],[0.9097,40.98501],[0.90534,40.98094],[0.90358,40.97815],[0.89636,40.97498],[0.88457,40.96269],[0.87967,40.96002],[0.87871,40.95654],[0.87496,40.95284],[0.86756,40.94942],[0.86297,40.94846],[0.86113,40.94731],[0.85938,40.94523],[0.85728,40.94023],[0.85633,40.93571],[0.85255,40.93331],[0.85049,40.92975],[0.84509,40.92431],[0.84093,40.92267],[0.8395,40.92112],[0.83673,40.92004],[0.83543,40.91718],[0.83324,40.91618],[0.83305,40.91448],[0.83119,40.91254],[0.82567,40.90867],[0.82549,40.90492],[0.82333,40.90274],[0.8231,40.90106],[0.81927,40.89785],[0.81708,40.89469],[0.81526,40.89406],[0.80611,40.88759],[0.80392,40.88418],[0.80042,40.88301],[0.79968,40.88018],[0.79484,40.8766],[0.7937,40.87426],[0.79461,40.87204],[0.79311,40.87018],[0.7931,40.8702],[0.79308,40.87023],[0.79306,40.87025],[0.79303,40.87029],[0.79301,40.87033],[0.79299,40.87035],[0.79299,40.87038],[0.79295,40.87041],[0.79294,40.87042],[0.79293,40.87044],[0.79291,40.87048],[0.7929,40.87049],[0.79287,40.8705],[0.79284,40.87052],[0.79282,40.87053],[0.79281,40.87055],[0.79282,40.87056],[0.79279,40.87058],[0.79277,40.8706],[0.79276,40.87063],[0.79274,40.87065],[0.79273,40.87066],[0.7927,40.87069],[0.79267,40.87071],[0.79266,40.87073],[0.79263,40.87075],[0.79262,40.87076],[0.79261,40.87076],[0.79261,40.87077],[0.7926,40.87077],[0.7926,40.87078],[0.79259,40.87078],[0.79256,40.87078],[0.79255,40.87078],[0.79254,40.87079],[0.79254,40.87079],[0.79252,40.87079],[0.79251,40.87079],[0.7925,40.87079],[0.7925,40.87079],[0.79249,40.87079],[0.79247,40.87079],[0.79246,40.87079],[0.79246,40.8708],[0.79244,40.87081],[0.79241,40.87082],[0.79239,40.87082],[0.79237,40.87082],[0.79228,40.87085],[0.79224,40.87084],[0.79221,40.87086],[0.79217,40.87085],[0.79208,40.87089],[0.79202,40.8709],[0.79197,40.8709],[0.79183,40.87092],[0.79176,40.87095],[0.79172,40.87096],[0.79169,40.87097],[0.79164,40.87098],[0.79164,40.87101],[0.7916,40.87103],[0.79158,40.87105],[0.79156,40.87106],[0.79154,40.87106],[0.79146,40.87108],[0.79139,40.8711],[0.79129,40.87115],[0.79125,40.87116],[0.79122,40.87117],[0.7912,40.87117],[0.79118,40.87118],[0.79115,40.8712],[0.7911,40.87122],[0.79102,40.87125],[0.79096,40.87128],[0.79089,40.8713],[0.79087,40.87128],[0.79085,40.8713],[0.79083,40.8713],[0.79081,40.8713],[0.79079,40.87132],[0.79074,40.87135],[0.79065,40.87137],[0.79062,40.87137],[0.79062,40.87136],[0.79062,40.87135],[0.79062,40.87134],[0.79062,40.87133],[0.79062,40.87132],[0.79061,40.87132],[0.79062,40.8713],[0.79064,40.87128],[0.79065,40.87127],[0.79068,40.87125],[0.79068,40.87124],[0.7907,40.87122],[0.79075,40.8712],[0.79081,40.87118],[0.79089,40.87114],[0.79091,40.87113],[0.79093,40.87112],[0.79095,40.87111],[0.79097,40.87109],[0.79097,40.87106],[0.791,40.87104],[0.79106,40.87101],[0.79109,40.87097],[0.79112,40.87096],[0.79116,40.87095],[0.79119,40.87094],[0.79122,40.87094],[0.79129,40.87092],[0.79137,40.87088],[0.79144,40.87085],[0.79149,40.87082],[0.79152,40.8708],[0.79153,40.87077],[0.79154,40.87076],[0.79154,40.87074],[0.79157,40.87072],[0.79159,40.8707],[0.79166,40.87065],[0.79172,40.87062],[0.79179,40.87058],[0.79182,40.87056],[0.79187,40.87052],[0.7921,40.87033],[0.79214,40.87028],[0.79219,40.87023],[0.79225,40.87017],[0.79228,40.87013],[0.79234,40.87007],[0.79243,40.86998],[0.79251,40.86991],[0.7926,40.86983],[0.79266,40.86976],[0.79272,40.8697],[0.79062,40.86712],[0.78739,40.86637],[0.78547,40.86446],[0.78134,40.86286],[0.7776,40.86044],[0.76917,40.85874],[0.76261,40.85126],[0.76189,40.84855],[0.7571,40.8486],[0.75071,40.84673],[0.74984,40.84515],[0.74745,40.84349],[0.74756,40.84126],[0.744,40.83931],[0.74016,40.82981],[0.74081,40.82659],[0.73971,40.82509],[0.73385,40.82454],[0.73196,40.82258],[0.73033,40.8189],[0.72441,40.81789],[0.72115,40.81656],[0.71868,40.81446],[0.71331,40.81267],[0.71067,40.81269],[0.706,40.81054],[0.70397,40.80798],[0.70224,40.8067],[0.70223,40.80671],[0.7022,40.80672],[0.70213,40.80673],[0.70205,40.80674],[0.702,40.80674],[0.70196,40.80676],[0.70189,40.80678],[0.70173,40.80681],[0.7017,40.80681],[0.70169,40.80681],[0.70164,40.80683],[0.70151,40.80685],[0.70143,40.80688],[0.70135,40.80689],[0.70125,40.80691],[0.70116,40.80692],[0.70108,40.80693],[0.70101,40.80694],[0.70099,40.80691],[0.70099,40.80689],[0.70098,40.80687],[0.70098,40.80685],[0.70096,40.80684],[0.70099,40.80682],[0.70107,40.8068],[0.70112,40.80679],[0.70121,40.80676],[0.7013,40.80673],[0.7014,40.8067],[0.70152,40.80667],[0.70168,40.80665],[0.70195,40.80659],[0.70203,40.80657],[0.70206,40.80657],[0.69899,40.80431],[0.69894,40.79998],[0.70001,40.79721],[0.7031,40.79196],[0.70813,40.7857],[0.71772,40.77882],[0.72217,40.77648],[0.72898,40.76907],[0.73709,40.76602],[0.7475,40.76411],[0.75092,40.76288],[0.76252,40.76129],[0.767,40.76259],[0.76998,40.76192],[0.77831,40.76624],[0.77832,40.76623],[0.77832,40.76623],[0.77833,40.76622],[0.77833,40.76622],[0.77833,40.76621],[0.77834,40.7662],[0.77835,40.76619],[0.77836,40.76619],[0.77837,40.76618],[0.77838,40.76619],[0.77838,40.76619],[0.77838,40.7662],[0.77838,40.76621],[0.77837,40.76621],[0.77837,40.76622],[0.77836,40.76623],[0.77835,40.76624],[0.77835,40.76624],[0.77834,40.76625],[0.77834,40.76625],[0.77834,40.76625],[0.77958,40.76689],[0.78294,40.7671],[0.78438,40.76871],[0.78676,40.76903],[0.78969,40.76755],[0.79404,40.7626],[0.79681,40.7615],[0.80036,40.75706],[0.82299,40.73577],[0.82941,40.73194],[0.83422,40.73013],[0.84081,40.7293],[0.85021,40.73036],[0.85958,40.7324],[0.8623,40.73192],[0.86623,40.72651],[0.87182,40.72512],[0.87285,40.71832],[0.87021,40.71018],[0.86141,40.69137],[0.84051,40.67763],[0.83536,40.67595],[0.79244,40.65732],[0.78111,40.65329],[0.76044,40.64401],[0.75315,40.64172],[0.74692,40.63764],[0.73362,40.64129],[0.73086,40.6395],[0.72644,40.64008],[0.72644,40.64009],[0.72644,40.64009],[0.72643,40.6401],[0.72643,40.6401],[0.72642,40.64011],[0.72642,40.64012],[0.72642,40.64011],[0.72605,40.64014],[0.72605,40.64016],[0.72605,40.64015],[0.72604,40.64014],[0.72604,40.64014],[0.72604,40.64014],[0.72605,40.64013],[0.7251,40.64025],[0.72115,40.6394],[0.71346,40.63947],[0.70845,40.63768],[0.704,40.63895],[0.69979,40.63893],[0.69816,40.63799],[0.69605,40.63787],[0.69367,40.63939],[0.69366,40.6394],[0.69365,40.6394],[0.69365,40.63941],[0.69364,40.63942],[0.69364,40.63943],[0.69363,40.63944],[0.69363,40.63944],[0.69362,40.63944],[0.69362,40.63945],[0.69362,40.63946],[0.69362,40.63946],[0.69361,40.63946],[0.69361,40.63945],[0.69359,40.63945],[0.69358,40.63945],[0.69358,40.63945],[0.6929,40.63988],[0.6929,40.63989],[0.6929,40.6399],[0.69291,40.6399],[0.69291,40.63991],[0.69291,40.63992],[0.69292,40.63993],[0.69293,40.63994],[0.69293,40.63995],[0.69294,40.63996],[0.69294,40.63996],[0.69295,40.63997],[0.69296,40.63998],[0.69297,40.63999],[0.69298,40.64],[0.69298,40.64],[0.69299,40.64002],[0.693,40.64002],[0.693,40.64003],[0.69301,40.64004],[0.69302,40.64006],[0.69302,40.64006],[0.69303,40.64007],[0.69303,40.64007],[0.69303,40.64008],[0.69303,40.64008],[0.69299,40.64002],[0.69291,40.64006],[0.69293,40.64009],[0.69292,40.64008],[0.69289,40.64005],[0.69288,40.64004],[0.69288,40.64004],[0.69287,40.64002],[0.69287,40.64001],[0.69286,40.64001],[0.69285,40.64],[0.69285,40.63999],[0.69284,40.63998],[0.69284,40.63998],[0.69284,40.63997],[0.69283,40.63996],[0.69283,40.63995],[0.69282,40.63994],[0.69282,40.63993],[0.69259,40.64008],[0.69237,40.63977],[0.69237,40.63978],[0.69237,40.63979],[0.69237,40.6398],[0.69238,40.63981],[0.69238,40.63982],[0.69239,40.63982],[0.69239,40.63983],[0.6924,40.63984],[0.6924,40.63984],[0.6924,40.63985],[0.69239,40.63986],[0.69239,40.63987],[0.69239,40.63988],[0.69239,40.63988],[0.69238,40.63988],[0.69237,40.63987],[0.69237,40.63988],[0.69237,40.63989],[0.69236,40.63989],[0.69236,40.6399],[0.69235,40.6399],[0.69234,40.63991],[0.69231,40.63991],[0.6923,40.63991],[0.69229,40.6399],[0.69229,40.6399],[0.69229,40.63989],[0.69229,40.63989],[0.69229,40.63988],[0.69229,40.63987],[0.69229,40.63987],[0.6923,40.63986],[0.69231,40.63986],[0.69232,40.63985],[0.69232,40.63985],[0.69232,40.63984],[0.69232,40.63983],[0.69232,40.63982],[0.69232,40.63982],[0.69231,40.63981],[0.6923,40.6398],[0.69229,40.6398],[0.69229,40.6398],[0.69228,40.63979],[0.69228,40.63979],[0.69227,40.63977],[0.69228,40.63976],[0.69228,40.63975],[0.69228,40.63975],[0.69228,40.63974]],[[0.69328,40.63965],[0.69329,40.63964],[0.69329,40.63964],[0.6933,40.63965],[0.69332,40.63965],[0.69332,40.63965],[0.69333,40.63966],[0.69334,40.63966],[0.69334,40.63967],[0.69335,40.63967],[0.69335,40.63968],[0.69335,40.63969],[0.69335,40.63969],[0.69334,40.6397],[0.69334,40.6397],[0.69333,40.63971],[0.69333,40.63971],[0.69332,40.63972],[0.69332,40.63972],[0.69332,40.63973],[0.69333,40.63974],[0.69334,40.63974],[0.69335,40.63974],[0.69335,40.63974],[0.69335,40.63975],[0.69335,40.63976],[0.69335,40.63977],[0.69335,40.63977],[0.69334,40.63978],[0.69334,40.63979],[0.69333,40.6398],[0.69333,40.6398],[0.69332,40.63981],[0.69332,40.63981],[0.69332,40.63982],[0.69331,40.63982],[0.69331,40.63983],[0.6933,40.63983],[0.6933,40.63984],[0.69329,40.63984],[0.69328,40.63984],[0.69328,40.63983],[0.69328,40.63982],[0.69327,40.63982],[0.69327,40.63982],[0.69327,40.63981],[0.69328,40.63981],[0.69329,40.6398],[0.6933,40.6398],[0.6933,40.6398],[0.69331,40.63979],[0.69331,40.63979],[0.69332,40.63978],[0.69331,40.63977],[0.6933,40.63976],[0.6933,40.63976],[0.69329,40.63976],[0.69328,40.63976],[0.69326,40.63976],[0.69325,40.63976],[0.69325,40.63976],[0.69323,40.63977],[0.69323,40.63977],[0.69323,40.63977],[0.69322,40.63976],[0.69322,40.63975],[0.69321,40.63974],[0.69322,40.63973],[0.69322,40.63972],[0.69323,40.63972],[0.69324,40.63972],[0.69325,40.63972],[0.69326,40.63972],[0.69327,40.63971],[0.69327,40.63971],[0.69328,40.63971],[0.69328,40.6397],[0.69329,40.63969],[0.69329,40.63969],[0.69329,40.63968],[0.69329,40.63967],[0.69329,40.63967],[0.69328,40.63966],[0.69328,40.63965],[0.69328,40.63965]]],[[[-1.5,44.2],[5.2,44.2],[5.2,38.8],[-1.5,38.8],[-1.5,44.2]],[[3.13296,42.4527],[3.13153,42.44718],[3.13118,42.44474],[-0.0377,42.40514],[-0.03876,42.40509],[-0.03982,42.40496],[-0.04085,42.40475],[-0.04185,42.40447],[-0.04281,42.40412],[-0.04371,42.40369],[-0.04455,42.40321],[-0.04533,42.40266],[-0.04603,42.40206],[-0.04664,42.40142],[-0.04716,42.40073],[-0.04759,42.4],[-0.04792,42.39925],[-0.04815,42.39848],[-0.04827,42.3977],[-0.04829,42.39691],[0.03851,40.51127],[0.0386,40.51047],[0.03879,40.50968],[0.03908,40.50891],[0.03947,40.50816],[0.03995,40.50745],[0.04053,40.50677],[0.04118,40.50614],[0.04192,40.50557],[0.04272,40.50505],[0.04359,40.50459],[0.04451,40.5042],[0.04548,40.50388],[0.04648,40.50364],[0.04752,40.50346],[0.04856,40.50337],[0.04962,40.50336],[0.51503,40.51431],[0.5161,40.51438],[0.51659,40.51445],[0.51564,40.51299],[0.51869,40.50986],[0.64881,40.41138],[0.65365,40.41124],[0.65901,40.40703],[0.66222,40.40616],[0.85721,40.52866],[0.90278,40.57369],[0.9127,40.58258],[0.92134,40.59669],[0.93353,40.62327],[0.96359,40.68144],[0.97051,40.7121],[0.96797,40.71366],[0.9654,40.7129],[0.96358,40.71295],[0.96268,40.71363],[0.96331,40.73174],[0.96256,40.73294],[0.94113,40.7562],[0.926,40.76226],[0.924,40.76387],[0.92234,40.76705],[0.9179,40.76965],[0.91495,40.77341],[0.90483,40.78249],[0.90131,40.787],[0.90083,40.78902],[0.89725,40.79212],[0.89637,40.795],[0.89317,40.79763],[0.89335,40.80148],[0.88139,40.81117],[0.88086,40.81296],[0.88192,40.81525],[0.87385,40.82381],[0.87427,40.82472],[0.87628,40.82563],[0.87713,40.82771],[0.87421,40.83065],[0.87404,40.8324],[0.86685,40.84002],[0.86375,40.85375],[0.86467,40.85554],[0.87061,40.86103],[0.86999,40.86231],[0.86783,40.86342],[0.86771,40.86499],[0.86581,40.86725],[0.8731,40.88725],[0.8742,40.88805],[0.87742,40.88812],[0.87792,40.89109],[0.8797,40.89259],[0.87784,40.89532],[0.87796,40.89824],[0.88382,40.90686],[0.88802,40.91135],[0.88992,40.91305],[0.89283,40.9141],[0.89425,40.91563],[0.89532,40.92047],[0.89498,40.92786],[0.89617,40.92946],[0.89604,40.933],[0.89935,40.93911],[0.9118,40.94672],[0.91425,40.94922],[0.91407,40.95129],[0.91742,40.9538],[0.9347,40.96241],[0.93828,40.96341],[0.94819,40.96803],[0.95987,40.97494],[0.96492,40.98028],[0.9666,40.98096],[0.96994,40.98468],[0.97526,40.98826],[0.97887,40.99219],[0.98645,40.99575],[0.9921,40.99597],[1.01088,41.00449],[1.02238,41.00633],[1.02348,41.00574],[1.02404,41.00343],[1.02806,41.00377],[1.03582,41.00537],[1.05536,41.01283],[1.05742,41.01243],[1.05907,41.01108],[1.06273,41.01107],[1.06512,41.01198],[1.06793,41.01203],[1.07565,41.0156],[1.08138,41.01643],[1.09574,41.018],[1.11139,41.01727],[1.11315,41.01896],[1.11708,41.01927],[1.12003,41.02311],[1.13059,41.02348],[1.13194,41.02547],[1.13438,41.02646],[1.1431,41.02711],[1.14775,41.03036],[1.15604,41.03207],[1.15851,41.0335],[1.1684,41.03492],[1.17092,41.03755],[1.20846,41.05288],[1.22981,41.06092],[1.23738,41.06262],[1.25537,41.06823],[1.26716,41.07575],[1.27724,41.08465],[1.28136,41.08721],[1.29429,41.093],[1.30881,41.09819],[1.31509,41.09776],[1.33362,41.1021],[1.39267,41.11374],[1.40484,41.11486],[1.43525,41.12176],[1.46355,41.12702],[1.54078,41.14531],[1.61987,41.15076],[1.67049,41.15231],[1.67298,41.15203],[1.67345,41.15016],[1.67461,41.1495],[1.68285,41.15076],[1.68611,41.14973],[1.69386,41.15103],[1.69879,41.14947],[1.70516,41.15037],[1.70741,41.14994],[1.70852,41.14769],[1.70959,41.14716],[1.71845,41.14843],[1.72121,41.14716],[1.72373,41.14739],[1.72561,41.14641],[1.72874,41.14693],[1.73064,41.14631],[1.73805,41.1481],[1.74105,41.14639],[1.74729,41.14766],[1.75094,41.14624],[1.75831,41.14784],[1.76208,41.14663],[1.76616,41.14713],[1.76838,41.14559],[1.77606,41.14739],[1.77893,41.1465],[1.78845,41.1492],[1.7927,41.14676],[1.79967,41.14873],[1.80178,41.14806],[1.80481,41.14893],[1.8072,41.14844],[1.81021,41.14902],[1.81418,41.14792],[1.81887,41.14927],[1.82135,41.14876],[1.82905,41.15106],[1.83125,41.15061],[1.83453,41.15146],[1.83673,41.15082],[1.8559,41.15464],[1.85813,41.15379],[1.86251,41.15442],[1.86461,41.15361],[1.86766,41.15399],[1.87035,41.15231],[1.88383,41.15476],[1.88594,41.15278],[1.88876,41.15235],[1.88963,41.15102],[1.88888,41.14955],[1.88937,41.14866],[1.89505,41.14818],[1.92492,41.1585],[1.92773,41.15743],[1.92974,41.15445],[1.93415,41.15518],[1.9366,41.1536],[1.95392,41.15884],[1.95692,41.16017],[1.95789,41.1617],[1.96607,41.16545],[1.96701,41.16849],[1.96964,41.17118],[1.96741,41.17611],[1.97072,41.17728],[1.97113,41.17908],[1.97331,41.18184],[1.97732,41.18475],[1.97854,41.18967],[1.98997,41.19005],[1.99209,41.19076],[1.99163,41.19489],[1.99297,41.1979],[1.99156,41.19942],[1.98835,41.20014],[1.98784,41.20227],[1.98843,41.20359],[1.98999,41.20425],[1.99937,41.20449],[1.99984,41.20564],[1.99821,41.20704],[1.99845,41.20905],[2.00589,41.21224],[2.00695,41.21442],[2.01045,41.21488],[2.01058,41.21802],[2.0138,41.21874],[2.01486,41.22065],[2.01739,41.22136],[2.01963,41.22407],[2.02275,41.22466],[2.02988,41.22897],[2.04117,41.23039],[2.04239,41.23184],[2.04256,41.23412],[2.04596,41.23484],[2.04739,41.2362],[2.05468,41.23688],[2.05681,41.23876],[2.07091,41.24276],[2.07196,41.24433],[2.07398,41.24521],[2.10093,41.25276],[2.10198,41.25572],[2.11248,41.25883],[2.11344,41.26127],[2.12187,41.26502],[2.12393,41.26707],[2.14578,41.27633],[2.16247,41.28756],[2.17187,41.29281],[2.18029,41.30424],[2.1852,41.30781],[2.18979,41.322],[2.19172,41.32333],[2.19459,41.33238],[2.20023,41.34397],[2.22795,41.37412],[2.22917,41.37502],[2.2323,41.37556],[2.23379,41.37746],[2.23745,41.37943],[2.24134,41.38365],[2.24721,41.38756],[2.26043,41.39869],[2.28242,41.41496],[2.28668,41.41552],[2.28969,41.41421],[2.29373,41.41635],[2.29821,41.41607],[2.30136,41.41693],[2.3048,41.41918],[2.30878,41.41833],[2.31316,41.42226],[2.31852,41.42401],[2.32101,41.4274],[2.3271,41.42926],[2.32879,41.43136],[2.35659,41.44088],[2.35919,41.44442],[2.38879,41.45389],[2.40103,41.45861],[2.40325,41.46117],[2.41606,41.46471],[2.43609,41.47232],[2.43955,41.47107],[2.45214,41.47582],[2.45562,41.47428],[2.46876,41.47897],[2.4717,41.47742],[2.47707,41.47929],[2.48232,41.47834],[2.48472,41.47903],[2.48734,41.47725],[2.49495,41.47987],[2.49812,41.47885],[2.50251,41.4798],[2.50636,41.47855],[2.51353,41.48072],[2.51627,41.47917],[2.52444,41.48194],[2.52762,41.48052],[2.53666,41.48361],[2.53982,41.48155],[2.54524,41.48355],[2.5487,41.48278],[2.55377,41.48508],[2.55701,41.48395],[2.56316,41.48673],[2.56642,41.48523],[2.57152,41.48707],[2.58697,41.49551],[2.58888,41.49701],[2.5896,41.49898],[2.58883,41.50151],[2.59627,41.50556],[2.59406,41.51047],[2.59683,41.51245],[2.59577,41.51459],[2.5976,41.51628],[2.59706,41.51866],[2.6022,41.5212],[2.60192,41.52444],[2.60838,41.52773],[2.60746,41.53097],[2.61404,41.53453],[2.61412,41.53722],[2.62323,41.54195],[2.62432,41.54552],[2.63101,41.54907],[2.63159,41.5515],[2.6302,41.55484],[2.631,41.55895],[2.64183,41.56468],[2.64238,41.56778],[2.64707,41.57061],[2.64841,41.57701],[2.64999,41.57833],[2.65049,41.57985],[2.65766,41.58374],[2.66057,41.58784],[2.67067,41.59155],[2.67204,41.59535],[2.71232,41.61091],[2.71998,41.61443],[2.72186,41.61379],[2.72263,41.60662],[2.72745,41.59474],[2.73324,41.58598],[2.73153,41.57831],[2.73153,41.57359],[2.73224,41.56938],[2.73569,41.56032],[2.73907,41.55472],[2.74265,41.5507],[2.74859,41.546],[2.75488,41.5426],[2.76283,41.53976],[2.77081,41.53821],[2.7833,41.53793],[2.78769,41.53846],[2.79709,41.54029],[2.80401,41.54239],[2.81117,41.54568],[2.82205,41.55219],[2.82641,41.55359],[2.82731,41.55273],[2.82733,41.54687],[2.82941,41.53752],[2.83391,41.52822],[2.84037,41.52097],[2.84645,41.5167],[2.85182,41.51401],[2.87574,41.50687],[2.89132,41.50402],[2.90107,41.50341],[2.9095,41.49936],[2.91742,41.49707],[2.92373,41.49603],[2.93345,41.49575],[2.94132,41.4935],[2.95532,41.4914],[2.97065,41.49136],[2.98217,41.48398],[2.99138,41.48014],[3.00257,41.47727],[3.02021,41.47571],[3.03888,41.47545],[3.05595,41.478],[3.06511,41.47855],[3.07665,41.48143],[3.08604,41.48595],[3.10174,41.48882],[3.12245,41.48961],[3.13845,41.493],[3.14719,41.49627],[3.15291,41.49921],[3.15873,41.5033],[3.16572,41.50983],[3.18359,41.51904],[3.19545,41.52372],[3.20563,41.52588],[3.22857,41.53278],[3.24527,41.5406],[3.25664,41.54858],[3.27133,41.54873],[3.28121,41.55031],[3.28677,41.55187],[3.29632,41.55596],[3.30437,41.56143],[3.32553,41.56776],[3.33557,41.57272],[3.34914,41.58469],[3.3601,41.59928],[3.36768,41.61679],[3.36948,41.62579],[3.37294,41.63615],[3.37753,41.64356],[3.38239,41.64677],[3.38863,41.65271],[3.39504,41.66331],[3.41197,41.68272],[3.41979,41.69283],[3.4246,41.69649],[3.42914,41.70118],[3.44255,41.72013],[3.44719,41.73043],[3.45084,41.73458],[3.45998,41.74804],[3.46692,41.75989],[3.46902,41.76646],[3.46937,41.77388],[3.46866,41.77818],[3.46624,41.7844],[3.46142,41.79109],[3.45632,41.79569],[3.45115,41.79908],[3.44307,41.80732],[3.43686,41.81121],[3.43181,41.81702],[3.42552,41.8217],[3.41741,41.82565],[3.40306,41.83035],[3.39612,41.83409],[3.38829,41.83687],[3.37776,41.83868],[3.36381,41.8385],[3.354,41.84764],[3.34587,41.85291],[3.33991,41.85588],[3.33148,41.86457],[3.33268,41.86544],[3.34304,41.86839],[3.34851,41.87095],[3.35778,41.87731],[3.36589,41.88438],[3.37264,41.8886],[3.38085,41.89091],[3.38627,41.89319],[3.40825,41.90568],[3.41651,41.91343],[3.42107,41.92126],[3.42509,41.92569],[3.42909,41.93237],[3.44611,41.94356],[3.45255,41.95063],[3.45962,41.95592],[3.46482,41.96208],[3.469,41.97218],[3.47211,41.99066],[3.47214,41.99559],[3.47966,42.02791],[3.4797,42.03462],[3.48344,42.04525],[3.48379,42.05213],[3.48281,42.05816],[3.48462,42.06267],[3.48923,42.06697],[3.49332,42.07279],[3.49647,42.08007],[3.4987,42.08841],[3.50435,42.09524],[3.50865,42.10446],[3.51293,42.10925],[3.52321,42.12481],[3.53252,42.15037],[3.54009,42.1805],[3.54012,42.19558],[3.5429,42.20559],[3.54828,42.21718],[3.55005,42.22374],[3.55006,42.23465],[3.55383,42.25576],[3.55453,42.26947],[3.55724,42.27599],[3.55864,42.28229],[3.55793,42.2928],[3.55482,42.30023],[3.55075,42.30678],[3.54717,42.31075],[3.54147,42.31525],[3.53154,42.3203],[3.52196,42.32356],[3.50309,42.32826],[3.48901,42.33258],[3.47854,42.33735],[3.45983,42.34197],[3.45891,42.3428],[3.45955,42.3438],[3.46788,42.34672],[3.47977,42.35266],[3.48674,42.35782],[3.49165,42.3632],[3.4954,42.37007],[3.49727,42.37636],[3.50126,42.38254],[3.50402,42.39046],[3.50474,42.39472],[3.50408,42.40362],[3.50877,42.40933],[3.5126,42.41759],[3.51366,42.42843],[3.5126,42.4336],[3.5098,42.43983],[3.50468,42.44662],[3.49571,42.45406],[3.48777,42.46266],[3.48114,42.4678],[3.47268,42.47222],[3.46385,42.47521],[3.45433,42.47676],[3.42858,42.47652],[3.42257,42.47576],[3.41175,42.47727],[3.3948,42.47778],[3.38917,42.47726],[3.37948,42.47511],[3.37021,42.47626],[3.36047,42.476],[3.35368,42.47495],[3.34416,42.47224],[3.33438,42.47572],[3.32372,42.47753],[3.31377,42.47752],[3.30377,42.47594],[3.28458,42.47677],[3.25729,42.47601],[3.23872,42.47652],[3.21849,42.47525],[3.20973,42.47601],[3.20012,42.476],[3.19463,42.47537],[3.18446,42.47727],[3.1752,42.47753],[3.16943,42.477],[3.1611,42.47522],[3.14938,42.4704],[3.14161,42.46494],[3.13534,42.45754],[3.13296,42.4527]]]]}},{"type":"Feature","properties":{"kind":"edge"},"geometry":{"type":"LineString","coordinates":[[0.51455,40.52683],[0.51403,40.52283],[0.51772,40.52182],[0.51899,40.51951],[0.51893,40.518],[0.51564,40.51299],[0.51869,40.50986],[0.64881,40.41138],[0.65365,40.41124],[0.65901,40.40703],[0.66222,40.40616],[0.85721,40.52866],[0.90278,40.57369],[0.9127,40.58258],[0.92134,40.59669],[0.93353,40.62327],[0.96359,40.68144],[0.97051,40.7121],[0.96797,40.71366],[0.9654,40.7129],[0.96358,40.71295],[0.96268,40.71363],[0.96331,40.73174],[0.96256,40.73294],[0.94113,40.7562],[0.926,40.76226],[0.924,40.76387],[0.92234,40.76705],[0.9179,40.76965],[0.91495,40.77341],[0.90483,40.78249],[0.90131,40.787],[0.90083,40.78902],[0.89725,40.79212],[0.89637,40.795],[0.89317,40.79763],[0.89335,40.80148],[0.88139,40.81117],[0.88086,40.81296],[0.88192,40.81525],[0.87385,40.82381],[0.87427,40.82472],[0.87628,40.82563],[0.87713,40.82771],[0.87421,40.83065],[0.87404,40.8324],[0.86685,40.84002],[0.86375,40.85375],[0.86467,40.85554],[0.87061,40.86103],[0.86999,40.86231],[0.86783,40.86342],[0.86771,40.86499],[0.86581,40.86725],[0.8731,40.88725],[0.8742,40.88805],[0.87742,40.88812],[0.87792,40.89109],[0.8797,40.89259],[0.87784,40.89532],[0.87796,40.89824],[0.88382,40.90686],[0.88802,40.91135],[0.88992,40.91305],[0.89283,40.9141],[0.89425,40.91563],[0.89532,40.92047],[0.89498,40.92786],[0.89617,40.92946],[0.89604,40.933],[0.89935,40.93911],[0.9118,40.94672],[0.91425,40.94922],[0.91407,40.95129],[0.91742,40.9538],[0.9347,40.96241],[0.93828,40.96341],[0.94819,40.96803],[0.95987,40.97494],[0.96492,40.98028],[0.9666,40.98096],[0.96994,40.98468],[0.97526,40.98826],[0.97887,40.99219],[0.98645,40.99575],[0.9921,40.99597],[1.01088,41.00449],[1.02238,41.00633],[1.02348,41.00574],[1.02404,41.00343],[1.02806,41.00377],[1.03582,41.00537],[1.05536,41.01283],[1.05742,41.01243],[1.05907,41.01108],[1.06273,41.01107],[1.06512,41.01198],[1.06793,41.01203],[1.07565,41.0156],[1.08138,41.01643],[1.09574,41.018],[1.11139,41.01727],[1.11315,41.01896],[1.11708,41.01927],[1.12003,41.02311],[1.13059,41.02348],[1.13194,41.02547],[1.13438,41.02646],[1.1431,41.02711],[1.14775,41.03036],[1.15604,41.03207],[1.15851,41.0335],[1.1684,41.03492],[1.17092,41.03755],[1.20846,41.05288],[1.22981,41.06092],[1.23738,41.06262],[1.25537,41.06823],[1.26716,41.07575],[1.27724,41.08465],[1.28136,41.08721],[1.29429,41.093],[1.30881,41.09819],[1.31509,41.09776],[1.33362,41.1021],[1.39267,41.11374],[1.40484,41.11486],[1.43525,41.12176],[1.46355,41.12702],[1.54078,41.14531],[1.61987,41.15076],[1.67049,41.15231],[1.67298,41.15203],[1.67345,41.15016],[1.67461,41.1495],[1.68285,41.15076],[1.68611,41.14973],[1.69386,41.15103],[1.69879,41.14947],[1.70516,41.15037],[1.70741,41.14994],[1.70852,41.14769],[1.70959,41.14716],[1.71845,41.14843],[1.72121,41.14716],[1.72373,41.14739],[1.72561,41.14641],[1.72874,41.14693],[1.73064,41.14631],[1.73805,41.1481],[1.74105,41.14639],[1.74729,41.14766],[1.75094,41.14624],[1.75831,41.14784],[1.76208,41.14663],[1.76616,41.14713],[1.76838,41.14559],[1.77606,41.14739],[1.77893,41.1465],[1.78845,41.1492],[1.7927,41.14676],[1.79967,41.14873],[1.80178,41.14806],[1.80481,41.14893],[1.8072,41.14844],[1.81021,41.14902],[1.81418,41.14792],[1.81887,41.14927],[1.82135,41.14876],[1.82905,41.15106],[1.83125,41.15061],[1.83453,41.15146],[1.83673,41.15082],[1.8559,41.15464],[1.85813,41.15379],[1.86251,41.15442],[1.86461,41.15361],[1.86766,41.15399],[1.87035,41.15231],[1.88383,41.15476],[1.88594,41.15278],[1.88876,41.15235],[1.88963,41.15102],[1.88888,41.14955],[1.88937,41.14866],[1.89505,41.14818],[1.92492,41.1585],[1.92773,41.15743],[1.92974,41.15445],[1.93415,41.15518],[1.9366,41.1536],[1.95392,41.15884],[1.95692,41.16017],[1.95789,41.1617],[1.96607,41.16545],[1.96701,41.16849],[1.96964,41.17118],[1.96741,41.17611],[1.97072,41.17728],[1.97113,41.17908],[1.97331,41.18184],[1.97732,41.18475],[1.97854,41.18967],[1.98997,41.19005],[1.99209,41.19076],[1.99163,41.19489],[1.99297,41.1979],[1.99156,41.19942],[1.98835,41.20014],[1.98784,41.20227],[1.98843,41.20359],[1.98999,41.20425],[1.99937,41.20449],[1.99984,41.20564],[1.99821,41.20704],[1.99845,41.20905],[2.00589,41.21224],[2.00695,41.21442],[2.01045,41.21488],[2.01058,41.21802],[2.0138,41.21874],[2.01486,41.22065],[2.01739,41.22136],[2.01963,41.22407],[2.02275,41.22466],[2.02988,41.22897],[2.04117,41.23039],[2.04239,41.23184],[2.04256,41.23412],[2.04596,41.23484],[2.04739,41.2362],[2.05468,41.23688],[2.05681,41.23876],[2.07091,41.24276],[2.07196,41.24433],[2.07398,41.24521],[2.10093,41.25276],[2.10198,41.25572],[2.11248,41.25883],[2.11344,41.26127],[2.12187,41.26502],[2.12393,41.26707],[2.14578,41.27633],[2.16247,41.28756],[2.17187,41.29281],[2.18029,41.30424],[2.1852,41.30781],[2.18979,41.322],[2.19172,41.32333],[2.19459,41.33238],[2.20023,41.34397],[2.22795,41.37412],[2.22917,41.37502],[2.2323,41.37556],[2.23379,41.37746],[2.23745,41.37943],[2.24134,41.38365],[2.24721,41.38756],[2.26043,41.39869],[2.28242,41.41496],[2.28668,41.41552],[2.28969,41.41421],[2.29373,41.41635],[2.29821,41.41607],[2.30136,41.41693],[2.3048,41.41918],[2.30878,41.41833],[2.31316,41.42226],[2.31852,41.42401],[2.32101,41.4274],[2.3271,41.42926],[2.32879,41.43136],[2.35659,41.44088],[2.35919,41.44442],[2.38879,41.45389],[2.40103,41.45861],[2.40325,41.46117],[2.41606,41.46471],[2.43609,41.47232],[2.43955,41.47107],[2.45214,41.47582],[2.45562,41.47428],[2.46876,41.47897],[2.4717,41.47742],[2.47707,41.47929],[2.48232,41.47834],[2.48472,41.47903],[2.48734,41.47725],[2.49495,41.47987],[2.49812,41.47885],[2.50251,41.4798],[2.50636,41.47855],[2.51353,41.48072],[2.51627,41.47917],[2.52444,41.48194],[2.52762,41.48052],[2.53666,41.48361],[2.53982,41.48155],[2.54524,41.48355],[2.5487,41.48278],[2.55377,41.48508],[2.55701,41.48395],[2.56316,41.48673],[2.56642,41.48523],[2.57152,41.48707],[2.58697,41.49551],[2.58888,41.49701],[2.5896,41.49898],[2.58883,41.50151],[2.59627,41.50556],[2.59406,41.51047],[2.59683,41.51245],[2.59577,41.51459],[2.5976,41.51628],[2.59706,41.51866],[2.6022,41.5212],[2.60192,41.52444],[2.60838,41.52773],[2.60746,41.53097],[2.61404,41.53453],[2.61412,41.53722],[2.62323,41.54195],[2.62432,41.54552],[2.63101,41.54907],[2.63159,41.5515],[2.6302,41.55484],[2.631,41.55895],[2.64183,41.56468],[2.64238,41.56778],[2.64707,41.57061],[2.64841,41.57701],[2.64999,41.57833],[2.65049,41.57985],[2.65766,41.58374],[2.66057,41.58784],[2.67067,41.59155],[2.67204,41.59535],[2.71232,41.61091],[2.71998,41.61443],[2.72186,41.61379],[2.72263,41.60662],[2.72745,41.59474],[2.73324,41.58598],[2.73153,41.57831],[2.73153,41.57359],[2.73224,41.56938],[2.73569,41.56032],[2.73907,41.55472],[2.74265,41.5507],[2.74859,41.546],[2.75488,41.5426],[2.76283,41.53976],[2.77081,41.53821],[2.7833,41.53793],[2.78769,41.53846],[2.79709,41.54029],[2.80401,41.54239],[2.81117,41.54568],[2.82205,41.55219],[2.82641,41.55359],[2.82731,41.55273],[2.82733,41.54687],[2.82941,41.53752],[2.83391,41.52822],[2.84037,41.52097],[2.84645,41.5167],[2.85182,41.51401],[2.87574,41.50687],[2.89132,41.50402],[2.90107,41.50341],[2.9095,41.49936],[2.91742,41.49707],[2.92373,41.49603],[2.93345,41.49575],[2.94132,41.4935],[2.95532,41.4914],[2.97065,41.49136],[2.98217,41.48398],[2.99138,41.48014],[3.00257,41.47727],[3.02021,41.47571],[3.03888,41.47545],[3.05595,41.478],[3.06511,41.47855],[3.07665,41.48143],[3.08604,41.48595],[3.10174,41.48882],[3.12245,41.48961],[3.13845,41.493],[3.14719,41.49627],[3.15291,41.49921],[3.15873,41.5033],[3.16572,41.50983],[3.18359,41.51904],[3.19545,41.52372],[3.20563,41.52588],[3.22857,41.53278],[3.24527,41.5406],[3.25664,41.54858],[3.27133,41.54873],[3.28121,41.55031],[3.28677,41.55187],[3.29632,41.55596],[3.30437,41.56143],[3.32553,41.56776],[3.33557,41.57272],[3.34914,41.58469],[3.3601,41.59928],[3.36768,41.61679],[3.36948,41.62579],[3.37294,41.63615],[3.37753,41.64356],[3.38239,41.64677],[3.38863,41.65271],[3.39504,41.66331],[3.41197,41.68272],[3.41979,41.69283],[3.4246,41.69649],[3.42914,41.70118],[3.44255,41.72013],[3.44719,41.73043],[3.45084,41.73458],[3.45998,41.74804],[3.46692,41.75989],[3.46902,41.76646],[3.46937,41.77388],[3.46866,41.77818],[3.46624,41.7844],[3.46142,41.79109],[3.45632,41.79569],[3.45115,41.79908],[3.44307,41.80732],[3.43686,41.81121],[3.43181,41.81702],[3.42552,41.8217],[3.41741,41.82565],[3.40306,41.83035],[3.39612,41.83409],[3.38829,41.83687],[3.37776,41.83868],[3.36381,41.8385],[3.354,41.84764],[3.34587,41.85291],[3.33991,41.85588],[3.33148,41.86457],[3.33268,41.86544],[3.34304,41.86839],[3.34851,41.87095],[3.35778,41.87731],[3.36589,41.88438],[3.37264,41.8886],[3.38085,41.89091],[3.38627,41.89319],[3.40825,41.90568],[3.41651,41.91343],[3.42107,41.92126],[3.42509,41.92569],[3.42909,41.93237],[3.44611,41.94356],[3.45255,41.95063],[3.45962,41.95592],[3.46482,41.96208],[3.469,41.97218],[3.47211,41.99066],[3.47214,41.99559],[3.47966,42.02791],[3.4797,42.03462],[3.48344,42.04525],[3.48379,42.05213],[3.48281,42.05816],[3.48462,42.06267],[3.48923,42.06697],[3.49332,42.07279],[3.49647,42.08007],[3.4987,42.08841],[3.50435,42.09524],[3.50865,42.10446],[3.51293,42.10925],[3.52321,42.12481],[3.53252,42.15037],[3.54009,42.1805],[3.54012,42.19558],[3.5429,42.20559],[3.54828,42.21718],[3.55005,42.22374],[3.55006,42.23465],[3.55383,42.25576],[3.55453,42.26947],[3.55724,42.27599],[3.55864,42.28229],[3.55793,42.2928],[3.55482,42.30023],[3.55075,42.30678],[3.54717,42.31075],[3.54147,42.31525],[3.53154,42.3203],[3.52196,42.32356],[3.50309,42.32826],[3.48901,42.33258],[3.47854,42.33735],[3.45983,42.34197],[3.45891,42.3428],[3.45955,42.3438],[3.46788,42.34672],[3.47977,42.35266],[3.48674,42.35782],[3.49165,42.3632],[3.4954,42.37007],[3.49727,42.37636],[3.50126,42.38254],[3.50402,42.39046],[3.50474,42.39472],[3.50408,42.40362],[3.50877,42.40933],[3.5126,42.41759],[3.51366,42.42843],[3.5126,42.4336],[3.5098,42.43983],[3.50468,42.44662],[3.49571,42.45406],[3.48777,42.46266],[3.48114,42.4678],[3.47268,42.47222],[3.46385,42.47521],[3.45433,42.47676],[3.42858,42.47652],[3.42257,42.47576],[3.41175,42.47727],[3.3948,42.47778],[3.38917,42.47726],[3.37948,42.47511],[3.37021,42.47626],[3.36047,42.476],[3.35368,42.47495],[3.34416,42.47224],[3.33438,42.47572],[3.32372,42.47753],[3.31377,42.47752],[3.30377,42.47594],[3.28458,42.47677],[3.25729,42.47601],[3.23872,42.47652],[3.21849,42.47525],[3.20973,42.47601],[3.20012,42.476],[3.19463,42.47537],[3.18446,42.47727],[3.1752,42.47753],[3.16943,42.477],[3.1611,42.47522],[3.14938,42.4704],[3.14161,42.46494],[3.13534,42.45754],[3.13296,42.4527],[3.13153,42.44718],[3.13049,42.43999],[3.13121,42.43153],[3.13294,42.42665],[3.13603,42.42152],[3.14349,42.41405],[3.14628,42.39967],[3.1487,42.3794],[3.15313,42.36477],[3.15387,42.35749],[3.15667,42.35099],[3.16207,42.34351],[3.17067,42.33505],[3.17891,42.33027],[3.20162,42.3229],[3.21294,42.32098],[3.21966,42.31611],[3.22881,42.31169],[3.23831,42.30895],[3.24634,42.30765],[3.26146,42.30698],[3.26233,42.30605],[3.26199,42.29886],[3.25271,42.289],[3.24774,42.27885],[3.23995,42.27468],[3.23076,42.27355],[3.22077,42.27052],[3.20069,42.26028],[3.19055,42.25705],[3.18357,42.25367],[3.18221,42.2541],[3.18189,42.25548],[3.1837,42.26135],[3.18405,42.26857],[3.18265,42.27476],[3.17989,42.28047],[3.17465,42.28688],[3.16884,42.29144],[3.16127,42.29545],[3.15378,42.29795],[3.14498,42.2995],[3.13537,42.29976],[3.12686,42.29872],[3.11914,42.29668],[3.11048,42.2928],[3.10419,42.28841],[3.09958,42.28367],[3.09519,42.27638],[3.09342,42.27009],[3.09342,42.26262],[3.09484,42.25709],[3.09723,42.25224],[3.10205,42.24616],[3.10646,42.24235],[3.11264,42.23857],[3.12206,42.23433],[3.11686,42.22639],[3.11476,42.22123],[3.10955,42.20338],[3.10989,42.19751],[3.10886,42.18543],[3.10955,42.17719],[3.11058,42.16768],[3.11227,42.16225],[3.11472,42.1468],[3.1189,42.13723],[3.12082,42.1351],[3.12316,42.12773],[3.12538,42.12637],[3.13426,42.12605],[3.1355,42.12509],[3.13769,42.12092],[3.13765,42.11908],[3.13633,42.11734],[3.13672,42.11546],[3.14027,42.11412],[3.1433,42.1144],[3.14692,42.11606],[3.14923,42.11637],[3.14987,42.11853],[3.15115,42.11906],[3.15996,42.11415],[3.16142,42.10555],[3.1642,42.09679],[3.17793,42.05958],[3.18366,42.04924],[3.18514,42.04199],[3.18884,42.03462],[3.18954,42.01986],[3.18578,41.99892],[3.18543,41.98479],[3.19538,41.95733],[3.19064,41.94909],[3.18812,41.93928],[3.18568,41.93357],[3.17018,41.9059],[3.16385,41.89928],[3.15976,41.89319],[3.15189,41.87615],[3.13318,41.87059],[3.125,41.86703],[3.10943,41.85703],[3.09548,41.85169],[3.08473,41.84575],[3.07878,41.84132],[3.07184,41.83433],[3.06706,41.82773],[3.06408,41.81998],[3.05853,41.81472],[3.03883,41.80615],[3.03131,41.80195],[2.99138,41.79077],[2.97851,41.78623],[2.96936,41.78152],[2.95265,41.76984],[2.9284,41.74917],[2.91932,41.73953],[2.91058,41.72621],[2.90709,41.72258],[2.90038,41.7197],[2.89579,41.71935],[2.88734,41.71751],[2.86967,41.71067],[2.86052,41.70594],[2.85231,41.70022],[2.84464,41.69788],[2.83763,41.69677],[2.82657,41.69393],[2.81718,41.69019],[2.80755,41.68936],[2.79726,41.6866],[2.78205,41.68371],[2.77136,41.67934],[2.76061,41.67312],[2.75158,41.66663],[2.74397,41.65788],[2.73947,41.64984],[2.73727,41.64326],[2.73438,41.63924],[2.72456,41.63439],[2.71894,41.63025],[2.71052,41.62878],[2.68442,41.61967],[2.66004,41.61248],[2.64941,41.61004],[2.64562,41.60786],[2.63084,41.60438],[2.62721,41.60227],[2.62349,41.60164],[2.61724,41.59866],[2.60785,41.59554],[2.60253,41.59446],[2.57695,41.58501],[2.57229,41.58412],[2.56371,41.58025],[2.55534,41.57998],[2.55398,41.57889],[2.54958,41.57793],[2.54006,41.57442],[2.53079,41.56992],[2.50898,41.56119],[2.49324,41.55317],[2.48276,41.55056],[2.479,41.55048],[2.4685,41.54766],[2.46006,41.54294],[2.45332,41.54014],[2.44587,41.5351],[2.44269,41.53196],[2.43434,41.52917],[2.43366,41.52755],[2.43133,41.52577],[2.42529,41.5237],[2.42205,41.52425],[2.42138,41.52137],[2.41566,41.51813],[2.40549,41.51025],[2.40285,41.50929],[2.39528,41.50418],[2.38589,41.49975],[2.3782,41.49779],[2.37594,41.49564],[2.35996,41.48992],[2.35239,41.48806],[2.34824,41.48775],[2.34556,41.48849],[2.33933,41.48503],[2.33693,41.48558],[2.33285,41.48477],[2.32906,41.48195],[2.3002,41.47563],[2.2924,41.47257],[2.28392,41.46811],[2.275,41.46542],[2.26424,41.45971],[2.26077,41.45754],[2.26,41.45605],[2.2503,41.44799],[2.24263,41.43971],[2.23969,41.43956],[2.2382,41.43839],[2.23697,41.43424],[2.22731,41.42151],[2.22882,41.41857],[2.22618,41.41676],[2.22237,41.41141],[2.21926,41.40981],[2.20482,41.39742],[2.20478,41.39513],[2.19982,41.39135],[2.19933,41.38949],[2.19588,41.38736],[2.19453,41.38482],[2.1904,41.38425],[2.19083,41.37949],[2.18901,41.37917],[2.18663,41.38199],[2.18341,41.38301],[2.18017,41.38122],[2.17507,41.37501],[2.1728,41.36706],[2.16683,41.36082],[2.16675,41.35908],[2.16781,41.35739],[2.16375,41.35095],[2.16058,41.34983],[2.15744,41.35031],[2.15466,41.34763],[2.15059,41.34821],[2.1476,41.34739],[2.14013,41.33495],[2.14202,41.33332],[2.14174,41.33095],[2.15044,41.3277],[2.15079,41.32604],[2.14797,41.32251],[2.13292,41.32323],[2.13186,41.3227],[2.13139,41.32106],[2.13194,41.31944],[2.14102,41.3172],[2.14519,41.31427],[2.14492,41.31309],[2.13818,41.30631],[2.13526,41.30691],[2.12736,41.31281],[2.12589,41.31293],[2.12452,41.31075],[2.12494,41.30846],[2.12323,41.30708],[2.12166,41.30265],[2.11843,41.29989],[2.06961,41.28285],[2.04799,41.27595],[2.04271,41.27326],[2.03365,41.27208],[2.03243,41.26962],[2.02886,41.26859],[1.98932,41.26597],[1.98105,41.26674],[1.97712,41.26571],[1.95856,41.26571],[1.95317,41.26599],[1.9511,41.267],[1.94783,41.26571],[1.94303,41.2662],[1.94108,41.265],[1.93123,41.2636],[1.91018,41.25649],[1.90364,41.25531],[1.90224,41.25463],[1.90152,41.25303],[1.89888,41.25245],[1.8961,41.25055],[1.88455,41.24838],[1.87928,41.24616],[1.86859,41.24369],[1.86535,41.24077],[1.86075,41.23993],[1.86001,41.23738],[1.85856,41.23658],[1.85143,41.23551],[1.8468,41.23627],[1.83881,41.23606],[1.82895,41.23757],[1.82656,41.23719],[1.82517,41.23567],[1.8233,41.23547],[1.82098,41.23704],[1.81394,41.23678],[1.81163,41.23549],[1.8066,41.23546],[1.79933,41.23315],[1.79032,41.22895],[1.78707,41.22614],[1.78526,41.22653],[1.78465,41.22913],[1.78308,41.22961],[1.77204,41.223],[1.76426,41.22086],[1.76115,41.22028],[1.75008,41.22025],[1.74136,41.21893],[1.73793,41.21771],[1.73484,41.2179],[1.71882,41.21359],[1.7159,41.21387],[1.70962,41.20986],[1.70577,41.20843],[1.69834,41.2089],[1.68833,41.20727],[1.68654,41.20536],[1.67762,41.20109],[1.6726,41.20315],[1.67067,41.19965],[1.6673,41.19935],[1.66522,41.20006],[1.66323,41.19891],[1.65979,41.19858],[1.65805,41.20023],[1.65632,41.20036],[1.65397,41.19971],[1.65247,41.1981],[1.64554,41.19749],[1.64076,41.19575],[1.63826,41.19624],[1.63104,41.19517],[1.629,41.19317],[1.57873,41.18899],[1.57656,41.18774],[1.53546,41.18279],[1.50855,41.1776],[1.48959,41.17241],[1.48409,41.16996],[1.47645,41.16855],[1.47458,41.16758],[1.47009,41.16752],[1.46021,41.1649],[1.45303,41.16097],[1.43553,41.15465],[1.40451,41.14115],[1.40189,41.1389],[1.40015,41.13524],[1.39299,41.13244],[1.39039,41.13339],[1.38743,41.13352],[1.38524,41.13494],[1.38075,41.13498],[1.36198,41.13108],[1.35556,41.12856],[1.35232,41.12822],[1.34662,41.12876],[1.34229,41.12698],[1.33655,41.12928],[1.33112,41.129],[1.32848,41.12998],[1.32563,41.12901],[1.32399,41.1301],[1.32148,41.13059],[1.3059,41.13007],[1.29778,41.12875],[1.29155,41.12641],[1.28845,41.12447],[1.28356,41.12328],[1.28145,41.12099],[1.27879,41.1212],[1.27473,41.11969],[1.27341,41.11855],[1.2734,41.11604],[1.27034,41.11438],[1.26667,41.11418],[1.26459,41.11503],[1.26209,41.11507],[1.25887,41.11423],[1.25149,41.11003],[1.24853,41.10934],[1.24806,41.10747],[1.24715,41.10689],[1.2456,41.10744],[1.24603,41.10925],[1.24525,41.11009],[1.24309,41.1104],[1.23976,41.1092],[1.23808,41.10644],[1.24211,41.10502],[1.24242,41.1037],[1.2389,41.10223],[1.23603,41.104],[1.23238,41.10247],[1.23312,41.09964],[1.23088,41.09656],[1.22853,41.09578],[1.22414,41.09072],[1.22484,41.0888],[1.22439,41.08727],[1.22274,41.08624],[1.22068,41.08693],[1.21949,41.08665],[1.21757,41.08428],[1.21767,41.08247],[1.21436,41.08001],[1.21011,41.08091],[1.20225,41.07889],[1.19765,41.08155],[1.1983,41.08484],[1.20128,41.08692],[1.20224,41.08884],[1.20353,41.0889],[1.2089,41.08688],[1.21183,41.08692],[1.21278,41.08783],[1.20722,41.09315],[1.20595,41.09315],[1.20384,41.09191],[1.19959,41.09452],[1.19788,41.0944],[1.19577,41.09185],[1.19066,41.08816],[1.18275,41.07783],[1.17792,41.06915],[1.17796,41.06671],[1.17966,41.06456],[1.17918,41.06311],[1.1722,41.05899],[1.1717,41.0565],[1.1708,41.05585],[1.16951,41.056],[1.16777,41.05734],[1.16359,41.05681],[1.16329,41.05916],[1.16176,41.06122],[1.15956,41.06243],[1.15877,41.06444],[1.15667,41.06558],[1.1512,41.0668],[1.15013,41.06916],[1.14639,41.07004],[1.14559,41.07259],[1.14344,41.07368],[1.13181,41.07574],[1.12496,41.07574],[1.11818,41.07467],[1.11248,41.07268],[1.10345,41.07131],[1.0842,41.06463],[1.07783,41.06491],[1.0724,41.0672],[1.06096,41.06589],[1.05673,41.06439],[1.04953,41.06483],[1.04022,41.06146],[1.03781,41.05952],[1.03053,41.0575],[1.02197,41.05252],[1.01704,41.05243],[1.01493,41.05168],[1.00285,41.04399],[0.99513,41.04331],[0.99197,41.04362],[0.98563,41.04127],[0.97896,41.03753],[0.97019,41.03044],[0.96435,41.0281],[0.95122,41.01793],[0.94925,41.01495],[0.94525,41.01263],[0.93703,41.00431],[0.93197,40.99344],[0.93014,40.99165],[0.92394,40.98901],[0.91756,40.98916],[0.9097,40.98501],[0.90534,40.98094],[0.90358,40.97815],[0.89636,40.97498],[0.88457,40.96269],[0.87967,40.96002],[0.87871,40.95654],[0.87496,40.95284],[0.86756,40.94942],[0.86297,40.94846],[0.86113,40.94731],[0.85938,40.94523],[0.85728,40.94023],[0.85633,40.93571],[0.85255,40.93331],[0.85049,40.92975],[0.84509,40.92431],[0.84093,40.92267],[0.8395,40.92112],[0.83673,40.92004],[0.83543,40.91718],[0.83324,40.91618],[0.83305,40.91448],[0.83119,40.91254],[0.82567,40.90867],[0.82549,40.90492],[0.82333,40.90274],[0.8231,40.90106],[0.81927,40.89785],[0.81708,40.89469],[0.81526,40.89406],[0.80611,40.88759],[0.80392,40.88418],[0.80042,40.88301],[0.79968,40.88018],[0.79484,40.8766],[0.7937,40.87426],[0.79461,40.87204],[0.79062,40.86712],[0.78739,40.86637],[0.78547,40.86446],[0.78134,40.86286],[0.7776,40.86044],[0.76917,40.85874],[0.76261,40.85126],[0.76189,40.84855],[0.7571,40.8486],[0.75071,40.84673],[0.74984,40.84515],[0.74745,40.84349],[0.74756,40.84126],[0.744,40.83931],[0.74016,40.82981],[0.74081,40.82659],[0.73971,40.82509],[0.73385,40.82454],[0.73196,40.82258],[0.73033,40.8189],[0.72441,40.81789],[0.72115,40.81656],[0.71868,40.81446],[0.71331,40.81267],[0.71067,40.81269],[0.706,40.81054],[0.70397,40.80798],[0.69899,40.80431],[0.69894,40.79998],[0.70001,40.79721],[0.7031,40.79196],[0.70813,40.7857],[0.71772,40.77882],[0.72217,40.77648],[0.72898,40.76907],[0.73709,40.76602],[0.7475,40.76411],[0.75092,40.76288],[0.76252,40.76129],[0.767,40.76259],[0.76998,40.76192],[0.77958,40.76689],[0.78294,40.7671],[0.78438,40.76871],[0.78676,40.76903],[0.78969,40.76755],[0.79404,40.7626],[0.79681,40.7615],[0.80036,40.75706],[0.82299,40.73577],[0.82941,40.73194],[0.83422,40.73013],[0.84081,40.7293],[0.85021,40.73036],[0.85958,40.7324],[0.8623,40.73192],[0.86623,40.72651],[0.87182,40.72512],[0.87285,40.71832],[0.87021,40.71018],[0.86141,40.69137],[0.84051,40.67763],[0.83536,40.67595],[0.79244,40.65732],[0.78111,40.65329],[0.76044,40.64401],[0.75315,40.64172],[0.74692,40.63764],[0.73362,40.64129],[0.73086,40.6395],[0.7251,40.64025],[0.72115,40.6394],[0.71346,40.63947],[0.70845,40.63768],[0.704,40.63895],[0.69979,40.63893],[0.69816,40.63799],[0.69605,40.63787],[0.69259,40.64008],[0.69033,40.63699],[0.68655,40.63616],[0.68453,40.637],[0.68283,40.63677],[0.68112,40.63464],[0.67674,40.63323],[0.66975,40.62965],[0.66665,40.62945],[0.6627,40.62727],[0.65355,40.62722],[0.65078,40.62575],[0.64575,40.6249],[0.62537,40.62306],[0.60694,40.62382],[0.60587,40.62292],[0.60655,40.61867],[0.60536,40.61785],[0.6039,40.61845],[0.60286,40.62252],[0.60164,40.6228],[0.59951,40.62201],[0.59607,40.61819],[0.59252,40.61679],[0.5921,40.61487],[0.58954,40.61375],[0.58436,40.60756],[0.57977,40.60456],[0.57673,40.60069],[0.57156,40.59725],[0.56259,40.58912],[0.55943,40.58463],[0.55528,40.58224],[0.54398,40.57264],[0.53693,40.56778],[0.53266,40.5561],[0.52151,40.54305],[0.52103,40.53949],[0.5181,40.5355],[0.51455,40.52683]]}},{"type":"Feature","properties":{"kind":"edge"},"geometry":{"type":"LineString","coordinates":[[2.1437,41.29971],[2.14537,41.30164],[2.14486,41.30467],[2.15467,41.31452],[2.15393,41.31678],[2.15674,41.31986],[2.15638,41.32094],[2.15299,41.32297],[2.15377,41.32628],[2.15602,41.32839],[2.15531,41.3293],[2.15262,41.32994],[2.15308,41.33195],[2.15851,41.34023],[2.1615,41.33943],[2.16088,41.33631],[2.16168,41.33544],[2.16317,41.33564],[2.16546,41.33811],[2.1657,41.34132],[2.1638,41.34249],[2.15836,41.34346],[2.15772,41.34471],[2.16318,41.34781],[2.1674,41.34738],[2.17315,41.35591],[2.17271,41.35823],[2.1738,41.35872],[2.17631,41.35846],[2.17694,41.3568],[2.17165,41.3491],[2.16964,41.33799],[2.17039,41.3366],[2.16982,41.33428],[2.1705,41.33218],[2.16914,41.32602],[2.17185,41.31836],[2.17144,41.31632],[2.16946,41.31368],[2.16693,41.31288],[2.16621,41.30948],[2.15403,41.29745],[2.14666,41.29748],[2.14418,41.29863],[2.1437,41.29971]]}},{"type":"Feature","properties":{"kind":"edge"},"geometry":{"type":"LineString","coordinates":[[2.17466,41.36303],[2.17691,41.36459],[2.17991,41.36316],[2.18089,41.36183],[2.1826,41.36194],[2.18378,41.3648],[2.17746,41.36717],[2.17671,41.36839],[2.17804,41.37139],[2.1842,41.37023],[2.18586,41.36691],[2.18445,41.36482],[2.1864,41.36259],[2.18504,41.35881],[2.18214,41.35892],[2.18053,41.36078],[2.17745,41.36031],[2.17464,41.36175],[2.17466,41.36303]]}},{"type":"Feature","properties":{"kind":"edge"},"geometry":{"type":"LineString","coordinates":[[2.14576,41.33611],[2.14968,41.33683],[2.15107,41.34271],[2.15512,41.3423],[2.1553,41.34082],[2.14884,41.33129],[2.14705,41.33177],[2.1473,41.33354],[2.14543,41.33492],[2.14576,41.33611]]}},{"type":"Feature","properties":{"kind":"edge"},"geometry":{"type":"LineString","coordinates":[[1.22643,41.10088],[1.23046,41.10111],[1.23091,41.10211],[1.22905,41.10588],[1.2268,41.10626],[1.22531,41.10575],[1.22496,41.10483],[1.22643,41.10088]]}},{"type":"Feature","properties":{"kind":"edge"},"geometry":{"type":"LineString","coordinates":[[1.2128,41.09268],[1.21615,41.09027],[1.21948,41.09271],[1.21875,41.09385],[1.21568,41.09563],[1.21265,41.09394],[1.2128,41.09268]]}}]}