{"type": "FeatureCollection", "features": [{"type": "Feature", "geometry": {"type": "Point", "coordinates": [1.4179, 41.1232]}, "properties": {"code": "302022301", "depth": 41}}, {"type": "Feature", "geometry": {"type": "Point", "coordinates": [1.4186, 41.1234]}, "properties": {"code": "302022301", "depth": 41}}, {"type": "Feature", "geometry": {"type": "Point", "coordinates": [1.4194, 41.1235]}, "properties": {"code": "302022301", "depth": 42}}, {"type": "Feature", "geometry": {"type": "Point", "coordinates": [1.4211, 41.1237]}, "properties": {"code": "302022301", "depth": 43}}, {"type": "Feature", "geometry": {"type": "Point", "coordinates": [1.4218, 41.1239]}, "properties": {"code": "302022301", "depth": 43}}, {"type": "Feature", "geometry": {"type": "Point", "coordinates": [1.4234, 41.1241]}, "properties": {"code": "302022301", "depth": 43}}, {"type": "Feature", "geometry": {"type": "Point", "coordinates": [1.4237, 41.1242]}, "properties": {"code": "302022301", "depth": 43}}, {"type": "Feature", "geometry": {"type": "Point", "coordinates": [1.4248, 41.1244]}, "properties": {"code": "302022301", "depth": 43}}, {"type": "Feature", "geometry": {"type": "Point", "coordinates": [1.4252, 41.1244]}, "properties": {"code": "302022301", "depth": 44}}, {"type": "Feature", "geometry": {"type": "Point", "coordinates": [1.4257, 41.1245]}, "properties": {"code": "302022301", "depth": 44}}, {"type": "Feature", "geometry": {"type": "Point", "coordinates": [1.4259, 41.125]}, "properties": {"code": "302022301", "depth": 44}}, {"type": "Feature", "geometry": {"type": "Point", "coordinates": [1.4263, 41.125]}, "properties": {"code": "302022301", "depth": 43}}, {"type": "Feature", "geometry": {"type": "Point", "coordinates": [1.4855, 41.1512]}, "properties": {"code": "302022301", "depth": 25}}, {"type": "Feature", "geometry": {"type": "Point", "coordinates": [1.4866, 41.1513]}, "properties": {"code": "302022301", "depth": 25}}, {"type": "Feature", "geometry": {"type": "Point", "coordinates": [1.4875, 41.1513]}, "properties": {"code": "302022301", "depth": 26}}, {"type": "Feature", "geometry": {"type": "Point", "coordinates": [1.4881, 41.1513]}, "properties": {"code": "302022301", "depth": 26}}, {"type": "Feature", "geometry": {"type": "Point", "coordinates": [1.4885, 41.1513]}, "properties": {"code": "302022301", "depth": 26}}, {"type": "Feature", "geometry": {"type": "Point", "coordinates": [1.489, 41.1513]}, "properties": {"code": "302022301", "depth": 27}}, {"type": "Feature", "geometry": {"type": "Point", "coordinates": [1.4891, 41.1511]}, "properties": {"code": "302022301", "depth": 27}}, {"type": "Feature", "geometry": {"type": "Point", "coordinates": [1.4899, 41.1512]}, "properties": {"code": "302022301", "depth": 27}}, {"type": "Feature", "geometry": {"type": "Point", "coordinates": [1.4909, 41.1511]}, "properties": {"code": "302022301", "depth": 28}}, {"type": "Feature", "geometry": {"type": "Point", "coordinates": [1.751, 41.1834]}, "properties": {"code": "305130202", "depth": 18}}, {"type": "Feature", "geometry": {"type": "Point", "coordinates": [2.109, 41.2686]}, "properties": {"code": "301041407", "depth": 27}}, {"type": "Feature", "geometry": {"type": "Point", "coordinates": [2.1091, 41.2687]}, "properties": {"code": "301041407", "depth": 27}}, {"type": "Feature", "geometry": {"type": "Point", "coordinates": [2.354, 41.4611]}, "properties": {"code": "302022301", "depth": 39}}, {"type": "Feature", "geometry": {"type": "Point", "coordinates": [2.3545, 41.4613]}, "properties": {"code": "302022301", "depth": 39}}, {"type": "Feature", "geometry": {"type": "Point", "coordinates": [2.3551, 41.4616]}, "properties": {"code": "302022301", "depth": 38}}, {"type": "Feature", "geometry": {"type": "Point", "coordinates": [2.3556, 41.4618]}, "properties": {"code": "302022301", "depth": 38}}, {"type": "Feature", "geometry": {"type": "Point", "coordinates": [2.3561, 41.462]}, "properties": {"code": "302022301", "depth": 38}}, {"type": "Feature", "geometry": {"type": "Point", "coordinates": [2.3566, 41.4622]}, "properties": {"code": "302022301", "depth": 38}}, {"type": "Feature", "geometry": {"type": "Point", "coordinates": [2.3573, 41.4625]}, "properties": {"code": "302022301", "depth": 38}}, {"type": "Feature", "geometry": {"type": "Point", "coordinates": [2.3577, 41.4626]}, "properties": {"code": "302022301", "depth": 38}}, {"type": "Feature", "geometry": {"type": "Point", "coordinates": [2.3582, 41.4628]}, "properties": {"code": "302022301", "depth": 38}}, {"type": "Feature", "geometry": {"type": "Point", "coordinates": [2.3588, 41.463]}, "properties": {"code": "302022301", "depth": 39}}, {"type": "Feature", "geometry": {"type": "Point", "coordinates": [2.3593, 41.4632]}, "properties": {"code": "302022301", "depth": 39}}, {"type": "Feature", "geometry": {"type": "Point", "coordinates": [2.3598, 41.4634]}, "properties": {"code": "302022301", "depth": 39}}, {"type": "Feature", "geometry": {"type": "Point", "coordinates": [2.3604, 41.4636]}, "properties": {"code": "302022301", "depth": 38}}, {"type": "Feature", "geometry": {"type": "Point", "coordinates": [2.361, 41.4638]}, "properties": {"code": "302022301", "depth": 38}}, {"type": "Feature", "geometry": {"type": "Point", "coordinates": [2.3615, 41.4639]}, "properties": {"code": "302022301", "depth": 38}}, {"type": "Feature", "geometry": {"type": "Point", "coordinates": [2.3621, 41.4641]}, "properties": {"code": "302022301", "depth": 38}}, {"type": "Feature", "geometry": {"type": "Point", "coordinates": [2.3626, 41.4643]}, "properties": {"code": "302022301", "depth": 38}}, {"type": "Feature", "geometry": {"type": "Point", "coordinates": [2.3632, 41.4645]}, "properties": {"code": "302022301", "depth": 38}}, {"type": "Feature", "geometry": {"type": "Point", "coordinates": [2.3637, 41.4646]}, "properties": {"code": "302022301", "depth": 38}}, {"type": "Feature", "geometry": {"type": "Point", "coordinates": [2.3643, 41.4648]}, "properties": {"code": "302022301", "depth": 38}}, {"type": "Feature", "geometry": {"type": "Point", "coordinates": [2.3648, 41.465]}, "properties": {"code": "302022301", "depth": 38}}, {"type": "Feature", "geometry": {"type": "Point", "coordinates": [2.3654, 41.4652]}, "properties": {"code": "302022301", "depth": 38}}, {"type": "Feature", "geometry": {"type": "Point", "coordinates": [2.3659, 41.4653]}, "properties": {"code": "302022301", "depth": 39}}, {"type": "Feature", "geometry": {"type": "Point", "coordinates": [2.3665, 41.4655]}, "properties": {"code": "302022301", "depth": 39}}, {"type": "Feature", "geometry": {"type": "Point", "coordinates": [2.3671, 41.4656]}, "properties": {"code": "302022301", "depth": 37}}, {"type": "Feature", "geometry": {"type": "Point", "coordinates": [2.3676, 41.4658]}, "properties": {"code": "302022301", "depth": 37}}, {"type": "Feature", "geometry": {"type": "Point", "coordinates": [2.3681, 41.4658]}, "properties": {"code": "302022301", "depth": 38}}, {"type": "Feature", "geometry": {"type": "Point", "coordinates": [2.3688, 41.466]}, "properties": {"code": "302022301", "depth": 38}}, {"type": "Feature", "geometry": {"type": "Point", "coordinates": [2.3694, 41.4662]}, "properties": {"code": "302022301", "depth": 40}}, {"type": "Feature", "geometry": {"type": "Point", "coordinates": [2.3699, 41.4664]}, "properties": {"code": "302022301", "depth": 40}}, {"type": "Feature", "geometry": {"type": "Point", "coordinates": [2.3705, 41.4665]}, "properties": {"code": "302022301", "depth": 41}}, {"type": "Feature", "geometry": {"type": "Point", "coordinates": [2.371, 41.4667]}, "properties": {"code": "302022301", "depth": 38}}, {"type": "Feature", "geometry": {"type": "Point", "coordinates": [2.3715, 41.4669]}, "properties": {"code": "302022301", "depth": 38}}, {"type": "Feature", "geometry": {"type": "Point", "coordinates": [2.3721, 41.4671]}, "properties": {"code": "302022301", "depth": 39}}, {"type": "Feature", "geometry": {"type": "Point", "coordinates": [2.3727, 41.4672]}, "properties": {"code": "302022301", "depth": 39}}, {"type": "Feature", "geometry": {"type": "Point", "coordinates": [2.3732, 41.4674]}, "properties": {"code": "302022301", "depth": 39}}, {"type": "Feature", "geometry": {"type": "Point", "coordinates": [2.3737, 41.4675]}, "properties": {"code": "302022301", "depth": 39}}, {"type": "Feature", "geometry": {"type": "Point", "coordinates": [2.3741, 41.4678]}, "properties": {"code": "302022301", "depth": 38}}, {"type": "Feature", "geometry": {"type": "Point", "coordinates": [2.3749, 41.4679]}, "properties": {"code": "302022301", "depth": 38}}, {"type": "Feature", "geometry": {"type": "Point", "coordinates": [2.3754, 41.468]}, "properties": {"code": "302022301", "depth": 38}}, {"type": "Feature", "geometry": {"type": "Point", "coordinates": [2.3759, 41.4682]}, "properties": {"code": "302022301", "depth": 38}}, {"type": "Feature", "geometry": {"type": "Point", "coordinates": [2.3765, 41.4685]}, "properties": {"code": "302022301", "depth": 38}}, {"type": "Feature", "geometry": {"type": "Point", "coordinates": [2.377, 41.4687]}, "properties": {"code": "302022301", "depth": 38}}, {"type": "Feature", "geometry": {"type": "Point", "coordinates": [2.3774, 41.469]}, "properties": {"code": "302022301", "depth": 38}}, {"type": "Feature", "geometry": {"type": "Point", "coordinates": [2.3779, 41.4693]}, "properties": {"code": "302022301", "depth": 38}}, {"type": "Feature", "geometry": {"type": "Point", "coordinates": [2.3782, 41.469]}, "properties": {"code": "302022301", "depth": 38}}, {"type": "Feature", "geometry": {"type": "Point", "coordinates": [2.3791, 41.4696]}, "properties": {"code": "302022301", "depth": 39}}, {"type": "Feature", "geometry": {"type": "Point", "coordinates": [2.3797, 41.4698]}, "properties": {"code": "302022301", "depth": 39}}, {"type": "Feature", "geometry": {"type": "Point", "coordinates": [2.3801, 41.4699]}, "properties": {"code": "302022301", "depth": 38}}, {"type": "Feature", "geometry": {"type": "Point", "coordinates": [2.3807, 41.4701]}, "properties": {"code": "302022301", "depth": 38}}, {"type": "Feature", "geometry": {"type": "Point", "coordinates": [2.3812, 41.4702]}, "properties": {"code": "302022301", "depth": 38}}, {"type": "Feature", "geometry": {"type": "Point", "coordinates": [2.3816, 41.4704]}, "properties": {"code": "302022301", "depth": 39}}, {"type": "Feature", "geometry": {"type": "Point", "coordinates": [2.3826, 41.4705]}, "properties": {"code": "302022301", "depth": 39}}, {"type": "Feature", "geometry": {"type": "Point", "coordinates": [2.383, 41.4706]}, "properties": {"code": "302022301", "depth": 39}}, {"type": "Feature", "geometry": {"type": "Point", "coordinates": [2.3835, 41.4707]}, "properties": {"code": "302022301", "depth": 40}}, {"type": "Feature", "geometry": {"type": "Point", "coordinates": [2.384, 41.4709]}, "properties": {"code": "302022301", "depth": 39}}, {"type": "Feature", "geometry": {"type": "Point", "coordinates": [2.3847, 41.4711]}, "properties": {"code": "302022301", "depth": 39}}, {"type": "Feature", "geometry": {"type": "Point", "coordinates": [2.3853, 41.4711]}, "properties": {"code": "302022301", "depth": 39}}, {"type": "Feature", "geometry": {"type": "Point", "coordinates": [2.3859, 41.4713]}, "properties": {"code": "302022301", "depth": 40}}, {"type": "Feature", "geometry": {"type": "Point", "coordinates": [2.3864, 41.4715]}, "properties": {"code": "302022301", "depth": 40}}, {"type": "Feature", "geometry": {"type": "Point", "coordinates": [2.387, 41.4716]}, "properties": {"code": "302022301", "depth": 40}}, {"type": "Feature", "geometry": {"type": "Point", "coordinates": [2.3875, 41.4717]}, "properties": {"code": "302022301", "depth": 40}}, {"type": "Feature", "geometry": {"type": "Point", "coordinates": [2.3881, 41.4719]}, "properties": {"code": "302022301", "depth": 39}}, {"type": "Feature", "geometry": {"type": "Point", "coordinates": [2.3887, 41.472]}, "properties": {"code": "302022301", "depth": 39}}, {"type": "Feature", "geometry": {"type": "Point", "coordinates": [2.3892, 41.4722]}, "properties": {"code": "302022301", "depth": 39}}, {"type": "Feature", "geometry": {"type": "Point", "coordinates": [2.3898, 41.4723]}, "properties": {"code": "302022301", "depth": 38}}, {"type": "Feature", "geometry": {"type": "Point", "coordinates": [2.3903, 41.4725]}, "properties": {"code": "302022301", "depth": 38}}, {"type": "Feature", "geometry": {"type": "Point", "coordinates": [2.3909, 41.4727]}, "properties": {"code": "302022301", "depth": 39}}, {"type": "Feature", "geometry": {"type": "Point", "coordinates": [2.3915, 41.4728]}, "properties": {"code": "302022301", "depth": 39}}, {"type": "Feature", "geometry": {"type": "Point", "coordinates": [2.392, 41.473]}, "properties": {"code": "302022301", "depth": 39}}, {"type": "Feature", "geometry": {"type": "Point", "coordinates": [2.3926, 41.4731]}, "properties": {"code": "302022301", "depth": 39}}, {"type": "Feature", "geometry": {"type": "Point", "coordinates": [2.3931, 41.4733]}, "properties": {"code": "302022301", "depth": 40}}, {"type": "Feature", "geometry": {"type": "Point", "coordinates": [2.3937, 41.4735]}, "properties": {"code": "302022301", "depth": 40}}, {"type": "Feature", "geometry": {"type": "Point", "coordinates": [2.3941, 41.4736]}, "properties": {"code": "302022301", "depth": 40}}, {"type": "Feature", "geometry": {"type": "Point", "coordinates": [2.3949, 41.4738]}, "properties": {"code": "302022301", "depth": 40}}, {"type": "Feature", "geometry": {"type": "Point", "coordinates": [2.3954, 41.474]}, "properties": {"code": "302022301", "depth": 39}}, {"type": "Feature", "geometry": {"type": "Point", "coordinates": [2.3959, 41.4741]}, "properties": {"code": "302022301", "depth": 39}}, {"type": "Feature", "geometry": {"type": "Point", "coordinates": [2.3967, 41.4741]}, "properties": {"code": "302022301", "depth": 39}}, {"type": "Feature", "geometry": {"type": "Point", "coordinates": [2.3971, 41.4742]}, "properties": {"code": "302022301", "depth": 39}}, {"type": "Feature", "geometry": {"type": "Point", "coordinates": [2.3979, 41.4744]}, "properties": {"code": "302022301", "depth": 39}}, {"type": "Feature", "geometry": {"type": "Point", "coordinates": [2.3982, 41.4746]}, "properties": {"code": "302022301", "depth": 39}}, {"type": "Feature", "geometry": {"type": "Point", "coordinates": [2.3988, 41.4747]}, "properties": {"code": "302022301", "depth": 39}}, {"type": "Feature", "geometry": {"type": "Point", "coordinates": [2.3994, 41.4748]}, "properties": {"code": "302022301", "depth": 39}}, {"type": "Feature", "geometry": {"type": "Point", "coordinates": [2.3999, 41.475]}, "properties": {"code": "302022301", "depth": 39}}, {"type": "Feature", "geometry": {"type": "Point", "coordinates": [2.4005, 41.4752]}, "properties": {"code": "302022301", "depth": 38}}, {"type": "Feature", "geometry": {"type": "Point", "coordinates": [2.4013, 41.4754]}, "properties": {"code": "302022301", "depth": 39}}, {"type": "Feature", "geometry": {"type": "Point", "coordinates": [2.4018, 41.4754]}, "properties": {"code": "302022301", "depth": 39}}, {"type": "Feature", "geometry": {"type": "Point", "coordinates": [2.4022, 41.4758]}, "properties": {"code": "302022301", "depth": 39}}, {"type": "Feature", "geometry": {"type": "Point", "coordinates": [2.4027, 41.4756]}, "properties": {"code": "302022301", "depth": 39}}, {"type": "Feature", "geometry": {"type": "Point", "coordinates": [2.4035, 41.4758]}, "properties": {"code": "302022301", "depth": 39}}, {"type": "Feature", "geometry": {"type": "Point", "coordinates": [2.4039, 41.476]}, "properties": {"code": "302022301", "depth": 39}}, {"type": "Feature", "geometry": {"type": "Point", "coordinates": [2.4045, 41.4761]}, "properties": {"code": "302022301", "depth": 39}}, {"type": "Feature", "geometry": {"type": "Point", "coordinates": [2.4049, 41.4762]}, "properties": {"code": "302022301", "depth": 39}}, {"type": "Feature", "geometry": {"type": "Point", "coordinates": [2.4059, 41.4762]}, "properties": {"code": "302022301", "depth": 39}}, {"type": "Feature", "geometry": {"type": "Point", "coordinates": [2.4062, 41.4764]}, "properties": {"code": "302022301", "depth": 39}}, {"type": "Feature", "geometry": {"type": "Point", "coordinates": [2.4068, 41.4764]}, "properties": {"code": "302022301", "depth": 40}}, {"type": "Feature", "geometry": {"type": "Point", "coordinates": [2.4074, 41.4765]}, "properties": {"code": "302022301", "depth": 40}}, {"type": "Feature", "geometry": {"type": "Point", "coordinates": [2.408, 41.4766]}, "properties": {"code": "302022301", "depth": 40}}, {"type": "Feature", "geometry": {"type": "Point", "coordinates": [2.4086, 41.4767]}, "properties": {"code": "302022301", "depth": 41}}, {"type": "Feature", "geometry": {"type": "Point", "coordinates": [2.4092, 41.4768]}, "properties": {"code": "302022301", "depth": 41}}, {"type": "Feature", "geometry": {"type": "Point", "coordinates": [2.4098, 41.4768]}, "properties": {"code": "302022301", "depth": 41}}, {"type": "Feature", "geometry": {"type": "Point", "coordinates": [2.4105, 41.4771]}, "properties": {"code": "302022301", "depth": 39}}, {"type": "Feature", "geometry": {"type": "Point", "coordinates": [2.4109, 41.4771]}, "properties": {"code": "302022301", "depth": 39}}, {"type": "Feature", "geometry": {"type": "Point", "coordinates": [2.4115, 41.4772]}, "properties": {"code": "302022301", "depth": 39}}, {"type": "Feature", "geometry": {"type": "Point", "coordinates": [2.4121, 41.4773]}, "properties": {"code": "302022301", "depth": 39}}, {"type": "Feature", "geometry": {"type": "Point", "coordinates": [2.4126, 41.4775]}, "properties": {"code": "302022301", "depth": 39}}, {"type": "Feature", "geometry": {"type": "Point", "coordinates": [2.4132, 41.4777]}, "properties": {"code": "302022301", "depth": 39}}, {"type": "Feature", "geometry": {"type": "Point", "coordinates": [2.4138, 41.4778]}, "properties": {"code": "302022301", "depth": 40}}, {"type": "Feature", "geometry": {"type": "Point", "coordinates": [2.8746, 41.6693]}, "properties": {"code": "302022501", "depth": 51}}, {"type": "Feature", "geometry": {"type": "Point", "coordinates": [2.8754, 41.6693]}, "properties": {"code": "302022501", "depth": 51}}, {"type": "Feature", "geometry": {"type": "Point", "coordinates": [2.8743, 41.6693]}, "properties": {"code": "302022501", "depth": 51}}, {"type": "Feature", "geometry": {"type": "Point", "coordinates": [2.8745, 41.6693]}, "properties": {"code": "302022501", "depth": 51}}, {"type": "Feature", "geometry": {"type": "Point", "coordinates": [2.8743, 41.6693]}, "properties": {"code": "302022501", "depth": 51}}, {"type": "Feature", "geometry": {"type": "Point", "coordinates": [2.8745, 41.6693]}, "properties": {"code": "302022501", "depth": 51}}, {"type": "Feature", "geometry": {"type": "Point", "coordinates": [2.874, 41.6694]}, "properties": {"code": "302022501", "depth": 51}}, {"type": "Feature", "geometry": {"type": "Point", "coordinates": [2.8755, 41.6694]}, "properties": {"code": "302022501", "depth": 51}}, {"type": "Feature", "geometry": {"type": "Point", "coordinates": [2.8746, 41.6694]}, "properties": {"code": "302022501", "depth": 51}}, {"type": "Feature", "geometry": {"type": "Point", "coordinates": [2.8754, 41.6694]}, "properties": {"code": "302022501", "depth": 51}}, {"type": "Feature", "geometry": {"type": "Point", "coordinates": [2.8752, 41.6694]}, "properties": {"code": "302022501", "depth": 51}}, {"type": "Feature", "geometry": {"type": "Point", "coordinates": [2.8747, 41.6694]}, "properties": {"code": "302022501", "depth": 51}}, {"type": "Feature", "geometry": {"type": "Point", "coordinates": [2.875, 41.6694]}, "properties": {"code": "302022501", "depth": 51}}, {"type": "Feature", "geometry": {"type": "Point", "coordinates": [2.8749, 41.6694]}, "properties": {"code": "302022501", "depth": 51}}, {"type": "Feature", "geometry": {"type": "Point", "coordinates": [2.8754, 41.6694]}, "properties": {"code": "302022501", "depth": 51}}, {"type": "Feature", "geometry": {"type": "Point", "coordinates": [2.8752, 41.6694]}, "properties": {"code": "302022501", "depth": 51}}, {"type": "Feature", "geometry": {"type": "Point", "coordinates": [2.8743, 41.6694]}, "properties": {"code": "302022501", "depth": 51}}, {"type": "Feature", "geometry": {"type": "Point", "coordinates": [2.8748, 41.6694]}, "properties": {"code": "302022501", "depth": 51}}, {"type": "Feature", "geometry": {"type": "Point", "coordinates": [2.8778, 41.6694]}, "properties": {"code": "302022501", "depth": 51}}, {"type": "Feature", "geometry": {"type": "Point", "coordinates": [2.8741, 41.6694]}, "properties": {"code": "302022501", "depth": 51}}, {"type": "Feature", "geometry": {"type": "Point", "coordinates": [2.8746, 41.6694]}, "properties": {"code": "302022501", "depth": 51}}, {"type": "Feature", "geometry": {"type": "Point", "coordinates": [2.875, 41.6694]}, "properties": {"code": "302022501", "depth": 51}}, {"type": "Feature", "geometry": {"type": "Point", "coordinates": [2.8747, 41.6694]}, "properties": {"code": "302022501", "depth": 51}}, {"type": "Feature", "geometry": {"type": "Point", "coordinates": [2.8745, 41.6694]}, "properties": {"code": "302022501", "depth": 51}}, {"type": "Feature", "geometry": {"type": "Point", "coordinates": [2.8746, 41.6695]}, "properties": {"code": "302022501", "depth": 51}}, {"type": "Feature", "geometry": {"type": "Point", "coordinates": [2.8747, 41.6695]}, "properties": {"code": "302022501", "depth": 51}}, {"type": "Feature", "geometry": {"type": "Point", "coordinates": [2.8777, 41.6695]}, "properties": {"code": "302022501", "depth": 51}}, {"type": "Feature", "geometry": {"type": "Point", "coordinates": [2.8749, 41.6695]}, "properties": {"code": "302022501", "depth": 51}}, {"type": "Feature", "geometry": {"type": "Point", "coordinates": [2.8754, 41.6695]}, "properties": {"code": "302022501", "depth": 51}}, {"type": "Feature", "geometry": {"type": "Point", "coordinates": [2.8775, 41.6695]}, "properties": {"code": "302022501", "depth": 51}}, {"type": "Feature", "geometry": {"type": "Point", "coordinates": [2.8745, 41.6695]}, "properties": {"code": "302022501", "depth": 51}}, {"type": "Feature", "geometry": {"type": "Point", "coordinates": [2.8773, 41.6695]}, "properties": {"code": "302022501", "depth": 51}}, {"type": "Feature", "geometry": {"type": "Point", "coordinates": [2.8748, 41.6695]}, "properties": {"code": "302022501", "depth": 51}}, {"type": "Feature", "geometry": {"type": "Point", "coordinates": [2.8755, 41.6695]}, "properties": {"code": "302022501", "depth": 51}}, {"type": "Feature", "geometry": {"type": "Point", "coordinates": [2.8779, 41.6695]}, "properties": {"code": "302022501", "depth": 51}}, {"type": "Feature", "geometry": {"type": "Point", "coordinates": [2.8775, 41.6695]}, "properties": {"code": "302022501", "depth": 51}}, {"type": "Feature", "geometry": {"type": "Point", "coordinates": [2.8777, 41.6695]}, "properties": {"code": "302022501", "depth": 51}}, {"type": "Feature", "geometry": {"type": "Point", "coordinates": [2.8774, 41.6695]}, "properties": {"code": "302022501", "depth": 51}}, {"type": "Feature", "geometry": {"type": "Point", "coordinates": [2.877, 41.6695]}, "properties": {"code": "302022501", "depth": 51}}, {"type": "Feature", "geometry": {"type": "Point", "coordinates": [2.8773, 41.6695]}, "properties": {"code": "302022501", "depth": 51}}, {"type": "Feature", "geometry": {"type": "Point", "coordinates": [2.8746, 41.6695]}, "properties": {"code": "302022501", "depth": 51}}, {"type": "Feature", "geometry": {"type": "Point", "coordinates": [2.8774, 41.6695]}, "properties": {"code": "302022501", "depth": 51}}, {"type": "Feature", "geometry": {"type": "Point", "coordinates": [2.8748, 41.6695]}, "properties": {"code": "302022501", "depth": 51}}, {"type": "Feature", "geometry": {"type": "Point", "coordinates": [2.8769, 41.6695]}, "properties": {"code": "302022501", "depth": 51}}, {"type": "Feature", "geometry": {"type": "Point", "coordinates": [2.8758, 41.6695]}, "properties": {"code": "302022501", "depth": 51}}, {"type": "Feature", "geometry": {"type": "Point", "coordinates": [2.8737, 41.6695]}, "properties": {"code": "302022501", "depth": 51}}, {"type": "Feature", "geometry": {"type": "Point", "coordinates": [2.8774, 41.6695]}, "properties": {"code": "302022501", "depth": 51}}, {"type": "Feature", "geometry": {"type": "Point", "coordinates": [2.8774, 41.6695]}, "properties": {"code": "302022501", "depth": 51}}, {"type": "Feature", "geometry": {"type": "Point", "coordinates": [2.8776, 41.6695]}, "properties": {"code": "302022501", "depth": 51}}, {"type": "Feature", "geometry": {"type": "Point", "coordinates": [2.874, 41.6695]}, "properties": {"code": "302022501", "depth": 51}}, {"type": "Feature", "geometry": {"type": "Point", "coordinates": [2.8748, 41.6695]}, "properties": {"code": "302022501", "depth": 51}}, {"type": "Feature", "geometry": {"type": "Point", "coordinates": [2.8779, 41.6695]}, "properties": {"code": "302022501", "depth": 51}}, {"type": "Feature", "geometry": {"type": "Point", "coordinates": [2.8782, 41.6695]}, "properties": {"code": "302022501", "depth": 51}}, {"type": "Feature", "geometry": {"type": "Point", "coordinates": [2.8772, 41.6695]}, "properties": {"code": "302022501", "depth": 51}}, {"type": "Feature", "geometry": {"type": "Point", "coordinates": [2.8767, 41.6695]}, "properties": {"code": "302022501", "depth": 51}}, {"type": "Feature", "geometry": {"type": "Point", "coordinates": [2.8749, 41.6695]}, "properties": {"code": "302022501", "depth": 51}}, {"type": "Feature", "geometry": {"type": "Point", "coordinates": [2.8777, 41.6695]}, "properties": {"code": "302022501", "depth": 51}}, {"type": "Feature", "geometry": {"type": "Point", "coordinates": [2.8764, 41.6695]}, "properties": {"code": "302022501", "depth": 51}}, {"type": "Feature", "geometry": {"type": "Point", "coordinates": [2.8743, 41.6695]}, "properties": {"code": "302022501", "depth": 51}}, {"type": "Feature", "geometry": {"type": "Point", "coordinates": [2.8757, 41.6695]}, "properties": {"code": "302022501", "depth": 51}}, {"type": "Feature", "geometry": {"type": "Point", "coordinates": [2.8746, 41.6695]}, "properties": {"code": "302022501", "depth": 51}}, {"type": "Feature", "geometry": {"type": "Point", "coordinates": [2.8748, 41.6695]}, "properties": {"code": "302022501", "depth": 51}}, {"type": "Feature", "geometry": {"type": "Point", "coordinates": [2.8772, 41.6695]}, "properties": {"code": "302022501", "depth": 51}}, {"type": "Feature", "geometry": {"type": "Point", "coordinates": [2.8796, 41.6696]}, "properties": {"code": "302022501", "depth": 51}}, {"type": "Feature", "geometry": {"type": "Point", "coordinates": [2.8772, 41.6695]}, "properties": {"code": "302022501", "depth": 51}}, {"type": "Feature", "geometry": {"type": "Point", "coordinates": [2.8775, 41.6696]}, "properties": {"code": "302022501", "depth": 51}}, {"type": "Feature", "geometry": {"type": "Point", "coordinates": [2.8745, 41.6695]}, "properties": {"code": "302022501", "depth": 51}}, {"type": "Feature", "geometry": {"type": "Point", "coordinates": [2.8758, 41.6695]}, "properties": {"code": "302022501", "depth": 51}}, {"type": "Feature", "geometry": {"type": "Point", "coordinates": [2.8773, 41.6696]}, "properties": {"code": "302022501", "depth": 51}}, {"type": "Feature", "geometry": {"type": "Point", "coordinates": [2.8776, 41.6696]}, "properties": {"code": "302022501", "depth": 51}}, {"type": "Feature", "geometry": {"type": "Point", "coordinates": [2.8769, 41.6696]}, "properties": {"code": "302022501", "depth": 51}}, {"type": "Feature", "geometry": {"type": "Point", "coordinates": [2.8794, 41.6695]}, "properties": {"code": "302022501", "depth": 51}}, {"type": "Feature", "geometry": {"type": "Point", "coordinates": [2.877, 41.6696]}, "properties": {"code": "302022501", "depth": 51}}, {"type": "Feature", "geometry": {"type": "Point", "coordinates": [2.8782, 41.6696]}, "properties": {"code": "302022501", "depth": 51}}, {"type": "Feature", "geometry": {"type": "Point", "coordinates": [2.8756, 41.6696]}, "properties": {"code": "302022501", "depth": 51}}, {"type": "Feature", "geometry": {"type": "Point", "coordinates": [2.8797, 41.6696]}, "properties": {"code": "302022501", "depth": 51}}, {"type": "Feature", "geometry": {"type": "Point", "coordinates": [2.8779, 41.6696]}, "properties": {"code": "302022501", "depth": 51}}, {"type": "Feature", "geometry": {"type": "Point", "coordinates": [2.878, 41.6696]}, "properties": {"code": "302022501", "depth": 51}}, {"type": "Feature", "geometry": {"type": "Point", "coordinates": [2.8772, 41.6696]}, "properties": {"code": "302022501", "depth": 51}}, {"type": "Feature", "geometry": {"type": "Point", "coordinates": [2.8738, 41.6695]}, "properties": {"code": "302022501", "depth": 51}}, {"type": "Feature", "geometry": {"type": "Point", "coordinates": [2.8785, 41.6696]}, "properties": {"code": "302022501", "depth": 51}}, {"type": "Feature", "geometry": {"type": "Point", "coordinates": [2.8786, 41.6696]}, "properties": {"code": "302022501", "depth": 51}}, {"type": "Feature", "geometry": {"type": "Point", "coordinates": [2.8765, 41.6696]}, "properties": {"code": "302022501", "depth": 51}}, {"type": "Feature", "geometry": {"type": "Point", "coordinates": [2.8747, 41.6696]}, "properties": {"code": "302022501", "depth": 51}}, {"type": "Feature", "geometry": {"type": "Point", "coordinates": [2.8773, 41.6696]}, "properties": {"code": "302022501", "depth": 51}}, {"type": "Feature", "geometry": {"type": "Point", "coordinates": [2.8783, 41.6696]}, "properties": {"code": "302022501", "depth": 51}}, {"type": "Feature", "geometry": {"type": "Point", "coordinates": [2.877, 41.6696]}, "properties": {"code": "302022501", "depth": 51}}, {"type": "Feature", "geometry": {"type": "Point", "coordinates": [2.8771, 41.6696]}, "properties": {"code": "302022501", "depth": 51}}, {"type": "Feature", "geometry": {"type": "Point", "coordinates": [2.8766, 41.6696]}, "properties": {"code": "302022501", "depth": 51}}, {"type": "Feature", "geometry": {"type": "Point", "coordinates": [2.8778, 41.6696]}, "properties": {"code": "302022501", "depth": 51}}, {"type": "Feature", "geometry": {"type": "Point", "coordinates": [2.8778, 41.6696]}, "properties": {"code": "302022501", "depth": 51}}, {"type": "Feature", "geometry": {"type": "Point", "coordinates": [2.8774, 41.6696]}, "properties": {"code": "302022501", "depth": 51}}, {"type": "Feature", "geometry": {"type": "Point", "coordinates": [2.8781, 41.6696]}, "properties": {"code": "302022501", "depth": 51}}, {"type": "Feature", "geometry": {"type": "Point", "coordinates": [2.8784, 41.6696]}, "properties": {"code": "302022501", "depth": 51}}, {"type": "Feature", "geometry": {"type": "Point", "coordinates": [2.8779, 41.6696]}, "properties": {"code": "302022501", "depth": 51}}, {"type": "Feature", "geometry": {"type": "Point", "coordinates": [2.8757, 41.6696]}, "properties": {"code": "302022501", "depth": 51}}, {"type": "Feature", "geometry": {"type": "Point", "coordinates": [2.8786, 41.6696]}, "properties": {"code": "302022501", "depth": 51}}, {"type": "Feature", "geometry": {"type": "Point", "coordinates": [2.8749, 41.6696]}, "properties": {"code": "302022501", "depth": 51}}, {"type": "Feature", "geometry": {"type": "Point", "coordinates": [2.8747, 41.6696]}, "properties": {"code": "302022501", "depth": 51}}, {"type": "Feature", "geometry": {"type": "Point", "coordinates": [2.8767, 41.6696]}, "properties": {"code": "302022501", "depth": 51}}, {"type": "Feature", "geometry": {"type": "Point", "coordinates": [2.878, 41.6696]}, "properties": {"code": "302022501", "depth": 51}}, {"type": "Feature", "geometry": {"type": "Point", "coordinates": [2.8782, 41.6696]}, "properties": {"code": "302022501", "depth": 51}}, {"type": "Feature", "geometry": {"type": "Point", "coordinates": [2.8762, 41.6696]}, "properties": {"code": "302022501", "depth": 51}}, {"type": "Feature", "geometry": {"type": "Point", "coordinates": [2.8778, 41.6696]}, "properties": {"code": "302022501", "depth": 51}}, {"type": "Feature", "geometry": {"type": "Point", "coordinates": [2.8773, 41.6696]}, "properties": {"code": "302022501", "depth": 51}}, {"type": "Feature", "geometry": {"type": "Point", "coordinates": [2.8777, 41.6696]}, "properties": {"code": "302022501", "depth": 51}}, {"type": "Feature", "geometry": {"type": "Point", "coordinates": [2.8782, 41.6696]}, "properties": {"code": "302022501", "depth": 51}}, {"type": "Feature", "geometry": {"type": "Point", "coordinates": [2.8776, 41.6696]}, "properties": {"code": "302022501", "depth": 51}}, {"type": "Feature", "geometry": {"type": "Point", "coordinates": [2.8776, 41.6696]}, "properties": {"code": "302022501", "depth": 51}}, {"type": "Feature", "geometry": {"type": "Point", "coordinates": [2.8766, 41.6696]}, "properties": {"code": "302022501", "depth": 51}}, {"type": "Feature", "geometry": {"type": "Point", "coordinates": [2.8801, 41.6696]}, "properties": {"code": "302022501", "depth": 51}}, {"type": "Feature", "geometry": {"type": "Point", "coordinates": [2.878, 41.6696]}, "properties": {"code": "302022501", "depth": 51}}, {"type": "Feature", "geometry": {"type": "Point", "coordinates": [2.8768, 41.6696]}, "properties": {"code": "302022501", "depth": 51}}, {"type": "Feature", "geometry": {"type": "Point", "coordinates": [2.8757, 41.6696]}, "properties": {"code": "302022501", "depth": 51}}, {"type": "Feature", "geometry": {"type": "Point", "coordinates": [2.8779, 41.6696]}, "properties": {"code": "302022501", "depth": 51}}, {"type": "Feature", "geometry": {"type": "Point", "coordinates": [2.878, 41.6696]}, "properties": {"code": "302022501", "depth": 51}}, {"type": "Feature", "geometry": {"type": "Point", "coordinates": [2.8762, 41.6697]}, "properties": {"code": "302022501", "depth": 51}}, {"type": "Feature", "geometry": {"type": "Point", "coordinates": [2.8767, 41.6697]}, "properties": {"code": "302022501", "depth": 51}}, {"type": "Feature", "geometry": {"type": "Point", "coordinates": [2.8749, 41.6697]}, "properties": {"code": "302022501", "depth": 51}}, {"type": "Feature", "geometry": {"type": "Point", "coordinates": [2.8784, 41.6697]}, "properties": {"code": "302022501", "depth": 51}}, {"type": "Feature", "geometry": {"type": "Point", "coordinates": [2.8776, 41.6697]}, "properties": {"code": "302022501", "depth": 51}}, {"type": "Feature", "geometry": {"type": "Point", "coordinates": [2.8778, 41.6697]}, "properties": {"code": "302022501", "depth": 51}}, {"type": "Feature", "geometry": {"type": "Point", "coordinates": [2.8799, 41.6697]}, "properties": {"code": "302022501", "depth": 51}}, {"type": "Feature", "geometry": {"type": "Point", "coordinates": [2.8741, 41.6696]}, "properties": {"code": "302022501", "depth": 51}}, {"type": "Feature", "geometry": {"type": "Point", "coordinates": [2.8777, 41.6697]}, "properties": {"code": "302022501", "depth": 51}}, {"type": "Feature", "geometry": {"type": "Point", "coordinates": [2.875, 41.6697]}, "properties": {"code": "302022501", "depth": 51}}, {"type": "Feature", "geometry": {"type": "Point", "coordinates": [2.8783, 41.6697]}, "properties": {"code": "302022501", "depth": 51}}, {"type": "Feature", "geometry": {"type": "Point", "coordinates": [2.8768, 41.6697]}, "properties": {"code": "302022501", "depth": 51}}, {"type": "Feature", "geometry": {"type": "Point", "coordinates": [2.8767, 41.6697]}, "properties": {"code": "302022501", "depth": 51}}, {"type": "Feature", "geometry": {"type": "Point", "coordinates": [2.8795, 41.6697]}, "properties": {"code": "302022501", "depth": 51}}, {"type": "Feature", "geometry": {"type": "Point", "coordinates": [2.867, 41.6697]}, "properties": {"code": "302022501", "depth": 51}}, {"type": "Feature", "geometry": {"type": "Point", "coordinates": [2.878, 41.6697]}, "properties": {"code": "302022501", "depth": 51}}, {"type": "Feature", "geometry": {"type": "Point", "coordinates": [2.8771, 41.6697]}, "properties": {"code": "302022501", "depth": 51}}, {"type": "Feature", "geometry": {"type": "Point", "coordinates": [2.875, 41.6697]}, "properties": {"code": "302022501", "depth": 51}}, {"type": "Feature", "geometry": {"type": "Point", "coordinates": [2.8758, 41.6697]}, "properties": {"code": "302022501", "depth": 51}}, {"type": "Feature", "geometry": {"type": "Point", "coordinates": [2.877, 41.6697]}, "properties": {"code": "302022501", "depth": 51}}, {"type": "Feature", "geometry": {"type": "Point", "coordinates": [2.878, 41.6697]}, "properties": {"code": "302022501", "depth": 51}}, {"type": "Feature", "geometry": {"type": "Point", "coordinates": [2.8765, 41.6697]}, "properties": {"code": "302022501", "depth": 51}}, {"type": "Feature", "geometry": {"type": "Point", "coordinates": [2.8784, 41.6697]}, "properties": {"code": "302022501", "depth": 51}}, {"type": "Feature", "geometry": {"type": "Point", "coordinates": [2.8671, 41.6697]}, "properties": {"code": "302022501", "depth": 51}}, {"type": "Feature", "geometry": {"type": "Point", "coordinates": [2.8757, 41.6697]}, "properties": {"code": "302022501", "depth": 51}}, {"type": "Feature", "geometry": {"type": "Point", "coordinates": [2.8679, 41.6697]}, "properties": {"code": "302022501", "depth": 51}}, {"type": "Feature", "geometry": {"type": "Point", "coordinates": [2.8774, 41.6697]}, "properties": {"code": "302022501", "depth": 51}}, {"type": "Feature", "geometry": {"type": "Point", "coordinates": [2.8669, 41.6697]}, "properties": {"code": "302022501", "depth": 51}}, {"type": "Feature", "geometry": {"type": "Point", "coordinates": [2.8777, 41.6697]}, "properties": {"code": "302022501", "depth": 51}}, {"type": "Feature", "geometry": {"type": "Point", "coordinates": [2.8763, 41.6697]}, "properties": {"code": "302022501", "depth": 51}}, {"type": "Feature", "geometry": {"type": "Point", "coordinates": [2.8767, 41.6697]}, "properties": {"code": "302022501", "depth": 51}}, {"type": "Feature", "geometry": {"type": "Point", "coordinates": [2.8766, 41.6697]}, "properties": {"code": "302022501", "depth": 51}}, {"type": "Feature", "geometry": {"type": "Point", "coordinates": [2.8763, 41.6697]}, "properties": {"code": "302022501", "depth": 51}}, {"type": "Feature", "geometry": {"type": "Point", "coordinates": [2.8808, 41.6697]}, "properties": {"code": "302022501", "depth": 52}}, {"type": "Feature", "geometry": {"type": "Point", "coordinates": [2.8768, 41.6697]}, "properties": {"code": "302022501", "depth": 51}}, {"type": "Feature", "geometry": {"type": "Point", "coordinates": [2.881, 41.6697]}, "properties": {"code": "302022501", "depth": 52}}, {"type": "Feature", "geometry": {"type": "Point", "coordinates": [2.8808, 41.6697]}, "properties": {"code": "302022501", "depth": 52}}, {"type": "Feature", "geometry": {"type": "Point", "coordinates": [2.8776, 41.6697]}, "properties": {"code": "302022501", "depth": 51}}, {"type": "Feature", "geometry": {"type": "Point", "coordinates": [2.8778, 41.6697]}, "properties": {"code": "302022501", "depth": 51}}, {"type": "Feature", "geometry": {"type": "Point", "coordinates": [2.8769, 41.6697]}, "properties": {"code": "302022501", "depth": 51}}, {"type": "Feature", "geometry": {"type": "Point", "coordinates": [2.8744, 41.6697]}, "properties": {"code": "302022501", "depth": 51}}, {"type": "Feature", "geometry": {"type": "Point", "coordinates": [2.867, 41.6697]}, "properties": {"code": "302022501", "depth": 51}}, {"type": "Feature", "geometry": {"type": "Point", "coordinates": [2.8809, 41.6697]}, "properties": {"code": "302022501", "depth": 52}}, {"type": "Feature", "geometry": {"type": "Point", "coordinates": [2.881, 41.6697]}, "properties": {"code": "302022501", "depth": 52}}, {"type": "Feature", "geometry": {"type": "Point", "coordinates": [2.8754, 41.6697]}, "properties": {"code": "302022501", "depth": 51}}, {"type": "Feature", "geometry": {"type": "Point", "coordinates": [2.8742, 41.6697]}, "properties": {"code": "302022501", "depth": 51}}, {"type": "Feature", "geometry": {"type": "Point", "coordinates": [2.8783, 41.6697]}, "properties": {"code": "302022501", "depth": 51}}, {"type": "Feature", "geometry": {"type": "Point", "coordinates": [2.8667, 41.6697]}, "properties": {"code": "302022501", "depth": 52}}, {"type": "Feature", "geometry": {"type": "Point", "coordinates": [2.8768, 41.6697]}, "properties": {"code": "302022501", "depth": 51}}, {"type": "Feature", "geometry": {"type": "Point", "coordinates": [2.868, 41.6697]}, "properties": {"code": "302022501", "depth": 51}}, {"type": "Feature", "geometry": {"type": "Point", "coordinates": [2.8671, 41.6697]}, "properties": {"code": "302022501", "depth": 51}}, {"type": "Feature", "geometry": {"type": "Point", "coordinates": [2.8804, 41.6697]}, "properties": {"code": "302022501", "depth": 52}}, {"type": "Feature", "geometry": {"type": "Point", "coordinates": [2.8764, 41.6697]}, "properties": {"code": "302022501", "depth": 51}}, {"type": "Feature", "geometry": {"type": "Point", "coordinates": [2.877, 41.6697]}, "properties": {"code": "302022501", "depth": 51}}, {"type": "Feature", "geometry": {"type": "Point", "coordinates": [2.8741, 41.6697]}, "properties": {"code": "302022501", "depth": 51}}, {"type": "Feature", "geometry": {"type": "Point", "coordinates": [2.8811, 41.6697]}, "properties": {"code": "302022501", "depth": 52}}, {"type": "Feature", "geometry": {"type": "Point", "coordinates": [2.8784, 41.6697]}, "properties": {"code": "302022501", "depth": 51}}, {"type": "Feature", "geometry": {"type": "Point", "coordinates": [2.8767, 41.6697]}, "properties": {"code": "302022501", "depth": 51}}, {"type": "Feature", "geometry": {"type": "Point", "coordinates": [2.8781, 41.6697]}, "properties": {"code": "302022501", "depth": 51}}, {"type": "Feature", "geometry": {"type": "Point", "coordinates": [2.876, 41.6696]}, "properties": {"code": "302022501", "depth": 51}}, {"type": "Feature", "geometry": {"type": "Point", "coordinates": [2.8809, 41.6698]}, "properties": {"code": "302022501", "depth": 52}}, {"type": "Feature", "geometry": {"type": "Point", "coordinates": [2.8685, 41.6697]}, "properties": {"code": "302022501", "depth": 51}}, {"type": "Feature", "geometry": {"type": "Point", "coordinates": [2.8754, 41.6698]}, "properties": {"code": "302022501", "depth": 51}}, {"type": "Feature", "geometry": {"type": "Point", "coordinates": [2.8772, 41.6697]}, "properties": {"code": "302022501", "depth": 51}}, {"type": "Feature", "geometry": {"type": "Point", "coordinates": [2.8671, 41.6697]}, "properties": {"code": "302022501", "depth": 51}}, {"type": "Feature", "geometry": {"type": "Point", "coordinates": [2.8753, 41.6696]}, "properties": {"code": "302022501", "depth": 51}}, {"type": "Feature", "geometry": {"type": "Point", "coordinates": [2.8758, 41.6697]}, "properties": {"code": "302022501", "depth": 51}}, {"type": "Feature", "geometry": {"type": "Point", "coordinates": [2.8666, 41.6697]}, "properties": {"code": "302022501", "depth": 52}}, {"type": "Feature", "geometry": {"type": "Point", "coordinates": [2.8681, 41.6698]}, "properties": {"code": "302022501", "depth": 51}}, {"type": "Feature", "geometry": {"type": "Point", "coordinates": [2.8674, 41.6698]}, "properties": {"code": "302022501", "depth": 51}}, {"type": "Feature", "geometry": {"type": "Point", "coordinates": [2.8672, 41.6697]}, "properties": {"code": "302022501", "depth": 51}}, {"type": "Feature", "geometry": {"type": "Point", "coordinates": [2.881, 41.6698]}, "properties": {"code": "302022501", "depth": 52}}, {"type": "Feature", "geometry": {"type": "Point", "coordinates": [2.8791, 41.6698]}, "properties": {"code": "302022501", "depth": 51}}, {"type": "Feature", "geometry": {"type": "Point", "coordinates": [2.8778, 41.6698]}, "properties": {"code": "302022501", "depth": 51}}, {"type": "Feature", "geometry": {"type": "Point", "coordinates": [2.8779, 41.6697]}, "properties": {"code": "302022501", "depth": 51}}, {"type": "Feature", "geometry": {"type": "Point", "coordinates": [2.8798, 41.6697]}, "properties": {"code": "302022501", "depth": 51}}, {"type": "Feature", "geometry": {"type": "Point", "coordinates": [2.8784, 41.6698]}, "properties": {"code": "302022501", "depth": 51}}, {"type": "Feature", "geometry": {"type": "Point", "coordinates": [2.877, 41.6698]}, "properties": {"code": "302022501", "depth": 51}}, {"type": "Feature", "geometry": {"type": "Point", "coordinates": [2.8773, 41.6698]}, "properties": {"code": "302022501", "depth": 51}}, {"type": "Feature", "geometry": {"type": "Point", "coordinates": [2.8686, 41.6698]}, "properties": {"code": "302022501", "depth": 51}}, {"type": "Feature", "geometry": {"type": "Point", "coordinates": [2.8774, 41.6698]}, "properties": {"code": "302022501", "depth": 51}}, {"type": "Feature", "geometry": {"type": "Point", "coordinates": [2.8684, 41.6698]}, "properties": {"code": "302022501", "depth": 51}}, {"type": "Feature", "geometry": {"type": "Point", "coordinates": [2.8681, 41.6698]}, "properties": {"code": "302022501", "depth": 51}}, {"type": "Feature", "geometry": {"type": "Point", "coordinates": [2.8808, 41.6698]}, "properties": {"code": "302022501", "depth": 52}}, {"type": "Feature", "geometry": {"type": "Point", "coordinates": [2.8767, 41.6698]}, "properties": {"code": "302022501", "depth": 51}}, {"type": "Feature", "geometry": {"type": "Point", "coordinates": [2.8666, 41.6698]}, "properties": {"code": "302022501", "depth": 52}}, {"type": "Feature", "geometry": {"type": "Point", "coordinates": [2.8758, 41.6698]}, "properties": {"code": "302022501", "depth": 51}}, {"type": "Feature", "geometry": {"type": "Point", "coordinates": [2.8755, 41.6698]}, "properties": {"code": "302022501", "depth": 51}}, {"type": "Feature", "geometry": {"type": "Point", "coordinates": [2.876, 41.6698]}, "properties": {"code": "302022501", "depth": 51}}, {"type": "Feature", "geometry": {"type": "Point", "coordinates": [2.8793, 41.6698]}, "properties": {"code": "302022501", "depth": 51}}, {"type": "Feature", "geometry": {"type": "Point", "coordinates": [2.8687, 41.6698]}, "properties": {"code": "302022501", "depth": 51}}, {"type": "Feature", "geometry": {"type": "Point", "coordinates": [2.8763, 41.6698]}, "properties": {"code": "302022501", "depth": 50}}, {"type": "Feature", "geometry": {"type": "Point", "coordinates": [2.8781, 41.6698]}, "properties": {"code": "302022501", "depth": 51}}, {"type": "Feature", "geometry": {"type": "Point", "coordinates": [2.8761, 41.6698]}, "properties": {"code": "302022501", "depth": 50}}, {"type": "Feature", "geometry": {"type": "Point", "coordinates": [2.8751, 41.6698]}, "properties": {"code": "302022501", "depth": 50}}, {"type": "Feature", "geometry": {"type": "Point", "coordinates": [2.8684, 41.6698]}, "properties": {"code": "302022501", "depth": 50}}, {"type": "Feature", "geometry": {"type": "Point", "coordinates": [2.8772, 41.6698]}, "properties": {"code": "302022501", "depth": 50}}, {"type": "Feature", "geometry": {"type": "Point", "coordinates": [2.8672, 41.6698]}, "properties": {"code": "302022501", "depth": 50}}, {"type": "Feature", "geometry": {"type": "Point", "coordinates": [2.8768, 41.6698]}, "properties": {"code": "302022501", "depth": 50}}, {"type": "Feature", "geometry": {"type": "Point", "coordinates": [2.8683, 41.6698]}, "properties": {"code": "302022501", "depth": 51}}, {"type": "Feature", "geometry": {"type": "Point", "coordinates": [2.8809, 41.6698]}, "properties": {"code": "302022501", "depth": 51}}, {"type": "Feature", "geometry": {"type": "Point", "coordinates": [2.8773, 41.6698]}, "properties": {"code": "302022501", "depth": 50}}, {"type": "Feature", "geometry": {"type": "Point", "coordinates": [2.8671, 41.6698]}, "properties": {"code": "302022501", "depth": 50}}, {"type": "Feature", "geometry": {"type": "Point", "coordinates": [2.8671, 41.6698]}, "properties": {"code": "302022501", "depth": 50}}, {"type": "Feature", "geometry": {"type": "Point", "coordinates": [2.8815, 41.6698]}, "properties": {"code": "302022501", "depth": 51}}, {"type": "Feature", "geometry": {"type": "Point", "coordinates": [2.8776, 41.6698]}, "properties": {"code": "302022501", "depth": 50}}, {"type": "Feature", "geometry": {"type": "Point", "coordinates": [2.8792, 41.6698]}, "properties": {"code": "302022501", "depth": 50}}, {"type": "Feature", "geometry": {"type": "Point", "coordinates": [2.881, 41.6698]}, "properties": {"code": "302022501", "depth": 51}}, {"type": "Feature", "geometry": {"type": "Point", "coordinates": [2.8737, 41.6698]}, "properties": {"code": "302022501", "depth": 50}}, {"type": "Feature", "geometry": {"type": "Point", "coordinates": [2.8757, 41.6698]}, "properties": {"code": "302022501", "depth": 50}}, {"type": "Feature", "geometry": {"type": "Point", "coordinates": [2.876, 41.6698]}, "properties": {"code": "302022501", "depth": 50}}, {"type": "Feature", "geometry": {"type": "Point", "coordinates": [2.8668, 41.6698]}, "properties": {"code": "302022501", "depth": 51}}, {"type": "Feature", "geometry": {"type": "Point", "coordinates": [2.8777, 41.6698]}, "properties": {"code": "302022501", "depth": 50}}, {"type": "Feature", "geometry": {"type": "Point", "coordinates": [2.8787, 41.6698]}, "properties": {"code": "302022501", "depth": 50}}, {"type": "Feature", "geometry": {"type": "Point", "coordinates": [2.8752, 41.6698]}, "properties": {"code": "302022501", "depth": 50}}, {"type": "Feature", "geometry": {"type": "Point", "coordinates": [2.8669, 41.6698]}, "properties": {"code": "302022501", "depth": 50}}, {"type": "Feature", "geometry": {"type": "Point", "coordinates": [2.877, 41.6698]}, "properties": {"code": "302022501", "depth": 50}}, {"type": "Feature", "geometry": {"type": "Point", "coordinates": [2.8787, 41.6698]}, "properties": {"code": "302022501", "depth": 50}}, {"type": "Feature", "geometry": {"type": "Point", "coordinates": [2.8762, 41.6698]}, "properties": {"code": "302022501", "depth": 50}}, {"type": "Feature", "geometry": {"type": "Point", "coordinates": [2.8781, 41.6698]}, "properties": {"code": "302022501", "depth": 50}}, {"type": "Feature", "geometry": {"type": "Point", "coordinates": [2.8767, 41.6698]}, "properties": {"code": "302022501", "depth": 50}}, {"type": "Feature", "geometry": {"type": "Point", "coordinates": [2.8674, 41.6698]}, "properties": {"code": "302022501", "depth": 50}}, {"type": "Feature", "geometry": {"type": "Point", "coordinates": [2.8774, 41.6698]}, "properties": {"code": "302022501", "depth": 50}}, {"type": "Feature", "geometry": {"type": "Point", "coordinates": [2.8768, 41.6698]}, "properties": {"code": "302022501", "depth": 50}}, {"type": "Feature", "geometry": {"type": "Point", "coordinates": [2.8789, 41.6698]}, "properties": {"code": "302022501", "depth": 50}}, {"type": "Feature", "geometry": {"type": "Point", "coordinates": [2.8786, 41.6698]}, "properties": {"code": "302022501", "depth": 50}}, {"type": "Feature", "geometry": {"type": "Point", "coordinates": [2.867, 41.6698]}, "properties": {"code": "302022501", "depth": 50}}, {"type": "Feature", "geometry": {"type": "Point", "coordinates": [2.8685, 41.6698]}, "properties": {"code": "302022501", "depth": 50}}, {"type": "Feature", "geometry": {"type": "Point", "coordinates": [2.8673, 41.6698]}, "properties": {"code": "302022501", "depth": 50}}, {"type": "Feature", "geometry": {"type": "Point", "coordinates": [2.8674, 41.6698]}, "properties": {"code": "302022501", "depth": 50}}, {"type": "Feature", "geometry": {"type": "Point", "coordinates": [2.8782, 41.6698]}, "properties": {"code": "302022501", "depth": 50}}, {"type": "Feature", "geometry": {"type": "Point", "coordinates": [2.8773, 41.6699]}, "properties": {"code": "302022501", "depth": 50}}, {"type": "Feature", "geometry": {"type": "Point", "coordinates": [2.8813, 41.6698]}, "properties": {"code": "302022501", "depth": 51}}, {"type": "Feature", "geometry": {"type": "Point", "coordinates": [2.8778, 41.6698]}, "properties": {"code": "302022501", "depth": 50}}, {"type": "Feature", "geometry": {"type": "Point", "coordinates": [2.8793, 41.6699]}, "properties": {"code": "302022501", "depth": 50}}, {"type": "Feature", "geometry": {"type": "Point", "coordinates": [2.8759, 41.6698]}, "properties": {"code": "302022501", "depth": 50}}, {"type": "Feature", "geometry": {"type": "Point", "coordinates": [2.8789, 41.6699]}, "properties": {"code": "302022501", "depth": 50}}, {"type": "Feature", "geometry": {"type": "Point", "coordinates": [2.8675, 41.6699]}, "properties": {"code": "302022501", "depth": 50}}, {"type": "Feature", "geometry": {"type": "Point", "coordinates": [2.8751, 41.6698]}, "properties": {"code": "302022501", "depth": 50}}, {"type": "Feature", "geometry": {"type": "Point", "coordinates": [2.8672, 41.6698]}, "properties": {"code": "302022501", "depth": 50}}, {"type": "Feature", "geometry": {"type": "Point", "coordinates": [2.8668, 41.6698]}, "properties": {"code": "302022501", "depth": 50}}, {"type": "Feature", "geometry": {"type": "Point", "coordinates": [2.8767, 41.6699]}, "properties": {"code": "302022501", "depth": 50}}, {"type": "Feature", "geometry": {"type": "Point", "coordinates": [2.879, 41.6699]}, "properties": {"code": "302022501", "depth": 50}}, {"type": "Feature", "geometry": {"type": "Point", "coordinates": [2.8759, 41.6699]}, "properties": {"code": "302022501", "depth": 50}}, {"type": "Feature", "geometry": {"type": "Point", "coordinates": [2.8787, 41.6699]}, "properties": {"code": "302022501", "depth": 50}}, {"type": "Feature", "geometry": {"type": "Point", "coordinates": [2.8765, 41.6698]}, "properties": {"code": "302022501", "depth": 50}}, {"type": "Feature", "geometry": {"type": "Point", "coordinates": [2.8752, 41.6699]}, "properties": {"code": "302022501", "depth": 50}}, {"type": "Feature", "geometry": {"type": "Point", "coordinates": [2.8819, 41.6699]}, "properties": {"code": "302022501", "depth": 51}}, {"type": "Feature", "geometry": {"type": "Point", "coordinates": [2.8815, 41.6699]}, "properties": {"code": "302022501", "depth": 51}}, {"type": "Feature", "geometry": {"type": "Point", "coordinates": [2.877, 41.6699]}, "properties": {"code": "302022501", "depth": 50}}, {"type": "Feature", "geometry": {"type": "Point", "coordinates": [2.8686, 41.6699]}, "properties": {"code": "302022501", "depth": 50}}, {"type": "Feature", "geometry": {"type": "Point", "coordinates": [2.8788, 41.6699]}, "properties": {"code": "302022501", "depth": 50}}, {"type": "Feature", "geometry": {"type": "Point", "coordinates": [2.8674, 41.6699]}, "properties": {"code": "302022501", "depth": 50}}, {"type": "Feature", "geometry": {"type": "Point", "coordinates": [2.8803, 41.6699]}, "properties": {"code": "302022501", "depth": 51}}, {"type": "Feature", "geometry": {"type": "Point", "coordinates": [2.8767, 41.6699]}, "properties": {"code": "302022501", "depth": 50}}, {"type": "Feature", "geometry": {"type": "Point", "coordinates": [2.8811, 41.6699]}, "properties": {"code": "302022501", "depth": 51}}, {"type": "Feature", "geometry": {"type": "Point", "coordinates": [2.8767, 41.6699]}, "properties": {"code": "302022501", "depth": 50}}, {"type": "Feature", "geometry": {"type": "Point", "coordinates": [2.8685, 41.6699]}, "properties": {"code": "302022501", "depth": 50}}, {"type": "Feature", "geometry": {"type": "Point", "coordinates": [2.8672, 41.6699]}, "properties": {"code": "302022501", "depth": 50}}, {"type": "Feature", "geometry": {"type": "Point", "coordinates": [2.8786, 41.6699]}, "properties": {"code": "302022501", "depth": 50}}, {"type": "Feature", "geometry": {"type": "Point", "coordinates": [2.8791, 41.6699]}, "properties": {"code": "302022501", "depth": 50}}, {"type": "Feature", "geometry": {"type": "Point", "coordinates": [2.8797, 41.6699]}, "properties": {"code": "302022501", "depth": 51}}, {"type": "Feature", "geometry": {"type": "Point", "coordinates": [2.8669, 41.6699]}, "properties": {"code": "302022501", "depth": 50}}, {"type": "Feature", "geometry": {"type": "Point", "coordinates": [2.8678, 41.6699]}, "properties": {"code": "302022501", "depth": 50}}, {"type": "Feature", "geometry": {"type": "Point", "coordinates": [2.8762, 41.6699]}, "properties": {"code": "302022501", "depth": 50}}, {"type": "Feature", "geometry": {"type": "Point", "coordinates": [2.8812, 41.6699]}, "properties": {"code": "302022501", "depth": 51}}, {"type": "Feature", "geometry": {"type": "Point", "coordinates": [2.8775, 41.6699]}, "properties": {"code": "302022501", "depth": 50}}, {"type": "Feature", "geometry": {"type": "Point", "coordinates": [2.8792, 41.6699]}, "properties": {"code": "302022501", "depth": 50}}, {"type": "Feature", "geometry": {"type": "Point", "coordinates": [2.8792, 41.6699]}, "properties": {"code": "302022501", "depth": 50}}, {"type": "Feature", "geometry": {"type": "Point", "coordinates": [2.8766, 41.6699]}, "properties": {"code": "302022501", "depth": 50}}, {"type": "Feature", "geometry": {"type": "Point", "coordinates": [2.8819, 41.6699]}, "properties": {"code": "302022501", "depth": 51}}, {"type": "Feature", "geometry": {"type": "Point", "coordinates": [2.867, 41.6699]}, "properties": {"code": "302022501", "depth": 50}}, {"type": "Feature", "geometry": {"type": "Point", "coordinates": [2.8673, 41.6699]}, "properties": {"code": "302022501", "depth": 50}}, {"type": "Feature", "geometry": {"type": "Point", "coordinates": [2.8782, 41.6699]}, "properties": {"code": "302022501", "depth": 50}}, {"type": "Feature", "geometry": {"type": "Point", "coordinates": [2.8796, 41.6699]}, "properties": {"code": "302022501", "depth": 51}}, {"type": "Feature", "geometry": {"type": "Point", "coordinates": [2.8813, 41.6699]}, "properties": {"code": "302022501", "depth": 51}}, {"type": "Feature", "geometry": {"type": "Point", "coordinates": [2.8763, 41.6699]}, "properties": {"code": "302022501", "depth": 50}}, {"type": "Feature", "geometry": {"type": "Point", "coordinates": [2.867, 41.6699]}, "properties": {"code": "302022501", "depth": 50}}, {"type": "Feature", "geometry": {"type": "Point", "coordinates": [2.8675, 41.6699]}, "properties": {"code": "302022501", "depth": 50}}, {"type": "Feature", "geometry": {"type": "Point", "coordinates": [2.8769, 41.6699]}, "properties": {"code": "302022501", "depth": 50}}, {"type": "Feature", "geometry": {"type": "Point", "coordinates": [2.8783, 41.6698]}, "properties": {"code": "302022501", "depth": 50}}, {"type": "Feature", "geometry": {"type": "Point", "coordinates": [2.8813, 41.6699]}, "properties": {"code": "302022501", "depth": 51}}, {"type": "Feature", "geometry": {"type": "Point", "coordinates": [2.8761, 41.6699]}, "properties": {"code": "302022501", "depth": 50}}, {"type": "Feature", "geometry": {"type": "Point", "coordinates": [2.8775, 41.6699]}, "properties": {"code": "302022501", "depth": 50}}, {"type": "Feature", "geometry": {"type": "Point", "coordinates": [2.8674, 41.6699]}, "properties": {"code": "302022501", "depth": 50}}, {"type": "Feature", "geometry": {"type": "Point", "coordinates": [2.8675, 41.6699]}, "properties": {"code": "302022501", "depth": 50}}, {"type": "Feature", "geometry": {"type": "Point", "coordinates": [2.8754, 41.6699]}, "properties": {"code": "302022501", "depth": 50}}, {"type": "Feature", "geometry": {"type": "Point", "coordinates": [2.8671, 41.6699]}, "properties": {"code": "302022501", "depth": 50}}, {"type": "Feature", "geometry": {"type": "Point", "coordinates": [2.8678, 41.6699]}, "properties": {"code": "302022501", "depth": 50}}, {"type": "Feature", "geometry": {"type": "Point", "coordinates": [2.8809, 41.6699]}, "properties": {"code": "302022501", "depth": 51}}, {"type": "Feature", "geometry": {"type": "Point", "coordinates": [2.8766, 41.6699]}, "properties": {"code": "302022501", "depth": 50}}, {"type": "Feature", "geometry": {"type": "Point", "coordinates": [2.878, 41.6699]}, "properties": {"code": "302022501", "depth": 50}}, {"type": "Feature", "geometry": {"type": "Point", "coordinates": [2.8769, 41.6699]}, "properties": {"code": "302022501", "depth": 50}}, {"type": "Feature", "geometry": {"type": "Point", "coordinates": [2.8791, 41.6699]}, "properties": {"code": "302022501", "depth": 50}}, {"type": "Feature", "geometry": {"type": "Point", "coordinates": [2.8668, 41.6699]}, "properties": {"code": "302022501", "depth": 51}}, {"type": "Feature", "geometry": {"type": "Point", "coordinates": [2.8768, 41.6699]}, "properties": {"code": "302022501", "depth": 50}}, {"type": "Feature", "geometry": {"type": "Point", "coordinates": [2.8811, 41.6699]}, "properties": {"code": "302022501", "depth": 51}}, {"type": "Feature", "geometry": {"type": "Point", "coordinates": [2.8797, 41.6699]}, "properties": {"code": "302022501", "depth": 51}}, {"type": "Feature", "geometry": {"type": "Point", "coordinates": [2.8672, 41.6699]}, "properties": {"code": "302022501", "depth": 50}}, {"type": "Feature", "geometry": {"type": "Point", "coordinates": [2.8792, 41.6699]}, "properties": {"code": "302022501", "depth": 50}}, {"type": "Feature", "geometry": {"type": "Point", "coordinates": [2.8763, 41.6699]}, "properties": {"code": "302022501", "depth": 50}}, {"type": "Feature", "geometry": {"type": "Point", "coordinates": [2.8792, 41.6699]}, "properties": {"code": "302022501", "depth": 50}}, {"type": "Feature", "geometry": {"type": "Point", "coordinates": [2.877, 41.6699]}, "properties": {"code": "302022501", "depth": 50}}, {"type": "Feature", "geometry": {"type": "Point", "coordinates": [2.8809, 41.6699]}, "properties": {"code": "302022501", "depth": 51}}, {"type": "Feature", "geometry": {"type": "Point", "coordinates": [2.879, 41.6699]}, "properties": {"code": "302022501", "depth": 50}}, {"type": "Feature", "geometry": {"type": "Point", "coordinates": [2.8764, 41.6699]}, "properties": {"code": "302022501", "depth": 50}}, {"type": "Feature", "geometry": {"type": "Point", "coordinates": [2.8676, 41.6699]}, "properties": {"code": "302022501", "depth": 50}}, {"type": "Feature", "geometry": {"type": "Point", "coordinates": [2.8754, 41.6699]}, "properties": {"code": "302022501", "depth": 50}}, {"type": "Feature", "geometry": {"type": "Point", "coordinates": [2.8808, 41.6699]}, "properties": {"code": "302022501", "depth": 51}}, {"type": "Feature", "geometry": {"type": "Point", "coordinates": [2.8788, 41.6699]}, "properties": {"code": "302022501", "depth": 50}}, {"type": "Feature", "geometry": {"type": "Point", "coordinates": [2.8765, 41.6699]}, "properties": {"code": "302022501", "depth": 50}}, {"type": "Feature", "geometry": {"type": "Point", "coordinates": [2.8761, 41.6699]}, "properties": {"code": "302022501", "depth": 50}}, {"type": "Feature", "geometry": {"type": "Point", "coordinates": [2.881, 41.6699]}, "properties": {"code": "302022501", "depth": 51}}, {"type": "Feature", "geometry": {"type": "Point", "coordinates": [2.8795, 41.6699]}, "properties": {"code": "302022501", "depth": 51}}, {"type": "Feature", "geometry": {"type": "Point", "coordinates": [2.8809, 41.6699]}, "properties": {"code": "302022501", "depth": 51}}, {"type": "Feature", "geometry": {"type": "Point", "coordinates": [2.8757, 41.6699]}, "properties": {"code": "302022501", "depth": 50}}, {"type": "Feature", "geometry": {"type": "Point", "coordinates": [2.8678, 41.6699]}, "properties": {"code": "302022501", "depth": 50}}, {"type": "Feature", "geometry": {"type": "Point", "coordinates": [2.8812, 41.6699]}, "properties": {"code": "302022501", "depth": 51}}, {"type": "Feature", "geometry": {"type": "Point", "coordinates": [2.8676, 41.6699]}, "properties": {"code": "302022501", "depth": 50}}, {"type": "Feature", "geometry": {"type": "Point", "coordinates": [2.8775, 41.6699]}, "properties": {"code": "302022501", "depth": 50}}, {"type": "Feature", "geometry": {"type": "Point", "coordinates": [2.8738, 41.6699]}, "properties": {"code": "302022501", "depth": 50}}, {"type": "Feature", "geometry": {"type": "Point", "coordinates": [2.8796, 41.6699]}, "properties": {"code": "302022501", "depth": 51}}, {"type": "Feature", "geometry": {"type": "Point", "coordinates": [2.8765, 41.6699]}, "properties": {"code": "302022501", "depth": 50}}, {"type": "Feature", "geometry": {"type": "Point", "coordinates": [2.8806, 41.6699]}, "properties": {"code": "302022501", "depth": 51}}, {"type": "Feature", "geometry": {"type": "Point", "coordinates": [2.8797, 41.67]}, "properties": {"code": "302022501", "depth": 51}}, {"type": "Feature", "geometry": {"type": "Point", "coordinates": [2.8798, 41.67]}, "properties": {"code": "302022501", "depth": 51}}, {"type": "Feature", "geometry": {"type": "Point", "coordinates": [2.8781, 41.6699]}, "properties": {"code": "302022501", "depth": 50}}, {"type": "Feature", "geometry": {"type": "Point", "coordinates": [2.8756, 41.6699]}, "properties": {"code": "302022501", "depth": 50}}, {"type": "Feature", "geometry": {"type": "Point", "coordinates": [2.8814, 41.67]}, "properties": {"code": "302022501", "depth": 51}}, {"type": "Feature", "geometry": {"type": "Point", "coordinates": [2.8764, 41.6699]}, "properties": {"code": "302022501", "depth": 50}}, {"type": "Feature", "geometry": {"type": "Point", "coordinates": [2.8766, 41.6699]}, "properties": {"code": "302022501", "depth": 50}}, {"type": "Feature", "geometry": {"type": "Point", "coordinates": [2.8754, 41.67]}, "properties": {"code": "302022501", "depth": 50}}, {"type": "Feature", "geometry": {"type": "Point", "coordinates": [2.8822, 41.67]}, "properties": {"code": "302022501", "depth": 51}}, {"type": "Feature", "geometry": {"type": "Point", "coordinates": [2.8794, 41.6699]}, "properties": {"code": "302022501", "depth": 51}}, {"type": "Feature", "geometry": {"type": "Point", "coordinates": [2.8668, 41.6699]}, "properties": {"code": "302022501", "depth": 50}}, {"type": "Feature", "geometry": {"type": "Point", "coordinates": [2.8813, 41.67]}, "properties": {"code": "302022501", "depth": 51}}, {"type": "Feature", "geometry": {"type": "Point", "coordinates": [2.8795, 41.67]}, "properties": {"code": "302022501", "depth": 51}}, {"type": "Feature", "geometry": {"type": "Point", "coordinates": [2.868, 41.67]}, "properties": {"code": "302022501", "depth": 50}}, {"type": "Feature", "geometry": {"type": "Point", "coordinates": [2.8677, 41.67]}, "properties": {"code": "302022501", "depth": 50}}, {"type": "Feature", "geometry": {"type": "Point", "coordinates": [2.8766, 41.67]}, "properties": {"code": "302022501", "depth": 50}}, {"type": "Feature", "geometry": {"type": "Point", "coordinates": [2.872, 41.6699]}, "properties": {"code": "302022501", "depth": 50}}, {"type": "Feature", "geometry": {"type": "Point", "coordinates": [2.8691, 41.6699]}, "properties": {"code": "302022501", "depth": 51}}, {"type": "Feature", "geometry": {"type": "Point", "coordinates": [2.867, 41.6699]}, "properties": {"code": "302022501", "depth": 50}}, {"type": "Feature", "geometry": {"type": "Point", "coordinates": [2.8757, 41.67]}, "properties": {"code": "302022501", "depth": 50}}, {"type": "Feature", "geometry": {"type": "Point", "coordinates": [2.882, 41.67]}, "properties": {"code": "302022501", "depth": 51}}, {"type": "Feature", "geometry": {"type": "Point", "coordinates": [2.8764, 41.67]}, "properties": {"code": "302022501", "depth": 50}}, {"type": "Feature", "geometry": {"type": "Point", "coordinates": [2.8817, 41.6699]}, "properties": {"code": "302022501", "depth": 51}}, {"type": "Feature", "geometry": {"type": "Point", "coordinates": [2.8679, 41.67]}, "properties": {"code": "302022501", "depth": 50}}, {"type": "Feature", "geometry": {"type": "Point", "coordinates": [2.8814, 41.67]}, "properties": {"code": "302022501", "depth": 51}}, {"type": "Feature", "geometry": {"type": "Point", "coordinates": [2.8755, 41.67]}, "properties": {"code": "302022501", "depth": 50}}, {"type": "Feature", "geometry": {"type": "Point", "coordinates": [2.8756, 41.67]}, "properties": {"code": "302022501", "depth": 50}}, {"type": "Feature", "geometry": {"type": "Point", "coordinates": [2.8797, 41.67]}, "properties": {"code": "302022501", "depth": 51}}, {"type": "Feature", "geometry": {"type": "Point", "coordinates": [2.8669, 41.6699]}, "properties": {"code": "302022501", "depth": 50}}, {"type": "Feature", "geometry": {"type": "Point", "coordinates": [2.8798, 41.67]}, "properties": {"code": "302022501", "depth": 51}}, {"type": "Feature", "geometry": {"type": "Point", "coordinates": [2.8811, 41.67]}, "properties": {"code": "302022501", "depth": 51}}, {"type": "Feature", "geometry": {"type": "Point", "coordinates": [2.8718, 41.67]}, "properties": {"code": "302022501", "depth": 50}}, {"type": "Feature", "geometry": {"type": "Point", "coordinates": [2.874, 41.67]}, "properties": {"code": "302022501", "depth": 50}}, {"type": "Feature", "geometry": {"type": "Point", "coordinates": [2.8775, 41.67]}, "properties": {"code": "302022501", "depth": 50}}, {"type": "Feature", "geometry": {"type": "Point", "coordinates": [2.8761, 41.67]}, "properties": {"code": "302022501", "depth": 50}}, {"type": "Feature", "geometry": {"type": "Point", "coordinates": [2.8795, 41.67]}, "properties": {"code": "302022501", "depth": 51}}, {"type": "Feature", "geometry": {"type": "Point", "coordinates": [2.8826, 41.67]}, "properties": {"code": "302022501", "depth": 51}}, {"type": "Feature", "geometry": {"type": "Point", "coordinates": [2.8796, 41.67]}, "properties": {"code": "302022501", "depth": 51}}, {"type": "Feature", "geometry": {"type": "Point", "coordinates": [2.872, 41.67]}, "properties": {"code": "302022501", "depth": 50}}, {"type": "Feature", "geometry": {"type": "Point", "coordinates": [2.8792, 41.67]}, "properties": {"code": "302022501", "depth": 50}}, {"type": "Feature", "geometry": {"type": "Point", "coordinates": [2.8823, 41.67]}, "properties": {"code": "302022501", "depth": 51}}, {"type": "Feature", "geometry": {"type": "Point", "coordinates": [2.8826, 41.67]}, "properties": {"code": "302022501", "depth": 51}}, {"type": "Feature", "geometry": {"type": "Point", "coordinates": [2.8671, 41.67]}, "properties": {"code": "302022501", "depth": 50}}, {"type": "Feature", "geometry": {"type": "Point", "coordinates": [2.8812, 41.67]}, "properties": {"code": "302022501", "depth": 51}}, {"type": "Feature", "geometry": {"type": "Point", "coordinates": [2.8757, 41.67]}, "properties": {"code": "302022501", "depth": 50}}, {"type": "Feature", "geometry": {"type": "Point", "coordinates": [2.8812, 41.67]}, "properties": {"code": "302022501", "depth": 51}}, {"type": "Feature", "geometry": {"type": "Point", "coordinates": [2.8791, 41.67]}, "properties": {"code": "302022501", "depth": 50}}, {"type": "Feature", "geometry": {"type": "Point", "coordinates": [2.8673, 41.67]}, "properties": {"code": "302022501", "depth": 50}}, {"type": "Feature", "geometry": {"type": "Point", "coordinates": [2.8797, 41.67]}, "properties": {"code": "302022501", "depth": 51}}, {"type": "Feature", "geometry": {"type": "Point", "coordinates": [2.882, 41.67]}, "properties": {"code": "302022501", "depth": 51}}, {"type": "Feature", "geometry": {"type": "Point", "coordinates": [2.8756, 41.67]}, "properties": {"code": "302022501", "depth": 50}}, {"type": "Feature", "geometry": {"type": "Point", "coordinates": [2.8823, 41.67]}, "properties": {"code": "302022501", "depth": 51}}, {"type": "Feature", "geometry": {"type": "Point", "coordinates": [2.8796, 41.67]}, "properties": {"code": "302022501", "depth": 51}}, {"type": "Feature", "geometry": {"type": "Point", "coordinates": [2.8814, 41.67]}, "properties": {"code": "302022501", "depth": 51}}, {"type": "Feature", "geometry": {"type": "Point", "coordinates": [2.8679, 41.67]}, "properties": {"code": "302022501", "depth": 50}}, {"type": "Feature", "geometry": {"type": "Point", "coordinates": [2.8739, 41.67]}, "properties": {"code": "302022501", "depth": 50}}, {"type": "Feature", "geometry": {"type": "Point", "coordinates": [2.8826, 41.67]}, "properties": {"code": "302022501", "depth": 51}}, {"type": "Feature", "geometry": {"type": "Point", "coordinates": [2.8826, 41.67]}, "properties": {"code": "302022501", "depth": 51}}, {"type": "Feature", "geometry": {"type": "Point", "coordinates": [2.8779, 41.67]}, "properties": {"code": "302022501", "depth": 50}}, {"type": "Feature", "geometry": {"type": "Point", "coordinates": [2.8774, 41.67]}, "properties": {"code": "302022501", "depth": 50}}, {"type": "Feature", "geometry": {"type": "Point", "coordinates": [2.8777, 41.67]}, "properties": {"code": "302022501", "depth": 50}}, {"type": "Feature", "geometry": {"type": "Point", "coordinates": [2.8793, 41.67]}, "properties": {"code": "302022501", "depth": 51}}, {"type": "Feature", "geometry": {"type": "Point", "coordinates": [2.8825, 41.67]}, "properties": {"code": "302022501", "depth": 51}}, {"type": "Feature", "geometry": {"type": "Point", "coordinates": [2.8727, 41.67]}, "properties": {"code": "302022501", "depth": 50}}, {"type": "Feature", "geometry": {"type": "Point", "coordinates": [2.8792, 41.67]}, "properties": {"code": "302022501", "depth": 50}}, {"type": "Feature", "geometry": {"type": "Point", "coordinates": [2.8767, 41.67]}, "properties": {"code": "302022501", "depth": 50}}, {"type": "Feature", "geometry": {"type": "Point", "coordinates": [2.8679, 41.67]}, "properties": {"code": "302022501", "depth": 50}}, {"type": "Feature", "geometry": {"type": "Point", "coordinates": [2.8672, 41.67]}, "properties": {"code": "302022501", "depth": 50}}, {"type": "Feature", "geometry": {"type": "Point", "coordinates": [2.8818, 41.67]}, "properties": {"code": "302022501", "depth": 51}}, {"type": "Feature", "geometry": {"type": "Point", "coordinates": [2.8794, 41.67]}, "properties": {"code": "302022501", "depth": 51}}, {"type": "Feature", "geometry": {"type": "Point", "coordinates": [2.8781, 41.67]}, "properties": {"code": "302022501", "depth": 50}}, {"type": "Feature", "geometry": {"type": "Point", "coordinates": [2.8817, 41.67]}, "properties": {"code": "302022501", "depth": 51}}, {"type": "Feature", "geometry": {"type": "Point", "coordinates": [2.8732, 41.67]}, "properties": {"code": "302022501", "depth": 50}}, {"type": "Feature", "geometry": {"type": "Point", "coordinates": [2.8778, 41.67]}, "properties": {"code": "302022501", "depth": 50}}, {"type": "Feature", "geometry": {"type": "Point", "coordinates": [2.8673, 41.67]}, "properties": {"code": "302022501", "depth": 50}}, {"type": "Feature", "geometry": {"type": "Point", "coordinates": [2.8721, 41.67]}, "properties": {"code": "302022501", "depth": 50}}, {"type": "Feature", "geometry": {"type": "Point", "coordinates": [2.8826, 41.67]}, "properties": {"code": "302022501", "depth": 51}}, {"type": "Feature", "geometry": {"type": "Point", "coordinates": [2.8731, 41.67]}, "properties": {"code": "302022501", "depth": 50}}, {"type": "Feature", "geometry": {"type": "Point", "coordinates": [2.8768, 41.67]}, "properties": {"code": "302022501", "depth": 50}}, {"type": "Feature", "geometry": {"type": "Point", "coordinates": [2.8677, 41.67]}, "properties": {"code": "302022501", "depth": 50}}, {"type": "Feature", "geometry": {"type": "Point", "coordinates": [2.8757, 41.67]}, "properties": {"code": "302022501", "depth": 50}}, {"type": "Feature", "geometry": {"type": "Point", "coordinates": [2.8739, 41.67]}, "properties": {"code": "302022501", "depth": 50}}, {"type": "Feature", "geometry": {"type": "Point", "coordinates": [2.8782, 41.67]}, "properties": {"code": "302022501", "depth": 50}}, {"type": "Feature", "geometry": {"type": "Point", "coordinates": [2.8685, 41.67]}, "properties": {"code": "302022501", "depth": 50}}, {"type": "Feature", "geometry": {"type": "Point", "coordinates": [2.8773, 41.67]}, "properties": {"code": "302022501", "depth": 50}}, {"type": "Feature", "geometry": {"type": "Point", "coordinates": [2.8719, 41.67]}, "properties": {"code": "302022501", "depth": 50}}, {"type": "Feature", "geometry": {"type": "Point", "coordinates": [2.8722, 41.67]}, "properties": {"code": "302022501", "depth": 50}}, {"type": "Feature", "geometry": {"type": "Point", "coordinates": [2.8772, 41.67]}, "properties": {"code": "302022501", "depth": 50}}, {"type": "Feature", "geometry": {"type": "Point", "coordinates": [2.8775, 41.67]}, "properties": {"code": "302022501", "depth": 50}}, {"type": "Feature", "geometry": {"type": "Point", "coordinates": [2.876, 41.67]}, "properties": {"code": "302022501", "depth": 50}}, {"type": "Feature", "geometry": {"type": "Point", "coordinates": [2.8813, 41.67]}, "properties": {"code": "302022501", "depth": 51}}, {"type": "Feature", "geometry": {"type": "Point", "coordinates": [2.8814, 41.67]}, "properties": {"code": "302022501", "depth": 51}}, {"type": "Feature", "geometry": {"type": "Point", "coordinates": [2.8817, 41.6701]}, "properties": {"code": "302022501", "depth": 51}}, {"type": "Feature", "geometry": {"type": "Point", "coordinates": [2.8677, 41.67]}, "properties": {"code": "302022501", "depth": 50}}, {"type": "Feature", "geometry": {"type": "Point", "coordinates": [2.8675, 41.67]}, "properties": {"code": "302022501", "depth": 50}}, {"type": "Feature", "geometry": {"type": "Point", "coordinates": [2.8811, 41.67]}, "properties": {"code": "302022501", "depth": 51}}, {"type": "Feature", "geometry": {"type": "Point", "coordinates": [2.874, 41.67]}, "properties": {"code": "302022501", "depth": 50}}, {"type": "Feature", "geometry": {"type": "Point", "coordinates": [2.8673, 41.67]}, "properties": {"code": "302022501", "depth": 50}}, {"type": "Feature", "geometry": {"type": "Point", "coordinates": [2.8781, 41.6701]}, "properties": {"code": "302022501", "depth": 50}}, {"type": "Feature", "geometry": {"type": "Point", "coordinates": [2.8779, 41.6701]}, "properties": {"code": "302022501", "depth": 50}}, {"type": "Feature", "geometry": {"type": "Point", "coordinates": [2.8715, 41.6701]}, "properties": {"code": "302022501", "depth": 50}}, {"type": "Feature", "geometry": {"type": "Point", "coordinates": [2.8676, 41.6701]}, "properties": {"code": "302022501", "depth": 50}}, {"type": "Feature", "geometry": {"type": "Point", "coordinates": [2.868, 41.67]}, "properties": {"code": "302022501", "depth": 50}}, {"type": "Feature", "geometry": {"type": "Point", "coordinates": [2.8794, 41.6701]}, "properties": {"code": "302022501", "depth": 51}}, {"type": "Feature", "geometry": {"type": "Point", "coordinates": [2.8678, 41.67]}, "properties": {"code": "302022501", "depth": 50}}, {"type": "Feature", "geometry": {"type": "Point", "coordinates": [2.8826, 41.6701]}, "properties": {"code": "302022501", "depth": 51}}, {"type": "Feature", "geometry": {"type": "Point", "coordinates": [2.8783, 41.6701]}, "properties": {"code": "302022501", "depth": 50}}, {"type": "Feature", "geometry": {"type": "Point", "coordinates": [2.8725, 41.6701]}, "properties": {"code": "302022501", "depth": 50}}, {"type": "Feature", "geometry": {"type": "Point", "coordinates": [2.8761, 41.6701]}, "properties": {"code": "302022501", "depth": 50}}, {"type": "Feature", "geometry": {"type": "Point", "coordinates": [2.8776, 41.6701]}, "properties": {"code": "302022501", "depth": 50}}, {"type": "Feature", "geometry": {"type": "Point", "coordinates": [2.8685, 41.6701]}, "properties": {"code": "302022501", "depth": 50}}, {"type": "Feature", "geometry": {"type": "Point", "coordinates": [2.8685, 41.6701]}, "properties": {"code": "302022501", "depth": 50}}, {"type": "Feature", "geometry": {"type": "Point", "coordinates": [2.8717, 41.67]}, "properties": {"code": "302022501", "depth": 50}}, {"type": "Feature", "geometry": {"type": "Point", "coordinates": [2.878, 41.67]}, "properties": {"code": "302022501", "depth": 50}}, {"type": "Feature", "geometry": {"type": "Point", "coordinates": [2.8785, 41.6701]}, "properties": {"code": "302022501", "depth": 50}}, {"type": "Feature", "geometry": {"type": "Point", "coordinates": [2.8775, 41.6701]}, "properties": {"code": "302022501", "depth": 50}}, {"type": "Feature", "geometry": {"type": "Point", "coordinates": [2.8813, 41.6701]}, "properties": {"code": "302022501", "depth": 51}}, {"type": "Feature", "geometry": {"type": "Point", "coordinates": [2.8814, 41.6701]}, "properties": {"code": "302022501", "depth": 51}}, {"type": "Feature", "geometry": {"type": "Point", "coordinates": [2.8762, 41.6701]}, "properties": {"code": "302022501", "depth": 50}}, {"type": "Feature", "geometry": {"type": "Point", "coordinates": [2.8727, 41.6701]}, "properties": {"code": "302022501", "depth": 50}}, {"type": "Feature", "geometry": {"type": "Point", "coordinates": [2.8731, 41.6701]}, "properties": {"code": "302022501", "depth": 50}}, {"type": "Feature", "geometry": {"type": "Point", "coordinates": [2.8826, 41.6701]}, "properties": {"code": "302022501", "depth": 51}}, {"type": "Feature", "geometry": {"type": "Point", "coordinates": [2.8763, 41.6701]}, "properties": {"code": "302022501", "depth": 50}}, {"type": "Feature", "geometry": {"type": "Point", "coordinates": [2.8777, 41.6701]}, "properties": {"code": "302022501", "depth": 50}}, {"type": "Feature", "geometry": {"type": "Point", "coordinates": [2.8726, 41.6701]}, "properties": {"code": "302022501", "depth": 50}}, {"type": "Feature", "geometry": {"type": "Point", "coordinates": [2.8719, 41.6701]}, "properties": {"code": "302022501", "depth": 50}}, {"type": "Feature", "geometry": {"type": "Point", "coordinates": [2.8797, 41.6701]}, "properties": {"code": "302022501", "depth": 51}}, {"type": "Feature", "geometry": {"type": "Point", "coordinates": [2.872, 41.6701]}, "properties": {"code": "302022501", "depth": 50}}, {"type": "Feature", "geometry": {"type": "Point", "coordinates": [2.8825, 41.6701]}, "properties": {"code": "302022501", "depth": 51}}, {"type": "Feature", "geometry": {"type": "Point", "coordinates": [2.8776, 41.6701]}, "properties": {"code": "302022501", "depth": 50}}, {"type": "Feature", "geometry": {"type": "Point", "coordinates": [2.8686, 41.6701]}, "properties": {"code": "302022501", "depth": 50}}, {"type": "Feature", "geometry": {"type": "Point", "coordinates": [2.8775, 41.6701]}, "properties": {"code": "302022501", "depth": 50}}, {"type": "Feature", "geometry": {"type": "Point", "coordinates": [2.8827, 41.6701]}, "properties": {"code": "302022501", "depth": 51}}, {"type": "Feature", "geometry": {"type": "Point", "coordinates": [2.8732, 41.6701]}, "properties": {"code": "302022501", "depth": 50}}, {"type": "Feature", "geometry": {"type": "Point", "coordinates": [2.8679, 41.6701]}, "properties": {"code": "302022501", "depth": 50}}, {"type": "Feature", "geometry": {"type": "Point", "coordinates": [2.8825, 41.6701]}, "properties": {"code": "302022501", "depth": 51}}, {"type": "Feature", "geometry": {"type": "Point", "coordinates": [2.8723, 41.6701]}, "properties": {"code": "302022501", "depth": 50}}, {"type": "Feature", "geometry": {"type": "Point", "coordinates": [2.8788, 41.6701]}, "properties": {"code": "302022501", "depth": 50}}, {"type": "Feature", "geometry": {"type": "Point", "coordinates": [2.868, 41.6701]}, "properties": {"code": "302022501", "depth": 50}}, {"type": "Feature", "geometry": {"type": "Point", "coordinates": [2.8685, 41.6701]}, "properties": {"code": "302022501", "depth": 50}}, {"type": "Feature", "geometry": {"type": "Point", "coordinates": [2.878, 41.6701]}, "properties": {"code": "302022501", "depth": 50}}, {"type": "Feature", "geometry": {"type": "Point", "coordinates": [2.8827, 41.6701]}, "properties": {"code": "302022501", "depth": 51}}, {"type": "Feature", "geometry": {"type": "Point", "coordinates": [2.8796, 41.6701]}, "properties": {"code": "302022501", "depth": 51}}, {"type": "Feature", "geometry": {"type": "Point", "coordinates": [2.8729, 41.6701]}, "properties": {"code": "302022501", "depth": 50}}, {"type": "Feature", "geometry": {"type": "Point", "coordinates": [2.868, 41.6701]}, "properties": {"code": "302022501", "depth": 50}}, {"type": "Feature", "geometry": {"type": "Point", "coordinates": [2.8764, 41.6701]}, "properties": {"code": "302022501", "depth": 50}}, {"type": "Feature", "geometry": {"type": "Point", "coordinates": [2.8796, 41.6701]}, "properties": {"code": "302022501", "depth": 51}}, {"type": "Feature", "geometry": {"type": "Point", "coordinates": [2.8679, 41.6701]}, "properties": {"code": "302022501", "depth": 50}}, {"type": "Feature", "geometry": {"type": "Point", "coordinates": [2.8776, 41.6701]}, "properties": {"code": "302022501", "depth": 50}}, {"type": "Feature", "geometry": {"type": "Point", "coordinates": [2.8722, 41.6701]}, "properties": {"code": "302022501", "depth": 50}}, {"type": "Feature", "geometry": {"type": "Point", "coordinates": [2.8777, 41.6701]}, "properties": {"code": "302022501", "depth": 50}}, {"type": "Feature", "geometry": {"type": "Point", "coordinates": [2.8681, 41.6701]}, "properties": {"code": "302022501", "depth": 50}}, {"type": "Feature", "geometry": {"type": "Point", "coordinates": [2.8826, 41.6702]}, "properties": {"code": "302022501", "depth": 51}}, {"type": "Feature", "geometry": {"type": "Point", "coordinates": [2.8715, 41.6702]}, "properties": {"code": "302022501", "depth": 50}}, {"type": "Feature", "geometry": {"type": "Point", "coordinates": [2.8716, 41.6702]}, "properties": {"code": "302022501", "depth": 50}}, {"type": "Feature", "geometry": {"type": "Point", "coordinates": [2.8795, 41.6701]}, "properties": {"code": "302022501", "depth": 51}}, {"type": "Feature", "geometry": {"type": "Point", "coordinates": [2.8731, 41.6702]}, "properties": {"code": "302022501", "depth": 50}}, {"type": "Feature", "geometry": {"type": "Point", "coordinates": [2.8732, 41.6702]}, "properties": {"code": "302022501", "depth": 50}}, {"type": "Feature", "geometry": {"type": "Point", "coordinates": [2.8733, 41.6702]}, "properties": {"code": "302022501", "depth": 50}}, {"type": "Feature", "geometry": {"type": "Point", "coordinates": [2.8715, 41.6702]}, "properties": {"code": "302022501", "depth": 50}}, {"type": "Feature", "geometry": {"type": "Point", "coordinates": [2.8722, 41.6702]}, "properties": {"code": "302022501", "depth": 50}}, {"type": "Feature", "geometry": {"type": "Point", "coordinates": [2.8765, 41.6702]}, "properties": {"code": "302022501", "depth": 50}}, {"type": "Feature", "geometry": {"type": "Point", "coordinates": [2.8667, 41.6702]}, "properties": {"code": "302022501", "depth": 51}}, {"type": "Feature", "geometry": {"type": "Point", "coordinates": [2.883, 41.6702]}, "properties": {"code": "302022501", "depth": 51}}, {"type": "Feature", "geometry": {"type": "Point", "coordinates": [2.8788, 41.6702]}, "properties": {"code": "302022501", "depth": 50}}, {"type": "Feature", "geometry": {"type": "Point", "coordinates": [2.8786, 41.6702]}, "properties": {"code": "302022501", "depth": 50}}, {"type": "Feature", "geometry": {"type": "Point", "coordinates": [2.883, 41.6702]}, "properties": {"code": "302022501", "depth": 51}}, {"type": "Feature", "geometry": {"type": "Point", "coordinates": [2.868, 41.6702]}, "properties": {"code": "302022501", "depth": 50}}, {"type": "Feature", "geometry": {"type": "Point", "coordinates": [2.8738, 41.6702]}, "properties": {"code": "302022501", "depth": 50}}, {"type": "Feature", "geometry": {"type": "Point", "coordinates": [2.8716, 41.6702]}, "properties": {"code": "302022501", "depth": 50}}, {"type": "Feature", "geometry": {"type": "Point", "coordinates": [2.8826, 41.6702]}, "properties": {"code": "302022501", "depth": 51}}, {"type": "Feature", "geometry": {"type": "Point", "coordinates": [2.872, 41.6702]}, "properties": {"code": "302022501", "depth": 50}}, {"type": "Feature", "geometry": {"type": "Point", "coordinates": [2.873, 41.6702]}, "properties": {"code": "302022501", "depth": 50}}, {"type": "Feature", "geometry": {"type": "Point", "coordinates": [2.8825, 41.6702]}, "properties": {"code": "302022501", "depth": 51}}, {"type": "Feature", "geometry": {"type": "Point", "coordinates": [2.8679, 41.6702]}, "properties": {"code": "302022501", "depth": 50}}, {"type": "Feature", "geometry": {"type": "Point", "coordinates": [2.8721, 41.6702]}, "properties": {"code": "302022501", "depth": 50}}, {"type": "Feature", "geometry": {"type": "Point", "coordinates": [2.8717, 41.6702]}, "properties": {"code": "302022501", "depth": 50}}, {"type": "Feature", "geometry": {"type": "Point", "coordinates": [2.8674, 41.6702]}, "properties": {"code": "302022501", "depth": 50}}, {"type": "Feature", "geometry": {"type": "Point", "coordinates": [2.878, 41.6702]}, "properties": {"code": "302022501", "depth": 50}}, {"type": "Feature", "geometry": {"type": "Point", "coordinates": [2.8689, 41.6702]}, "properties": {"code": "302022501", "depth": 50}}, {"type": "Feature", "geometry": {"type": "Point", "coordinates": [2.8679, 41.6702]}, "properties": {"code": "302022501", "depth": 50}}, {"type": "Feature", "geometry": {"type": "Point", "coordinates": [2.868, 41.6702]}, "properties": {"code": "302022501", "depth": 50}}, {"type": "Feature", "geometry": {"type": "Point", "coordinates": [2.8723, 41.6702]}, "properties": {"code": "302022501", "depth": 50}}, {"type": "Feature", "geometry": {"type": "Point", "coordinates": [2.8671, 41.6701]}, "properties": {"code": "302022501", "depth": 50}}, {"type": "Feature", "geometry": {"type": "Point", "coordinates": [2.883, 41.6702]}, "properties": {"code": "302022501", "depth": 51}}, {"type": "Feature", "geometry": {"type": "Point", "coordinates": [2.8687, 41.6702]}, "properties": {"code": "302022501", "depth": 50}}, {"type": "Feature", "geometry": {"type": "Point", "coordinates": [2.8681, 41.6702]}, "properties": {"code": "302022501", "depth": 50}}, {"type": "Feature", "geometry": {"type": "Point", "coordinates": [2.8686, 41.6702]}, "properties": {"code": "302022501", "depth": 50}}, {"type": "Feature", "geometry": {"type": "Point", "coordinates": [2.8671, 41.6702]}, "properties": {"code": "302022501", "depth": 50}}, {"type": "Feature", "geometry": {"type": "Point", "coordinates": [2.8828, 41.6701]}, "properties": {"code": "302022501", "depth": 51}}, {"type": "Feature", "geometry": {"type": "Point", "coordinates": [2.8717, 41.6701]}, "properties": {"code": "302022501", "depth": 50}}, {"type": "Feature", "geometry": {"type": "Point", "coordinates": [2.8719, 41.6702]}, "properties": {"code": "302022501", "depth": 50}}, {"type": "Feature", "geometry": {"type": "Point", "coordinates": [2.8681, 41.6702]}, "properties": {"code": "302022501", "depth": 50}}, {"type": "Feature", "geometry": {"type": "Point", "coordinates": [2.8828, 41.6702]}, "properties": {"code": "302022501", "depth": 51}}, {"type": "Feature", "geometry": {"type": "Point", "coordinates": [2.8733, 41.6702]}, "properties": {"code": "302022501", "depth": 50}}, {"type": "Feature", "geometry": {"type": "Point", "coordinates": [2.8738, 41.6702]}, "properties": {"code": "302022501", "depth": 50}}, {"type": "Feature", "geometry": {"type": "Point", "coordinates": [2.878, 41.6702]}, "properties": {"code": "302022501", "depth": 50}}, {"type": "Feature", "geometry": {"type": "Point", "coordinates": [2.8674, 41.6702]}, "properties": {"code": "302022501", "depth": 50}}, {"type": "Feature", "geometry": {"type": "Point", "coordinates": [2.8766, 41.6702]}, "properties": {"code": "302022501", "depth": 50}}, {"type": "Feature", "geometry": {"type": "Point", "coordinates": [2.8717, 41.6702]}, "properties": {"code": "302022501", "depth": 50}}, {"type": "Feature", "geometry": {"type": "Point", "coordinates": [2.8827, 41.6703]}, "properties": {"code": "302022501", "depth": 51}}, {"type": "Feature", "geometry": {"type": "Point", "coordinates": [2.8742, 41.6702]}, "properties": {"code": "302022501", "depth": 50}}, {"type": "Feature", "geometry": {"type": "Point", "coordinates": [2.8782, 41.6702]}, "properties": {"code": "302022501", "depth": 50}}, {"type": "Feature", "geometry": {"type": "Point", "coordinates": [2.8681, 41.6702]}, "properties": {"code": "302022501", "depth": 50}}, {"type": "Feature", "geometry": {"type": "Point", "coordinates": [2.8721, 41.6703]}, "properties": {"code": "302022501", "depth": 50}}, {"type": "Feature", "geometry": {"type": "Point", "coordinates": [2.8672, 41.6702]}, "properties": {"code": "302022501", "depth": 50}}, {"type": "Feature", "geometry": {"type": "Point", "coordinates": [2.8829, 41.6702]}, "properties": {"code": "302022501", "depth": 51}}, {"type": "Feature", "geometry": {"type": "Point", "coordinates": [2.8682, 41.6703]}, "properties": {"code": "302022501", "depth": 50}}, {"type": "Feature", "geometry": {"type": "Point", "coordinates": [2.8786, 41.6703]}, "properties": {"code": "302022501", "depth": 50}}, {"type": "Feature", "geometry": {"type": "Point", "coordinates": [2.874, 41.6703]}, "properties": {"code": "302022501", "depth": 50}}, {"type": "Feature", "geometry": {"type": "Point", "coordinates": [2.8688, 41.6703]}, "properties": {"code": "302022501", "depth": 50}}, {"type": "Feature", "geometry": {"type": "Point", "coordinates": [2.8688, 41.6703]}, "properties": {"code": "302022501", "depth": 50}}, {"type": "Feature", "geometry": {"type": "Point", "coordinates": [2.8779, 41.6702]}, "properties": {"code": "302022501", "depth": 50}}, {"type": "Feature", "geometry": {"type": "Point", "coordinates": [2.8726, 41.6703]}, "properties": {"code": "302022501", "depth": 50}}, {"type": "Feature", "geometry": {"type": "Point", "coordinates": [2.867, 41.6702]}, "properties": {"code": "302022501", "depth": 50}}, {"type": "Feature", "geometry": {"type": "Point", "coordinates": [2.8675, 41.6702]}, "properties": {"code": "302022501", "depth": 50}}, {"type": "Feature", "geometry": {"type": "Point", "coordinates": [2.8786, 41.6703]}, "properties": {"code": "302022501", "depth": 50}}, {"type": "Feature", "geometry": {"type": "Point", "coordinates": [2.8735, 41.6703]}, "properties": {"code": "302022501", "depth": 50}}, {"type": "Feature", "geometry": {"type": "Point", "coordinates": [2.8677, 41.6702]}, "properties": {"code": "302022501", "depth": 50}}, {"type": "Feature", "geometry": {"type": "Point", "coordinates": [2.8787, 41.6703]}, "properties": {"code": "302022501", "depth": 50}}, {"type": "Feature", "geometry": {"type": "Point", "coordinates": [2.8742, 41.6703]}, "properties": {"code": "302022501", "depth": 50}}, {"type": "Feature", "geometry": {"type": "Point", "coordinates": [2.8724, 41.6703]}, "properties": {"code": "302022501", "depth": 50}}, {"type": "Feature", "geometry": {"type": "Point", "coordinates": [2.8791, 41.6703]}, "properties": {"code": "302022501", "depth": 50}}, {"type": "Feature", "geometry": {"type": "Point", "coordinates": [2.8684, 41.6703]}, "properties": {"code": "302022501", "depth": 50}}, {"type": "Feature", "geometry": {"type": "Point", "coordinates": [2.883, 41.6703]}, "properties": {"code": "302022501", "depth": 51}}, {"type": "Feature", "geometry": {"type": "Point", "coordinates": [2.8781, 41.6702]}, "properties": {"code": "302022501", "depth": 50}}, {"type": "Feature", "geometry": {"type": "Point", "coordinates": [2.8827, 41.6703]}, "properties": {"code": "302022501", "depth": 51}}, {"type": "Feature", "geometry": {"type": "Point", "coordinates": [2.8781, 41.6703]}, "properties": {"code": "302022501", "depth": 50}}, {"type": "Feature", "geometry": {"type": "Point", "coordinates": [2.8672, 41.6703]}, "properties": {"code": "302022501", "depth": 50}}, {"type": "Feature", "geometry": {"type": "Point", "coordinates": [2.8829, 41.6703]}, "properties": {"code": "302022501", "depth": 51}}, {"type": "Feature", "geometry": {"type": "Point", "coordinates": [2.8683, 41.6703]}, "properties": {"code": "302022501", "depth": 50}}, {"type": "Feature", "geometry": {"type": "Point", "coordinates": [2.8743, 41.6703]}, "properties": {"code": "302022501", "depth": 50}}, {"type": "Feature", "geometry": {"type": "Point", "coordinates": [2.8673, 41.6703]}, "properties": {"code": "302022501", "depth": 50}}, {"type": "Feature", "geometry": {"type": "Point", "coordinates": [2.879, 41.6703]}, "properties": {"code": "302022501", "depth": 50}}, {"type": "Feature", "geometry": {"type": "Point", "coordinates": [2.8669, 41.6703]}, "properties": {"code": "302022501", "depth": 50}}, {"type": "Feature", "geometry": {"type": "Point", "coordinates": [2.8784, 41.6702]}, "properties": {"code": "302022501", "depth": 50}}, {"type": "Feature", "geometry": {"type": "Point", "coordinates": [2.8669, 41.6703]}, "properties": {"code": "302022501", "depth": 50}}, {"type": "Feature", "geometry": {"type": "Point", "coordinates": [2.8828, 41.6703]}, "properties": {"code": "302022501", "depth": 51}}, {"type": "Feature", "geometry": {"type": "Point", "coordinates": [2.8782, 41.6703]}, "properties": {"code": "302022501", "depth": 50}}, {"type": "Feature", "geometry": {"type": "Point", "coordinates": [2.8673, 41.6703]}, "properties": {"code": "302022501", "depth": 50}}, {"type": "Feature", "geometry": {"type": "Point", "coordinates": [2.883, 41.6703]}, "properties": {"code": "302022501", "depth": 51}}, {"type": "Feature", "geometry": {"type": "Point", "coordinates": [2.8792, 41.6703]}, "properties": {"code": "302022501", "depth": 50}}, {"type": "Feature", "geometry": {"type": "Point", "coordinates": [2.883, 41.6703]}, "properties": {"code": "302022501", "depth": 51}}, {"type": "Feature", "geometry": {"type": "Point", "coordinates": [2.8676, 41.6703]}, "properties": {"code": "302022501", "depth": 50}}, {"type": "Feature", "geometry": {"type": "Point", "coordinates": [2.8788, 41.6703]}, "properties": {"code": "302022501", "depth": 50}}, {"type": "Feature", "geometry": {"type": "Point", "coordinates": [2.8732, 41.6703]}, "properties": {"code": "302022501", "depth": 50}}, {"type": "Feature", "geometry": {"type": "Point", "coordinates": [2.8683, 41.6703]}, "properties": {"code": "302022501", "depth": 50}}, {"type": "Feature", "geometry": {"type": "Point", "coordinates": [2.8675, 41.6703]}, "properties": {"code": "302022501", "depth": 50}}, {"type": "Feature", "geometry": {"type": "Point", "coordinates": [2.8788, 41.6703]}, "properties": {"code": "302022501", "depth": 50}}, {"type": "Feature", "geometry": {"type": "Point", "coordinates": [2.8671, 41.6703]}, "properties": {"code": "302022501", "depth": 50}}, {"type": "Feature", "geometry": {"type": "Point", "coordinates": [2.8776, 41.6703]}, "properties": {"code": "302022501", "depth": 50}}, {"type": "Feature", "geometry": {"type": "Point", "coordinates": [2.8785, 41.6703]}, "properties": {"code": "302022501", "depth": 50}}, {"type": "Feature", "geometry": {"type": "Point", "coordinates": [2.8715, 41.6703]}, "properties": {"code": "302022501", "depth": 50}}, {"type": "Feature", "geometry": {"type": "Point", "coordinates": [2.8781, 41.6703]}, "properties": {"code": "302022501", "depth": 50}}, {"type": "Feature", "geometry": {"type": "Point", "coordinates": [2.8793, 41.6703]}, "properties": {"code": "302022501", "depth": 50}}, {"type": "Feature", "geometry": {"type": "Point", "coordinates": [2.8671, 41.6703]}, "properties": {"code": "302022501", "depth": 50}}, {"type": "Feature", "geometry": {"type": "Point", "coordinates": [2.8742, 41.6703]}, "properties": {"code": "302022501", "depth": 50}}, {"type": "Feature", "geometry": {"type": "Point", "coordinates": [2.875, 41.6703]}, "properties": {"code": "302022501", "depth": 50}}, {"type": "Feature", "geometry": {"type": "Point", "coordinates": [2.8671, 41.6703]}, "properties": {"code": "302022501", "depth": 50}}, {"type": "Feature", "geometry": {"type": "Point", "coordinates": [2.8678, 41.6703]}, "properties": {"code": "302022501", "depth": 50}}, {"type": "Feature", "geometry": {"type": "Point", "coordinates": [2.8679, 41.6703]}, "properties": {"code": "302022501", "depth": 50}}, {"type": "Feature", "geometry": {"type": "Point", "coordinates": [2.878, 41.6703]}, "properties": {"code": "302022501", "depth": 50}}, {"type": "Feature", "geometry": {"type": "Point", "coordinates": [2.8797, 41.6703]}, "properties": {"code": "302022501", "depth": 51}}, {"type": "Feature", "geometry": {"type": "Point", "coordinates": [2.8784, 41.6703]}, "properties": {"code": "302022501", "depth": 50}}, {"type": "Feature", "geometry": {"type": "Point", "coordinates": [2.8673, 41.6703]}, "properties": {"code": "302022501", "depth": 50}}, {"type": "Feature", "geometry": {"type": "Point", "coordinates": [2.8668, 41.6703]}, "properties": {"code": "302022501", "depth": 51}}, {"type": "Feature", "geometry": {"type": "Point", "coordinates": [2.8715, 41.6703]}, "properties": {"code": "302022501", "depth": 50}}, {"type": "Feature", "geometry": {"type": "Point", "coordinates": [2.8778, 41.6703]}, "properties": {"code": "302022501", "depth": 50}}, {"type": "Feature", "geometry": {"type": "Point", "coordinates": [2.8802, 41.6704]}, "properties": {"code": "302022501", "depth": 51}}, {"type": "Feature", "geometry": {"type": "Point", "coordinates": [2.8831, 41.6704]}, "properties": {"code": "302022501", "depth": 51}}, {"type": "Feature", "geometry": {"type": "Point", "coordinates": [2.8677, 41.6703]}, "properties": {"code": "302022501", "depth": 50}}, {"type": "Feature", "geometry": {"type": "Point", "coordinates": [2.8727, 41.6703]}, "properties": {"code": "302022501", "depth": 50}}, {"type": "Feature", "geometry": {"type": "Point", "coordinates": [2.8793, 41.6704]}, "properties": {"code": "302022501", "depth": 51}}, {"type": "Feature", "geometry": {"type": "Point", "coordinates": [2.8714, 41.6704]}, "properties": {"code": "302022501", "depth": 50}}, {"type": "Feature", "geometry": {"type": "Point", "coordinates": [2.8749, 41.6704]}, "properties": {"code": "302022501", "depth": 50}}, {"type": "Feature", "geometry": {"type": "Point", "coordinates": [2.875, 41.6704]}, "properties": {"code": "302022501", "depth": 50}}, {"type": "Feature", "geometry": {"type": "Point", "coordinates": [2.8667, 41.6703]}, "properties": {"code": "302022501", "depth": 51}}, {"type": "Feature", "geometry": {"type": "Point", "coordinates": [2.8749, 41.6704]}, "properties": {"code": "302022501", "depth": 50}}, {"type": "Feature", "geometry": {"type": "Point", "coordinates": [2.8668, 41.6704]}, "properties": {"code": "302022501", "depth": 51}}, {"type": "Feature", "geometry": {"type": "Point", "coordinates": [2.8717, 41.6704]}, "properties": {"code": "302022501", "depth": 50}}, {"type": "Feature", "geometry": {"type": "Point", "coordinates": [2.8741, 41.6704]}, "properties": {"code": "302022501", "depth": 50}}, {"type": "Feature", "geometry": {"type": "Point", "coordinates": [2.8795, 41.6703]}, "properties": {"code": "302022501", "depth": 51}}, {"type": "Feature", "geometry": {"type": "Point", "coordinates": [2.8718, 41.6704]}, "properties": {"code": "302022501", "depth": 50}}, {"type": "Feature", "geometry": {"type": "Point", "coordinates": [2.867, 41.6703]}, "properties": {"code": "302022501", "depth": 50}}, {"type": "Feature", "geometry": {"type": "Point", "coordinates": [2.8717, 41.6704]}, "properties": {"code": "302022501", "depth": 50}}, {"type": "Feature", "geometry": {"type": "Point", "coordinates": [2.8737, 41.6704]}, "properties": {"code": "302022501", "depth": 50}}, {"type": "Feature", "geometry": {"type": "Point", "coordinates": [2.8667, 41.6704]}, "properties": {"code": "302022501", "depth": 51}}, {"type": "Feature", "geometry": {"type": "Point", "coordinates": [2.8751, 41.6704]}, "properties": {"code": "302022501", "depth": 50}}, {"type": "Feature", "geometry": {"type": "Point", "coordinates": [2.8738, 41.6704]}, "properties": {"code": "302022501", "depth": 50}}, {"type": "Feature", "geometry": {"type": "Point", "coordinates": [2.8673, 41.6704]}, "properties": {"code": "302022501", "depth": 50}}, {"type": "Feature", "geometry": {"type": "Point", "coordinates": [2.8729, 41.6704]}, "properties": {"code": "302022501", "depth": 50}}, {"type": "Feature", "geometry": {"type": "Point", "coordinates": [2.8779, 41.6704]}, "properties": {"code": "302022501", "depth": 50}}, {"type": "Feature", "geometry": {"type": "Point", "coordinates": [2.8669, 41.6704]}, "properties": {"code": "302022501", "depth": 50}}, {"type": "Feature", "geometry": {"type": "Point", "coordinates": [2.8748, 41.6704]}, "properties": {"code": "302022501", "depth": 50}}, {"type": "Feature", "geometry": {"type": "Point", "coordinates": [2.8734, 41.6704]}, "properties": {"code": "302022501", "depth": 50}}, {"type": "Feature", "geometry": {"type": "Point", "coordinates": [2.8735, 41.6704]}, "properties": {"code": "302022501", "depth": 50}}, {"type": "Feature", "geometry": {"type": "Point", "coordinates": [2.8716, 41.6704]}, "properties": {"code": "302022501", "depth": 50}}, {"type": "Feature", "geometry": {"type": "Point", "coordinates": [2.8751, 41.6704]}, "properties": {"code": "302022501", "depth": 50}}, {"type": "Feature", "geometry": {"type": "Point", "coordinates": [2.8729, 41.6704]}, "properties": {"code": "302022501", "depth": 50}}, {"type": "Feature", "geometry": {"type": "Point", "coordinates": [2.8784, 41.6704]}, "properties": {"code": "302022501", "depth": 50}}, {"type": "Feature", "geometry": {"type": "Point", "coordinates": [2.8732, 41.6704]}, "properties": {"code": "302022501", "depth": 50}}, {"type": "Feature", "geometry": {"type": "Point", "coordinates": [2.8795, 41.6704]}, "properties": {"code": "302022501", "depth": 51}}, {"type": "Feature", "geometry": {"type": "Point", "coordinates": [2.8799, 41.6703]}, "properties": {"code": "302022501", "depth": 51}}, {"type": "Feature", "geometry": {"type": "Point", "coordinates": [2.8718, 41.6704]}, "properties": {"code": "302022501", "depth": 50}}, {"type": "Feature", "geometry": {"type": "Point", "coordinates": [2.8716, 41.6704]}, "properties": {"code": "302022501", "depth": 50}}, {"type": "Feature", "geometry": {"type": "Point", "coordinates": [2.8781, 41.6704]}, "properties": {"code": "302022501", "depth": 50}}, {"type": "Feature", "geometry": {"type": "Point", "coordinates": [2.8673, 41.6704]}, "properties": {"code": "302022501", "depth": 50}}, {"type": "Feature", "geometry": {"type": "Point", "coordinates": [2.867, 41.6704]}, "properties": {"code": "302022501", "depth": 50}}, {"type": "Feature", "geometry": {"type": "Point", "coordinates": [2.8748, 41.6704]}, "properties": {"code": "302022501", "depth": 50}}, {"type": "Feature", "geometry": {"type": "Point", "coordinates": [2.8799, 41.6704]}, "properties": {"code": "302022501", "depth": 51}}, {"type": "Feature", "geometry": {"type": "Point", "coordinates": [2.8795, 41.6704]}, "properties": {"code": "302022501", "depth": 51}}, {"type": "Feature", "geometry": {"type": "Point", "coordinates": [2.8738, 41.6704]}, "properties": {"code": "302022501", "depth": 50}}, {"type": "Feature", "geometry": {"type": "Point", "coordinates": [2.8718, 41.6704]}, "properties": {"code": "302022501", "depth": 50}}, {"type": "Feature", "geometry": {"type": "Point", "coordinates": [2.8665, 41.6704]}, "properties": {"code": "302022501", "depth": 51}}, {"type": "Feature", "geometry": {"type": "Point", "coordinates": [2.8787, 41.6704]}, "properties": {"code": "302022501", "depth": 50}}, {"type": "Feature", "geometry": {"type": "Point", "coordinates": [2.879, 41.6704]}, "properties": {"code": "302022501", "depth": 50}}, {"type": "Feature", "geometry": {"type": "Point", "coordinates": [2.8691, 41.6704]}, "properties": {"code": "302022501", "depth": 51}}, {"type": "Feature", "geometry": {"type": "Point", "coordinates": [2.8784, 41.6704]}, "properties": {"code": "302022501", "depth": 50}}, {"type": "Feature", "geometry": {"type": "Point", "coordinates": [2.8727, 41.6704]}, "properties": {"code": "302022501", "depth": 50}}, {"type": "Feature", "geometry": {"type": "Point", "coordinates": [2.873, 41.6704]}, "properties": {"code": "302022501", "depth": 50}}, {"type": "Feature", "geometry": {"type": "Point", "coordinates": [2.87, 41.6704]}, "properties": {"code": "302022501", "depth": 51}}, {"type": "Feature", "geometry": {"type": "Point", "coordinates": [2.8739, 41.6704]}, "properties": {"code": "302022501", "depth": 50}}, {"type": "Feature", "geometry": {"type": "Point", "coordinates": [2.8746, 41.6705]}, "properties": {"code": "302022501", "depth": 50}}, {"type": "Feature", "geometry": {"type": "Point", "coordinates": [2.8671, 41.6704]}, "properties": {"code": "302022501", "depth": 50}}, {"type": "Feature", "geometry": {"type": "Point", "coordinates": [2.8718, 41.6705]}, "properties": {"code": "302022501", "depth": 50}}, {"type": "Feature", "geometry": {"type": "Point", "coordinates": [2.8717, 41.6704]}, "properties": {"code": "302022501", "depth": 50}}, {"type": "Feature", "geometry": {"type": "Point", "coordinates": [2.8755, 41.6705]}, "properties": {"code": "302022501", "depth": 50}}, {"type": "Feature", "geometry": {"type": "Point", "coordinates": [2.8728, 41.6705]}, "properties": {"code": "302022501", "depth": 50}}, {"type": "Feature", "geometry": {"type": "Point", "coordinates": [2.8666, 41.6705]}, "properties": {"code": "302022501", "depth": 51}}, {"type": "Feature", "geometry": {"type": "Point", "coordinates": [2.8667, 41.6705]}, "properties": {"code": "302022501", "depth": 51}}, {"type": "Feature", "geometry": {"type": "Point", "coordinates": [2.869, 41.6705]}, "properties": {"code": "302022501", "depth": 51}}, {"type": "Feature", "geometry": {"type": "Point", "coordinates": [2.8731, 41.6705]}, "properties": {"code": "302022501", "depth": 50}}, {"type": "Feature", "geometry": {"type": "Point", "coordinates": [2.8783, 41.6705]}, "properties": {"code": "302022501", "depth": 50}}, {"type": "Feature", "geometry": {"type": "Point", "coordinates": [2.8729, 41.6705]}, "properties": {"code": "302022501", "depth": 50}}, {"type": "Feature", "geometry": {"type": "Point", "coordinates": [2.8668, 41.6705]}, "properties": {"code": "302022501", "depth": 51}}, {"type": "Feature", "geometry": {"type": "Point", "coordinates": [2.8672, 41.6704]}, "properties": {"code": "302022501", "depth": 50}}, {"type": "Feature", "geometry": {"type": "Point", "coordinates": [2.8681, 41.6705]}, "properties": {"code": "302022501", "depth": 50}}, {"type": "Feature", "geometry": {"type": "Point", "coordinates": [2.8835, 41.6705]}, "properties": {"code": "302022501", "depth": 51}}, {"type": "Feature", "geometry": {"type": "Point", "coordinates": [2.8741, 41.6705]}, "properties": {"code": "302022501", "depth": 50}}, {"type": "Feature", "geometry": {"type": "Point", "coordinates": [2.8745, 41.6705]}, "properties": {"code": "302022501", "depth": 50}}, {"type": "Feature", "geometry": {"type": "Point", "coordinates": [2.8795, 41.6705]}, "properties": {"code": "302022501", "depth": 51}}, {"type": "Feature", "geometry": {"type": "Point", "coordinates": [2.867, 41.6705]}, "properties": {"code": "302022501", "depth": 50}}, {"type": "Feature", "geometry": {"type": "Point", "coordinates": [2.8717, 41.6705]}, "properties": {"code": "302022501", "depth": 50}}, {"type": "Feature", "geometry": {"type": "Point", "coordinates": [2.8803, 41.6705]}, "properties": {"code": "302022501", "depth": 51}}, {"type": "Feature", "geometry": {"type": "Point", "coordinates": [2.8693, 41.6705]}, "properties": {"code": "302022501", "depth": 51}}, {"type": "Feature", "geometry": {"type": "Point", "coordinates": [2.8727, 41.6705]}, "properties": {"code": "302022501", "depth": 50}}, {"type": "Feature", "geometry": {"type": "Point", "coordinates": [2.8742, 41.6705]}, "properties": {"code": "302022501", "depth": 50}}, {"type": "Feature", "geometry": {"type": "Point", "coordinates": [2.867, 41.6705]}, "properties": {"code": "302022501", "depth": 50}}, {"type": "Feature", "geometry": {"type": "Point", "coordinates": [2.8715, 41.6705]}, "properties": {"code": "302022501", "depth": 50}}, {"type": "Feature", "geometry": {"type": "Point", "coordinates": [2.8829, 41.6705]}, "properties": {"code": "302022501", "depth": 51}}, {"type": "Feature", "geometry": {"type": "Point", "coordinates": [2.8786, 41.6705]}, "properties": {"code": "302022501", "depth": 50}}, {"type": "Feature", "geometry": {"type": "Point", "coordinates": [2.8685, 41.6705]}, "properties": {"code": "302022501", "depth": 50}}, {"type": "Feature", "geometry": {"type": "Point", "coordinates": [2.8671, 41.6705]}, "properties": {"code": "302022501", "depth": 50}}, {"type": "Feature", "geometry": {"type": "Point", "coordinates": [2.8789, 41.6705]}, "properties": {"code": "302022501", "depth": 50}}, {"type": "Feature", "geometry": {"type": "Point", "coordinates": [2.8726, 41.6705]}, "properties": {"code": "302022501", "depth": 50}}, {"type": "Feature", "geometry": {"type": "Point", "coordinates": [2.8804, 41.6705]}, "properties": {"code": "302022501", "depth": 51}}, {"type": "Feature", "geometry": {"type": "Point", "coordinates": [2.8726, 41.6705]}, "properties": {"code": "302022501", "depth": 50}}, {"type": "Feature", "geometry": {"type": "Point", "coordinates": [2.8715, 41.6705]}, "properties": {"code": "302022501", "depth": 50}}, {"type": "Feature", "geometry": {"type": "Point", "coordinates": [2.873, 41.6705]}, "properties": {"code": "302022501", "depth": 50}}, {"type": "Feature", "geometry": {"type": "Point", "coordinates": [2.8672, 41.6705]}, "properties": {"code": "302022501", "depth": 50}}, {"type": "Feature", "geometry": {"type": "Point", "coordinates": [2.8756, 41.6705]}, "properties": {"code": "302022501", "depth": 50}}, {"type": "Feature", "geometry": {"type": "Point", "coordinates": [2.8692, 41.6705]}, "properties": {"code": "302022501", "depth": 51}}, {"type": "Feature", "geometry": {"type": "Point", "coordinates": [2.8787, 41.6705]}, "properties": {"code": "302022501", "depth": 50}}, {"type": "Feature", "geometry": {"type": "Point", "coordinates": [2.8785, 41.6705]}, "properties": {"code": "302022501", "depth": 50}}, {"type": "Feature", "geometry": {"type": "Point", "coordinates": [2.867, 41.6705]}, "properties": {"code": "302022501", "depth": 50}}, {"type": "Feature", "geometry": {"type": "Point", "coordinates": [2.8686, 41.6705]}, "properties": {"code": "302022501", "depth": 50}}, {"type": "Feature", "geometry": {"type": "Point", "coordinates": [2.8751, 41.6705]}, "properties": {"code": "302022501", "depth": 50}}, {"type": "Feature", "geometry": {"type": "Point", "coordinates": [2.8733, 41.6705]}, "properties": {"code": "302022501", "depth": 50}}, {"type": "Feature", "geometry": {"type": "Point", "coordinates": [2.8718, 41.6705]}, "properties": {"code": "302022501", "depth": 50}}, {"type": "Feature", "geometry": {"type": "Point", "coordinates": [2.873, 41.6705]}, "properties": {"code": "302022501", "depth": 50}}, {"type": "Feature", "geometry": {"type": "Point", "coordinates": [2.8787, 41.6705]}, "properties": {"code": "302022501", "depth": 50}}, {"type": "Feature", "geometry": {"type": "Point", "coordinates": [2.8739, 41.6705]}, "properties": {"code": "302022501", "depth": 50}}, {"type": "Feature", "geometry": {"type": "Point", "coordinates": [2.8794, 41.6706]}, "properties": {"code": "302022501", "depth": 51}}, {"type": "Feature", "geometry": {"type": "Point", "coordinates": [2.8682, 41.6704]}, "properties": {"code": "302022501", "depth": 50}}, {"type": "Feature", "geometry": {"type": "Point", "coordinates": [2.8831, 41.6704]}, "properties": {"code": "302022501", "depth": 51}}, {"type": "Feature", "geometry": {"type": "Point", "coordinates": [2.8716, 41.6705]}, "properties": {"code": "302022501", "depth": 50}}, {"type": "Feature", "geometry": {"type": "Point", "coordinates": [2.8727, 41.6705]}, "properties": {"code": "302022501", "depth": 50}}, {"type": "Feature", "geometry": {"type": "Point", "coordinates": [2.8668, 41.6705]}, "properties": {"code": "302022501", "depth": 50}}, {"type": "Feature", "geometry": {"type": "Point", "coordinates": [2.8791, 41.6706]}, "properties": {"code": "302022501", "depth": 50}}, {"type": "Feature", "geometry": {"type": "Point", "coordinates": [2.8789, 41.6706]}, "properties": {"code": "302022501", "depth": 50}}, {"type": "Feature", "geometry": {"type": "Point", "coordinates": [2.8755, 41.6706]}, "properties": {"code": "302022501", "depth": 50}}, {"type": "Feature", "geometry": {"type": "Point", "coordinates": [2.8797, 41.6705]}, "properties": {"code": "302022501", "depth": 51}}, {"type": "Feature", "geometry": {"type": "Point", "coordinates": [2.873, 41.6706]}, "properties": {"code": "302022501", "depth": 50}}, {"type": "Feature", "geometry": {"type": "Point", "coordinates": [2.8744, 41.6706]}, "properties": {"code": "302022501", "depth": 50}}, {"type": "Feature", "geometry": {"type": "Point", "coordinates": [2.867, 41.6706]}, "properties": {"code": "302022501", "depth": 50}}, {"type": "Feature", "geometry": {"type": "Point", "coordinates": [2.8799, 41.6706]}, "properties": {"code": "302022501", "depth": 51}}, {"type": "Feature", "geometry": {"type": "Point", "coordinates": [2.8837, 41.6706]}, "properties": {"code": "302022501", "depth": 51}}, {"type": "Feature", "geometry": {"type": "Point", "coordinates": [2.8792, 41.6706]}, "properties": {"code": "302022501", "depth": 50}}, {"type": "Feature", "geometry": {"type": "Point", "coordinates": [2.8746, 41.6706]}, "properties": {"code": "302022501", "depth": 50}}, {"type": "Feature", "geometry": {"type": "Point", "coordinates": [2.8724, 41.6706]}, "properties": {"code": "302022501", "depth": 50}}, {"type": "Feature", "geometry": {"type": "Point", "coordinates": [2.874, 41.6706]}, "properties": {"code": "302022501", "depth": 50}}, {"type": "Feature", "geometry": {"type": "Point", "coordinates": [2.8739, 41.6706]}, "properties": {"code": "302022501", "depth": 50}}, {"type": "Feature", "geometry": {"type": "Point", "coordinates": [2.8733, 41.6706]}, "properties": {"code": "302022501", "depth": 50}}, {"type": "Feature", "geometry": {"type": "Point", "coordinates": [2.8671, 41.6706]}, "properties": {"code": "302022501", "depth": 50}}, {"type": "Feature", "geometry": {"type": "Point", "coordinates": [2.8805, 41.6706]}, "properties": {"code": "302022501", "depth": 51}}, {"type": "Feature", "geometry": {"type": "Point", "coordinates": [2.873, 41.6706]}, "properties": {"code": "302022501", "depth": 50}}, {"type": "Feature", "geometry": {"type": "Point", "coordinates": [2.8671, 41.6706]}, "properties": {"code": "302022501", "depth": 50}}, {"type": "Feature", "geometry": {"type": "Point", "coordinates": [2.8804, 41.6706]}, "properties": {"code": "302022501", "depth": 51}}, {"type": "Feature", "geometry": {"type": "Point", "coordinates": [2.8802, 41.6706]}, "properties": {"code": "302022501", "depth": 51}}, {"type": "Feature", "geometry": {"type": "Point", "coordinates": [2.8792, 41.6706]}, "properties": {"code": "302022501", "depth": 50}}, {"type": "Feature", "geometry": {"type": "Point", "coordinates": [2.8749, 41.6706]}, "properties": {"code": "302022501", "depth": 50}}, {"type": "Feature", "geometry": {"type": "Point", "coordinates": [2.867, 41.6706]}, "properties": {"code": "302022501", "depth": 50}}, {"type": "Feature", "geometry": {"type": "Point", "coordinates": [2.872, 41.6706]}, "properties": {"code": "302022501", "depth": 50}}, {"type": "Feature", "geometry": {"type": "Point", "coordinates": [2.8729, 41.6706]}, "properties": {"code": "302022501", "depth": 50}}, {"type": "Feature", "geometry": {"type": "Point", "coordinates": [2.8792, 41.6706]}, "properties": {"code": "302022501", "depth": 50}}, {"type": "Feature", "geometry": {"type": "Point", "coordinates": [2.8721, 41.6706]}, "properties": {"code": "302022501", "depth": 50}}, {"type": "Feature", "geometry": {"type": "Point", "coordinates": [2.8688, 41.6706]}, "properties": {"code": "302022501", "depth": 50}}, {"type": "Feature", "geometry": {"type": "Point", "coordinates": [2.8748, 41.6706]}, "properties": {"code": "302022501", "depth": 50}}, {"type": "Feature", "geometry": {"type": "Point", "coordinates": [2.8723, 41.6706]}, "properties": {"code": "302022501", "depth": 50}}, {"type": "Feature", "geometry": {"type": "Point", "coordinates": [2.8799, 41.6706]}, "properties": {"code": "302022501", "depth": 51}}, {"type": "Feature", "geometry": {"type": "Point", "coordinates": [2.867, 41.6706]}, "properties": {"code": "302022501", "depth": 50}}, {"type": "Feature", "geometry": {"type": "Point", "coordinates": [2.8731, 41.6706]}, "properties": {"code": "302022501", "depth": 50}}, {"type": "Feature", "geometry": {"type": "Point", "coordinates": [2.8671, 41.6706]}, "properties": {"code": "302022501", "depth": 50}}, {"type": "Feature", "geometry": {"type": "Point", "coordinates": [2.8754, 41.6706]}, "properties": {"code": "302022501", "depth": 50}}, {"type": "Feature", "geometry": {"type": "Point", "coordinates": [2.8686, 41.6706]}, "properties": {"code": "302022501", "depth": 50}}, {"type": "Feature", "geometry": {"type": "Point", "coordinates": [2.8752, 41.6706]}, "properties": {"code": "302022501", "depth": 50}}, {"type": "Feature", "geometry": {"type": "Point", "coordinates": [2.8684, 41.6706]}, "properties": {"code": "302022501", "depth": 50}}, {"type": "Feature", "geometry": {"type": "Point", "coordinates": [2.8679, 41.6705]}, "properties": {"code": "302022501", "depth": 50}}, {"type": "Feature", "geometry": {"type": "Point", "coordinates": [2.8791, 41.6706]}, "properties": {"code": "302022501", "depth": 50}}, {"type": "Feature", "geometry": {"type": "Point", "coordinates": [2.8794, 41.6706]}, "properties": {"code": "302022501", "depth": 51}}, {"type": "Feature", "geometry": {"type": "Point", "coordinates": [2.8762, 41.6706]}, "properties": {"code": "302022501", "depth": 50}}, {"type": "Feature", "geometry": {"type": "Point", "coordinates": [2.8749, 41.6706]}, "properties": {"code": "302022501", "depth": 50}}, {"type": "Feature", "geometry": {"type": "Point", "coordinates": [2.8755, 41.6706]}, "properties": {"code": "302022501", "depth": 50}}, {"type": "Feature", "geometry": {"type": "Point", "coordinates": [2.8745, 41.6706]}, "properties": {"code": "302022501", "depth": 50}}, {"type": "Feature", "geometry": {"type": "Point", "coordinates": [2.8799, 41.6707]}, "properties": {"code": "302022501", "depth": 51}}, {"type": "Feature", "geometry": {"type": "Point", "coordinates": [2.873, 41.6706]}, "properties": {"code": "302022501", "depth": 50}}, {"type": "Feature", "geometry": {"type": "Point", "coordinates": [2.8751, 41.6706]}, "properties": {"code": "302022501", "depth": 50}}, {"type": "Feature", "geometry": {"type": "Point", "coordinates": [2.8795, 41.6707]}, "properties": {"code": "302022501", "depth": 51}}, {"type": "Feature", "geometry": {"type": "Point", "coordinates": [2.8803, 41.6707]}, "properties": {"code": "302022501", "depth": 51}}, {"type": "Feature", "geometry": {"type": "Point", "coordinates": [2.8732, 41.6707]}, "properties": {"code": "302022501", "depth": 50}}, {"type": "Feature", "geometry": {"type": "Point", "coordinates": [2.8686, 41.6706]}, "properties": {"code": "302022501", "depth": 50}}, {"type": "Feature", "geometry": {"type": "Point", "coordinates": [2.8752, 41.6707]}, "properties": {"code": "302022501", "depth": 50}}, {"type": "Feature", "geometry": {"type": "Point", "coordinates": [2.8727, 41.6707]}, "properties": {"code": "302022501", "depth": 50}}, {"type": "Feature", "geometry": {"type": "Point", "coordinates": [2.8741, 41.6707]}, "properties": {"code": "302022501", "depth": 50}}, {"type": "Feature", "geometry": {"type": "Point", "coordinates": [2.8793, 41.6707]}, "properties": {"code": "302022501", "depth": 50}}, {"type": "Feature", "geometry": {"type": "Point", "coordinates": [2.8759, 41.6707]}, "properties": {"code": "302022501", "depth": 50}}, {"type": "Feature", "geometry": {"type": "Point", "coordinates": [2.8731, 41.6707]}, "properties": {"code": "302022501", "depth": 50}}, {"type": "Feature", "geometry": {"type": "Point", "coordinates": [2.8683, 41.6706]}, "properties": {"code": "302022501", "depth": 50}}, {"type": "Feature", "geometry": {"type": "Point", "coordinates": [2.8736, 41.6707]}, "properties": {"code": "302022501", "depth": 50}}, {"type": "Feature", "geometry": {"type": "Point", "coordinates": [2.8687, 41.6707]}, "properties": {"code": "302022501", "depth": 50}}, {"type": "Feature", "geometry": {"type": "Point", "coordinates": [2.8671, 41.6707]}, "properties": {"code": "302022501", "depth": 50}}, {"type": "Feature", "geometry": {"type": "Point", "coordinates": [2.8806, 41.6707]}, "properties": {"code": "302022501", "depth": 51}}, {"type": "Feature", "geometry": {"type": "Point", "coordinates": [2.8756, 41.6707]}, "properties": {"code": "302022501", "depth": 50}}, {"type": "Feature", "geometry": {"type": "Point", "coordinates": [2.8688, 41.6707]}, "properties": {"code": "302022501", "depth": 50}}, {"type": "Feature", "geometry": {"type": "Point", "coordinates": [2.8746, 41.6707]}, "properties": {"code": "302022501", "depth": 50}}, {"type": "Feature", "geometry": {"type": "Point", "coordinates": [2.8748, 41.6707]}, "properties": {"code": "302022501", "depth": 50}}, {"type": "Feature", "geometry": {"type": "Point", "coordinates": [2.8701, 41.6707]}, "properties": {"code": "302022501", "depth": 51}}, {"type": "Feature", "geometry": {"type": "Point", "coordinates": [2.8721, 41.6707]}, "properties": {"code": "302022501", "depth": 50}}, {"type": "Feature", "geometry": {"type": "Point", "coordinates": [2.8683, 41.6707]}, "properties": {"code": "302022501", "depth": 50}}, {"type": "Feature", "geometry": {"type": "Point", "coordinates": [2.8685, 41.6707]}, "properties": {"code": "302022501", "depth": 50}}, {"type": "Feature", "geometry": {"type": "Point", "coordinates": [2.8689, 41.6707]}, "properties": {"code": "302022501", "depth": 50}}, {"type": "Feature", "geometry": {"type": "Point", "coordinates": [2.8796, 41.6707]}, "properties": {"code": "302022501", "depth": 51}}, {"type": "Feature", "geometry": {"type": "Point", "coordinates": [2.872, 41.6707]}, "properties": {"code": "302022501", "depth": 50}}, {"type": "Feature", "geometry": {"type": "Point", "coordinates": [2.8748, 41.6707]}, "properties": {"code": "302022501", "depth": 50}}, {"type": "Feature", "geometry": {"type": "Point", "coordinates": [2.8807, 41.6707]}, "properties": {"code": "302022501", "depth": 51}}, {"type": "Feature", "geometry": {"type": "Point", "coordinates": [2.8798, 41.6707]}, "properties": {"code": "302022501", "depth": 51}}, {"type": "Feature", "geometry": {"type": "Point", "coordinates": [2.8801, 41.6707]}, "properties": {"code": "302022501", "depth": 51}}, {"type": "Feature", "geometry": {"type": "Point", "coordinates": [2.8799, 41.6707]}, "properties": {"code": "302022501", "depth": 51}}, {"type": "Feature", "geometry": {"type": "Point", "coordinates": [2.8683, 41.6707]}, "properties": {"code": "302022501", "depth": 50}}, {"type": "Feature", "geometry": {"type": "Point", "coordinates": [2.8688, 41.6707]}, "properties": {"code": "302022501", "depth": 50}}, {"type": "Feature", "geometry": {"type": "Point", "coordinates": [2.876, 41.6707]}, "properties": {"code": "302022501", "depth": 50}}, {"type": "Feature", "geometry": {"type": "Point", "coordinates": [2.8747, 41.6707]}, "properties": {"code": "302022501", "depth": 50}}, {"type": "Feature", "geometry": {"type": "Point", "coordinates": [2.8689, 41.6707]}, "properties": {"code": "302022501", "depth": 50}}, {"type": "Feature", "geometry": {"type": "Point", "coordinates": [2.8795, 41.6707]}, "properties": {"code": "302022501", "depth": 51}}, {"type": "Feature", "geometry": {"type": "Point", "coordinates": [2.8753, 41.6707]}, "properties": {"code": "302022501", "depth": 50}}, {"type": "Feature", "geometry": {"type": "Point", "coordinates": [2.8798, 41.6707]}, "properties": {"code": "302022501", "depth": 51}}, {"type": "Feature", "geometry": {"type": "Point", "coordinates": [2.8757, 41.6707]}, "properties": {"code": "302022501", "depth": 50}}, {"type": "Feature", "geometry": {"type": "Point", "coordinates": [2.8669, 41.6707]}, "properties": {"code": "302022501", "depth": 50}}, {"type": "Feature", "geometry": {"type": "Point", "coordinates": [2.8749, 41.6707]}, "properties": {"code": "302022501", "depth": 50}}, {"type": "Feature", "geometry": {"type": "Point", "coordinates": [2.8799, 41.6708]}, "properties": {"code": "302022501", "depth": 51}}, {"type": "Feature", "geometry": {"type": "Point", "coordinates": [2.8711, 41.6707]}, "properties": {"code": "302022501", "depth": 50}}, {"type": "Feature", "geometry": {"type": "Point", "coordinates": [2.8686, 41.6707]}, "properties": {"code": "302022501", "depth": 50}}, {"type": "Feature", "geometry": {"type": "Point", "coordinates": [2.875, 41.6708]}, "properties": {"code": "302022501", "depth": 50}}, {"type": "Feature", "geometry": {"type": "Point", "coordinates": [2.8799, 41.6708]}, "properties": {"code": "302022501", "depth": 51}}, {"type": "Feature", "geometry": {"type": "Point", "coordinates": [2.8806, 41.6708]}, "properties": {"code": "302022501", "depth": 51}}, {"type": "Feature", "geometry": {"type": "Point", "coordinates": [2.871, 41.6707]}, "properties": {"code": "302022501", "depth": 50}}, {"type": "Feature", "geometry": {"type": "Point", "coordinates": [2.8751, 41.6708]}, "properties": {"code": "302022501", "depth": 50}}, {"type": "Feature", "geometry": {"type": "Point", "coordinates": [2.8748, 41.6708]}, "properties": {"code": "302022501", "depth": 50}}, {"type": "Feature", "geometry": {"type": "Point", "coordinates": [2.8689, 41.6707]}, "properties": {"code": "302022501", "depth": 51}}, {"type": "Feature", "geometry": {"type": "Point", "coordinates": [2.8797, 41.6707]}, "properties": {"code": "302022501", "depth": 51}}, {"type": "Feature", "geometry": {"type": "Point", "coordinates": [2.8716, 41.6708]}, "properties": {"code": "302022501", "depth": 50}}, {"type": "Feature", "geometry": {"type": "Point", "coordinates": [2.876, 41.6708]}, "properties": {"code": "302022501", "depth": 50}}, {"type": "Feature", "geometry": {"type": "Point", "coordinates": [2.8821, 41.6708]}, "properties": {"code": "302022501", "depth": 51}}, {"type": "Feature", "geometry": {"type": "Point", "coordinates": [2.8688, 41.6708]}, "properties": {"code": "302022501", "depth": 50}}, {"type": "Feature", "geometry": {"type": "Point", "coordinates": [2.8683, 41.6708]}, "properties": {"code": "302022501", "depth": 50}}, {"type": "Feature", "geometry": {"type": "Point", "coordinates": [2.8716, 41.6708]}, "properties": {"code": "302022501", "depth": 50}}, {"type": "Feature", "geometry": {"type": "Point", "coordinates": [2.8746, 41.6708]}, "properties": {"code": "302022501", "depth": 50}}, {"type": "Feature", "geometry": {"type": "Point", "coordinates": [2.8714, 41.6708]}, "properties": {"code": "302022501", "depth": 50}}, {"type": "Feature", "geometry": {"type": "Point", "coordinates": [2.88, 41.6708]}, "properties": {"code": "302022501", "depth": 51}}, {"type": "Feature", "geometry": {"type": "Point", "coordinates": [2.8711, 41.6708]}, "properties": {"code": "302022501", "depth": 50}}, {"type": "Feature", "geometry": {"type": "Point", "coordinates": [2.8749, 41.6708]}, "properties": {"code": "302022501", "depth": 50}}, {"type": "Feature", "geometry": {"type": "Point", "coordinates": [2.8748, 41.6708]}, "properties": {"code": "302022501", "depth": 50}}, {"type": "Feature", "geometry": {"type": "Point", "coordinates": [2.8708, 41.6708]}, "properties": {"code": "302022501", "depth": 51}}, {"type": "Feature", "geometry": {"type": "Point", "coordinates": [2.8715, 41.6708]}, "properties": {"code": "302022501", "depth": 50}}, {"type": "Feature", "geometry": {"type": "Point", "coordinates": [2.8757, 41.6708]}, "properties": {"code": "302022501", "depth": 50}}, {"type": "Feature", "geometry": {"type": "Point", "coordinates": [2.8737, 41.6708]}, "properties": {"code": "302022501", "depth": 50}}, {"type": "Feature", "geometry": {"type": "Point", "coordinates": [2.8763, 41.6708]}, "properties": {"code": "302022501", "depth": 50}}, {"type": "Feature", "geometry": {"type": "Point", "coordinates": [2.8755, 41.6708]}, "properties": {"code": "302022501", "depth": 50}}, {"type": "Feature", "geometry": {"type": "Point", "coordinates": [2.8708, 41.6708]}, "properties": {"code": "302022501", "depth": 51}}, {"type": "Feature", "geometry": {"type": "Point", "coordinates": [2.875, 41.6708]}, "properties": {"code": "302022501", "depth": 50}}, {"type": "Feature", "geometry": {"type": "Point", "coordinates": [2.8752, 41.6708]}, "properties": {"code": "302022501", "depth": 50}}, {"type": "Feature", "geometry": {"type": "Point", "coordinates": [2.8751, 41.6708]}, "properties": {"code": "302022501", "depth": 50}}, {"type": "Feature", "geometry": {"type": "Point", "coordinates": [2.8702, 41.6708]}, "properties": {"code": "302022501", "depth": 51}}, {"type": "Feature", "geometry": {"type": "Point", "coordinates": [2.8825, 41.6708]}, "properties": {"code": "302022501", "depth": 52}}, {"type": "Feature", "geometry": {"type": "Point", "coordinates": [2.8801, 41.6708]}, "properties": {"code": "302022501", "depth": 52}}, {"type": "Feature", "geometry": {"type": "Point", "coordinates": [2.8763, 41.6708]}, "properties": {"code": "302022501", "depth": 50}}, {"type": "Feature", "geometry": {"type": "Point", "coordinates": [2.8748, 41.6708]}, "properties": {"code": "302022501", "depth": 51}}, {"type": "Feature", "geometry": {"type": "Point", "coordinates": [2.8708, 41.6708]}, "properties": {"code": "302022501", "depth": 50}}, {"type": "Feature", "geometry": {"type": "Point", "coordinates": [2.8756, 41.6708]}, "properties": {"code": "302022501", "depth": 51}}, {"type": "Feature", "geometry": {"type": "Point", "coordinates": [2.8752, 41.6709]}, "properties": {"code": "302022501", "depth": 51}}, {"type": "Feature", "geometry": {"type": "Point", "coordinates": [2.8765, 41.6709]}, "properties": {"code": "302022501", "depth": 51}}, {"type": "Feature", "geometry": {"type": "Point", "coordinates": [2.8699, 41.6708]}, "properties": {"code": "302022501", "depth": 50}}, {"type": "Feature", "geometry": {"type": "Point", "coordinates": [2.8749, 41.6709]}, "properties": {"code": "302022501", "depth": 51}}, {"type": "Feature", "geometry": {"type": "Point", "coordinates": [2.8715, 41.6709]}, "properties": {"code": "302022501", "depth": 50}}, {"type": "Feature", "geometry": {"type": "Point", "coordinates": [2.8752, 41.6709]}, "properties": {"code": "302022501", "depth": 51}}, {"type": "Feature", "geometry": {"type": "Point", "coordinates": [2.8689, 41.6709]}, "properties": {"code": "302022501", "depth": 50}}, {"type": "Feature", "geometry": {"type": "Point", "coordinates": [2.8683, 41.6709]}, "properties": {"code": "302022501", "depth": 50}}, {"type": "Feature", "geometry": {"type": "Point", "coordinates": [2.8671, 41.6709]}, "properties": {"code": "302022501", "depth": 50}}, {"type": "Feature", "geometry": {"type": "Point", "coordinates": [2.8683, 41.6709]}, "properties": {"code": "302022501", "depth": 50}}, {"type": "Feature", "geometry": {"type": "Point", "coordinates": [2.8757, 41.6709]}, "properties": {"code": "302022501", "depth": 51}}, {"type": "Feature", "geometry": {"type": "Point", "coordinates": [2.8715, 41.6709]}, "properties": {"code": "302022501", "depth": 50}}, {"type": "Feature", "geometry": {"type": "Point", "coordinates": [2.8714, 41.6709]}, "properties": {"code": "302022501", "depth": 50}}, {"type": "Feature", "geometry": {"type": "Point", "coordinates": [2.876, 41.6709]}, "properties": {"code": "302022501", "depth": 51}}, {"type": "Feature", "geometry": {"type": "Point", "coordinates": [2.868, 41.6709]}, "properties": {"code": "302022501", "depth": 50}}, {"type": "Feature", "geometry": {"type": "Point", "coordinates": [2.8688, 41.6708]}, "properties": {"code": "302022501", "depth": 50}}, {"type": "Feature", "geometry": {"type": "Point", "coordinates": [2.8683, 41.6709]}, "properties": {"code": "302022501", "depth": 50}}, {"type": "Feature", "geometry": {"type": "Point", "coordinates": [2.8688, 41.6709]}, "properties": {"code": "302022501", "depth": 50}}, {"type": "Feature", "geometry": {"type": "Point", "coordinates": [2.8751, 41.6709]}, "properties": {"code": "302022501", "depth": 51}}, {"type": "Feature", "geometry": {"type": "Point", "coordinates": [2.8682, 41.6709]}, "properties": {"code": "302022501", "depth": 50}}, {"type": "Feature", "geometry": {"type": "Point", "coordinates": [2.875, 41.6709]}, "properties": {"code": "302022501", "depth": 51}}, {"type": "Feature", "geometry": {"type": "Point", "coordinates": [2.8748, 41.6709]}, "properties": {"code": "302022501", "depth": 51}}, {"type": "Feature", "geometry": {"type": "Point", "coordinates": [2.8758, 41.6709]}, "properties": {"code": "302022501", "depth": 51}}, {"type": "Feature", "geometry": {"type": "Point", "coordinates": [2.8756, 41.671]}, "properties": {"code": "302022501", "depth": 51}}, {"type": "Feature", "geometry": {"type": "Point", "coordinates": [2.8713, 41.671]}, "properties": {"code": "302022501", "depth": 50}}, {"type": "Feature", "geometry": {"type": "Point", "coordinates": [2.8673, 41.6709]}, "properties": {"code": "302022501", "depth": 50}}, {"type": "Feature", "geometry": {"type": "Point", "coordinates": [2.8681, 41.6709]}, "properties": {"code": "302022501", "depth": 50}}, {"type": "Feature", "geometry": {"type": "Point", "coordinates": [2.876, 41.671]}, "properties": {"code": "302022501", "depth": 51}}, {"type": "Feature", "geometry": {"type": "Point", "coordinates": [2.8748, 41.671]}, "properties": {"code": "302022501", "depth": 51}}, {"type": "Feature", "geometry": {"type": "Point", "coordinates": [2.8755, 41.671]}, "properties": {"code": "302022501", "depth": 51}}, {"type": "Feature", "geometry": {"type": "Point", "coordinates": [2.8756, 41.671]}, "properties": {"code": "302022501", "depth": 51}}, {"type": "Feature", "geometry": {"type": "Point", "coordinates": [2.8761, 41.671]}, "properties": {"code": "302022501", "depth": 51}}, {"type": "Feature", "geometry": {"type": "Point", "coordinates": [2.8766, 41.671]}, "properties": {"code": "302022501", "depth": 51}}, {"type": "Feature", "geometry": {"type": "Point", "coordinates": [2.875, 41.671]}, "properties": {"code": "302022501", "depth": 51}}, {"type": "Feature", "geometry": {"type": "Point", "coordinates": [2.8764, 41.671]}, "properties": {"code": "302022501", "depth": 51}}, {"type": "Feature", "geometry": {"type": "Point", "coordinates": [2.8753, 41.671]}, "properties": {"code": "302022501", "depth": 51}}, {"type": "Feature", "geometry": {"type": "Point", "coordinates": [2.8761, 41.671]}, "properties": {"code": "302022501", "depth": 51}}, {"type": "Feature", "geometry": {"type": "Point", "coordinates": [2.876, 41.671]}, "properties": {"code": "302022501", "depth": 51}}, {"type": "Feature", "geometry": {"type": "Point", "coordinates": [2.8712, 41.671]}, "properties": {"code": "302022501", "depth": 50}}, {"type": "Feature", "geometry": {"type": "Point", "coordinates": [2.8767, 41.671]}, "properties": {"code": "302022501", "depth": 51}}, {"type": "Feature", "geometry": {"type": "Point", "coordinates": [2.8751, 41.671]}, "properties": {"code": "302022501", "depth": 51}}, {"type": "Feature", "geometry": {"type": "Point", "coordinates": [2.8714, 41.671]}, "properties": {"code": "302022501", "depth": 50}}, {"type": "Feature", "geometry": {"type": "Point", "coordinates": [2.8712, 41.671]}, "properties": {"code": "302022501", "depth": 50}}, {"type": "Feature", "geometry": {"type": "Point", "coordinates": [2.8762, 41.6711]}, "properties": {"code": "302022501", "depth": 51}}, {"type": "Feature", "geometry": {"type": "Point", "coordinates": [2.8757, 41.671]}, "properties": {"code": "302022501", "depth": 51}}, {"type": "Feature", "geometry": {"type": "Point", "coordinates": [2.8753, 41.6711]}, "properties": {"code": "302022501", "depth": 51}}, {"type": "Feature", "geometry": {"type": "Point", "coordinates": [2.8763, 41.6711]}, "properties": {"code": "302022501", "depth": 51}}, {"type": "Feature", "geometry": {"type": "Point", "coordinates": [2.8751, 41.6711]}, "properties": {"code": "302022501", "depth": 51}}, {"type": "Feature", "geometry": {"type": "Point", "coordinates": [2.8755, 41.6711]}, "properties": {"code": "302022501", "depth": 51}}, {"type": "Feature", "geometry": {"type": "Point", "coordinates": [2.8764, 41.6711]}, "properties": {"code": "302022501", "depth": 51}}, {"type": "Feature", "geometry": {"type": "Point", "coordinates": [2.8658, 41.6711]}, "properties": {"code": "302022501", "depth": 50}}, {"type": "Feature", "geometry": {"type": "Point", "coordinates": [2.875, 41.6711]}, "properties": {"code": "302022501", "depth": 51}}, {"type": "Feature", "geometry": {"type": "Point", "coordinates": [2.8665, 41.6711]}, "properties": {"code": "302022501", "depth": 50}}, {"type": "Feature", "geometry": {"type": "Point", "coordinates": [2.8764, 41.6711]}, "properties": {"code": "302022501", "depth": 51}}, {"type": "Feature", "geometry": {"type": "Point", "coordinates": [2.8755, 41.6711]}, "properties": {"code": "302022501", "depth": 51}}, {"type": "Feature", "geometry": {"type": "Point", "coordinates": [2.8769, 41.6711]}, "properties": {"code": "302022501", "depth": 51}}, {"type": "Feature", "geometry": {"type": "Point", "coordinates": [2.8751, 41.6711]}, "properties": {"code": "302022501", "depth": 51}}, {"type": "Feature", "geometry": {"type": "Point", "coordinates": [2.8757, 41.6711]}, "properties": {"code": "302022501", "depth": 51}}, {"type": "Feature", "geometry": {"type": "Point", "coordinates": [2.8765, 41.6711]}, "properties": {"code": "302022501", "depth": 51}}, {"type": "Feature", "geometry": {"type": "Point", "coordinates": [2.8756, 41.6711]}, "properties": {"code": "302022501", "depth": 51}}, {"type": "Feature", "geometry": {"type": "Point", "coordinates": [2.8754, 41.6711]}, "properties": {"code": "302022501", "depth": 51}}, {"type": "Feature", "geometry": {"type": "Point", "coordinates": [2.8664, 41.6711]}, "properties": {"code": "302022501", "depth": 50}}, {"type": "Feature", "geometry": {"type": "Point", "coordinates": [2.8761, 41.6711]}, "properties": {"code": "302022501", "depth": 51}}, {"type": "Feature", "geometry": {"type": "Point", "coordinates": [2.8752, 41.6711]}, "properties": {"code": "302022501", "depth": 51}}, {"type": "Feature", "geometry": {"type": "Point", "coordinates": [2.8762, 41.6712]}, "properties": {"code": "302022501", "depth": 51}}, {"type": "Feature", "geometry": {"type": "Point", "coordinates": [2.8751, 41.6711]}, "properties": {"code": "302022501", "depth": 51}}, {"type": "Feature", "geometry": {"type": "Point", "coordinates": [2.8753, 41.6712]}, "properties": {"code": "302022501", "depth": 51}}, {"type": "Feature", "geometry": {"type": "Point", "coordinates": [2.8755, 41.6712]}, "properties": {"code": "302022501", "depth": 51}}, {"type": "Feature", "geometry": {"type": "Point", "coordinates": [2.8763, 41.6712]}, "properties": {"code": "302022501", "depth": 51}}, {"type": "Feature", "geometry": {"type": "Point", "coordinates": [2.8666, 41.6712]}, "properties": {"code": "302022501", "depth": 50}}, {"type": "Feature", "geometry": {"type": "Point", "coordinates": [2.8763, 41.6712]}, "properties": {"code": "302022501", "depth": 51}}, {"type": "Feature", "geometry": {"type": "Point", "coordinates": [2.8751, 41.6712]}, "properties": {"code": "302022501", "depth": 51}}, {"type": "Feature", "geometry": {"type": "Point", "coordinates": [2.876, 41.6712]}, "properties": {"code": "302022501", "depth": 51}}, {"type": "Feature", "geometry": {"type": "Point", "coordinates": [2.883, 41.6712]}, "properties": {"code": "302022501", "depth": 52}}, {"type": "Feature", "geometry": {"type": "Point", "coordinates": [2.876, 41.6712]}, "properties": {"code": "302022501", "depth": 51}}, {"type": "Feature", "geometry": {"type": "Point", "coordinates": [2.8764, 41.6712]}, "properties": {"code": "302022501", "depth": 51}}, {"type": "Feature", "geometry": {"type": "Point", "coordinates": [2.875, 41.6712]}, "properties": {"code": "302022501", "depth": 51}}, {"type": "Feature", "geometry": {"type": "Point", "coordinates": [2.8831, 41.6713]}, "properties": {"code": "302022501", "depth": 52}}, {"type": "Feature", "geometry": {"type": "Point", "coordinates": [2.8765, 41.6713]}, "properties": {"code": "302022501", "depth": 51}}, {"type": "Feature", "geometry": {"type": "Point", "coordinates": [2.8832, 41.6713]}, "properties": {"code": "302022501", "depth": 52}}, {"type": "Feature", "geometry": {"type": "Point", "coordinates": [2.8853, 41.6713]}, "properties": {"code": "302022501", "depth": 52}}, {"type": "Feature", "geometry": {"type": "Point", "coordinates": [2.8759, 41.6712]}, "properties": {"code": "302022501", "depth": 51}}, {"type": "Feature", "geometry": {"type": "Point", "coordinates": [2.8714, 41.6713]}, "properties": {"code": "302022501", "depth": 50}}, {"type": "Feature", "geometry": {"type": "Point", "coordinates": [2.8854, 41.6713]}, "properties": {"code": "302022501", "depth": 52}}, {"type": "Feature", "geometry": {"type": "Point", "coordinates": [2.8735, 41.6713]}, "properties": {"code": "302022501", "depth": 51}}, {"type": "Feature", "geometry": {"type": "Point", "coordinates": [2.8756, 41.6713]}, "properties": {"code": "302022501", "depth": 51}}, {"type": "Feature", "geometry": {"type": "Point", "coordinates": [2.8854, 41.6713]}, "properties": {"code": "302022501", "depth": 52}}, {"type": "Feature", "geometry": {"type": "Point", "coordinates": [2.8759, 41.6713]}, "properties": {"code": "302022501", "depth": 51}}, {"type": "Feature", "geometry": {"type": "Point", "coordinates": [2.8758, 41.6713]}, "properties": {"code": "302022501", "depth": 51}}, {"type": "Feature", "geometry": {"type": "Point", "coordinates": [2.8706, 41.6713]}, "properties": {"code": "302022501", "depth": 50}}, {"type": "Feature", "geometry": {"type": "Point", "coordinates": [2.8834, 41.6713]}, "properties": {"code": "302022501", "depth": 52}}, {"type": "Feature", "geometry": {"type": "Point", "coordinates": [2.8713, 41.6713]}, "properties": {"code": "302022501", "depth": 50}}, {"type": "Feature", "geometry": {"type": "Point", "coordinates": [2.8701, 41.6713]}, "properties": {"code": "302022501", "depth": 50}}, {"type": "Feature", "geometry": {"type": "Point", "coordinates": [2.8665, 41.6713]}, "properties": {"code": "302022501", "depth": 50}}, {"type": "Feature", "geometry": {"type": "Point", "coordinates": [2.8703, 41.6713]}, "properties": {"code": "302022501", "depth": 50}}, {"type": "Feature", "geometry": {"type": "Point", "coordinates": [2.8665, 41.6713]}, "properties": {"code": "302022501", "depth": 50}}, {"type": "Feature", "geometry": {"type": "Point", "coordinates": [2.8763, 41.6713]}, "properties": {"code": "302022501", "depth": 51}}, {"type": "Feature", "geometry": {"type": "Point", "coordinates": [2.8716, 41.6714]}, "properties": {"code": "302022501", "depth": 50}}, {"type": "Feature", "geometry": {"type": "Point", "coordinates": [2.8856, 41.6714]}, "properties": {"code": "302022501", "depth": 52}}, {"type": "Feature", "geometry": {"type": "Point", "coordinates": [2.8856, 41.6714]}, "properties": {"code": "302022501", "depth": 52}}, {"type": "Feature", "geometry": {"type": "Point", "coordinates": [2.8666, 41.6714]}, "properties": {"code": "302022501", "depth": 50}}, {"type": "Feature", "geometry": {"type": "Point", "coordinates": [2.8705, 41.6713]}, "properties": {"code": "302022501", "depth": 50}}, {"type": "Feature", "geometry": {"type": "Point", "coordinates": [2.8767, 41.6714]}, "properties": {"code": "302022501", "depth": 51}}, {"type": "Feature", "geometry": {"type": "Point", "coordinates": [2.8711, 41.6712]}, "properties": {"code": "302022501", "depth": 50}}, {"type": "Feature", "geometry": {"type": "Point", "coordinates": [2.8857, 41.6714]}, "properties": {"code": "302022501", "depth": 52}}, {"type": "Feature", "geometry": {"type": "Point", "coordinates": [2.8703, 41.6714]}, "properties": {"code": "302022501", "depth": 50}}, {"type": "Feature", "geometry": {"type": "Point", "coordinates": [2.8712, 41.6714]}, "properties": {"code": "302022501", "depth": 50}}, {"type": "Feature", "geometry": {"type": "Point", "coordinates": [2.871, 41.6714]}, "properties": {"code": "302022501", "depth": 50}}, {"type": "Feature", "geometry": {"type": "Point", "coordinates": [2.8711, 41.6714]}, "properties": {"code": "302022501", "depth": 50}}, {"type": "Feature", "geometry": {"type": "Point", "coordinates": [2.8713, 41.6714]}, "properties": {"code": "302022501", "depth": 50}}, {"type": "Feature", "geometry": {"type": "Point", "coordinates": [2.8707, 41.6714]}, "properties": {"code": "302022501", "depth": 50}}, {"type": "Feature", "geometry": {"type": "Point", "coordinates": [2.8766, 41.6714]}, "properties": {"code": "302022501", "depth": 51}}, {"type": "Feature", "geometry": {"type": "Point", "coordinates": [2.8664, 41.6714]}, "properties": {"code": "302022501", "depth": 50}}, {"type": "Feature", "geometry": {"type": "Point", "coordinates": [2.8712, 41.6714]}, "properties": {"code": "302022501", "depth": 50}}, {"type": "Feature", "geometry": {"type": "Point", "coordinates": [2.8668, 41.6714]}, "properties": {"code": "302022501", "depth": 50}}, {"type": "Feature", "geometry": {"type": "Point", "coordinates": [2.8707, 41.6714]}, "properties": {"code": "302022501", "depth": 50}}, {"type": "Feature", "geometry": {"type": "Point", "coordinates": [2.871, 41.6714]}, "properties": {"code": "302022501", "depth": 50}}, {"type": "Feature", "geometry": {"type": "Point", "coordinates": [2.8708, 41.6714]}, "properties": {"code": "302022501", "depth": 50}}, {"type": "Feature", "geometry": {"type": "Point", "coordinates": [2.8708, 41.6715]}, "properties": {"code": "302022501", "depth": 50}}, {"type": "Feature", "geometry": {"type": "Point", "coordinates": [2.8703, 41.6714]}, "properties": {"code": "302022501", "depth": 50}}, {"type": "Feature", "geometry": {"type": "Point", "coordinates": [2.8706, 41.6714]}, "properties": {"code": "302022501", "depth": 50}}, {"type": "Feature", "geometry": {"type": "Point", "coordinates": [2.8859, 41.6715]}, "properties": {"code": "302022501", "depth": 52}}, {"type": "Feature", "geometry": {"type": "Point", "coordinates": [2.8663, 41.6715]}, "properties": {"code": "302022501", "depth": 50}}, {"type": "Feature", "geometry": {"type": "Point", "coordinates": [2.8662, 41.6715]}, "properties": {"code": "302022501", "depth": 50}}, {"type": "Feature", "geometry": {"type": "Point", "coordinates": [2.8714, 41.6715]}, "properties": {"code": "302022501", "depth": 50}}, {"type": "Feature", "geometry": {"type": "Point", "coordinates": [2.8708, 41.6715]}, "properties": {"code": "302022501", "depth": 50}}, {"type": "Feature", "geometry": {"type": "Point", "coordinates": [2.8859, 41.6715]}, "properties": {"code": "302022501", "depth": 52}}, {"type": "Feature", "geometry": {"type": "Point", "coordinates": [2.8707, 41.6715]}, "properties": {"code": "302022501", "depth": 50}}, {"type": "Feature", "geometry": {"type": "Point", "coordinates": [2.886, 41.6714]}, "properties": {"code": "302022501", "depth": 52}}, {"type": "Feature", "geometry": {"type": "Point", "coordinates": [2.8705, 41.6715]}, "properties": {"code": "302022501", "depth": 50}}, {"type": "Feature", "geometry": {"type": "Point", "coordinates": [2.8708, 41.6715]}, "properties": {"code": "302022501", "depth": 50}}, {"type": "Feature", "geometry": {"type": "Point", "coordinates": [2.8858, 41.6715]}, "properties": {"code": "302022501", "depth": 52}}, {"type": "Feature", "geometry": {"type": "Point", "coordinates": [2.8712, 41.6715]}, "properties": {"code": "302022501", "depth": 50}}, {"type": "Feature", "geometry": {"type": "Point", "coordinates": [2.8863, 41.6715]}, "properties": {"code": "302022501", "depth": 52}}, {"type": "Feature", "geometry": {"type": "Point", "coordinates": [2.8704, 41.6715]}, "properties": {"code": "302022501", "depth": 50}}, {"type": "Feature", "geometry": {"type": "Point", "coordinates": [2.8853, 41.6714]}, "properties": {"code": "302022501", "depth": 52}}, {"type": "Feature", "geometry": {"type": "Point", "coordinates": [2.8665, 41.6715]}, "properties": {"code": "302022501", "depth": 50}}, {"type": "Feature", "geometry": {"type": "Point", "coordinates": [2.8703, 41.6715]}, "properties": {"code": "302022501", "depth": 50}}, {"type": "Feature", "geometry": {"type": "Point", "coordinates": [2.8835, 41.6715]}, "properties": {"code": "302022501", "depth": 52}}, {"type": "Feature", "geometry": {"type": "Point", "coordinates": [2.8666, 41.6715]}, "properties": {"code": "302022501", "depth": 50}}, {"type": "Feature", "geometry": {"type": "Point", "coordinates": [2.8705, 41.6715]}, "properties": {"code": "302022501", "depth": 50}}, {"type": "Feature", "geometry": {"type": "Point", "coordinates": [2.871, 41.6715]}, "properties": {"code": "302022501", "depth": 50}}, {"type": "Feature", "geometry": {"type": "Point", "coordinates": [2.886, 41.6715]}, "properties": {"code": "302022501", "depth": 52}}, {"type": "Feature", "geometry": {"type": "Point", "coordinates": [2.8713, 41.6715]}, "properties": {"code": "302022501", "depth": 50}}, {"type": "Feature", "geometry": {"type": "Point", "coordinates": [2.8837, 41.6715]}, "properties": {"code": "302022501", "depth": 52}}, {"type": "Feature", "geometry": {"type": "Point", "coordinates": [2.8839, 41.6715]}, "properties": {"code": "302022501", "depth": 52}}, {"type": "Feature", "geometry": {"type": "Point", "coordinates": [2.8707, 41.6715]}, "properties": {"code": "302022501", "depth": 50}}, {"type": "Feature", "geometry": {"type": "Point", "coordinates": [2.8704, 41.6715]}, "properties": {"code": "302022501", "depth": 50}}, {"type": "Feature", "geometry": {"type": "Point", "coordinates": [2.8864, 41.6716]}, "properties": {"code": "302022501", "depth": 52}}, {"type": "Feature", "geometry": {"type": "Point", "coordinates": [2.8714, 41.6715]}, "properties": {"code": "302022501", "depth": 50}}, {"type": "Feature", "geometry": {"type": "Point", "coordinates": [2.8687, 41.6715]}, "properties": {"code": "302022501", "depth": 50}}, {"type": "Feature", "geometry": {"type": "Point", "coordinates": [2.8859, 41.6716]}, "properties": {"code": "302022501", "depth": 52}}, {"type": "Feature", "geometry": {"type": "Point", "coordinates": [2.8856, 41.6716]}, "properties": {"code": "302022501", "depth": 52}}, {"type": "Feature", "geometry": {"type": "Point", "coordinates": [2.8681, 41.6716]}, "properties": {"code": "302022501", "depth": 50}}, {"type": "Feature", "geometry": {"type": "Point", "coordinates": [2.8857, 41.6716]}, "properties": {"code": "302022501", "depth": 52}}, {"type": "Feature", "geometry": {"type": "Point", "coordinates": [2.8859, 41.6715]}, "properties": {"code": "302022501", "depth": 52}}, {"type": "Feature", "geometry": {"type": "Point", "coordinates": [2.8834, 41.6716]}, "properties": {"code": "302022501", "depth": 52}}, {"type": "Feature", "geometry": {"type": "Point", "coordinates": [2.8839, 41.6716]}, "properties": {"code": "302022501", "depth": 52}}, {"type": "Feature", "geometry": {"type": "Point", "coordinates": [2.886, 41.6716]}, "properties": {"code": "302022501", "depth": 52}}, {"type": "Feature", "geometry": {"type": "Point", "coordinates": [2.8864, 41.6716]}, "properties": {"code": "302022501", "depth": 52}}, {"type": "Feature", "geometry": {"type": "Point", "coordinates": [2.8864, 41.6716]}, "properties": {"code": "302022501", "depth": 52}}, {"type": "Feature", "geometry": {"type": "Point", "coordinates": [2.8712, 41.6716]}, "properties": {"code": "302022501", "depth": 50}}, {"type": "Feature", "geometry": {"type": "Point", "coordinates": [2.8715, 41.6716]}, "properties": {"code": "302022501", "depth": 50}}, {"type": "Feature", "geometry": {"type": "Point", "coordinates": [2.8866, 41.6716]}, "properties": {"code": "302022501", "depth": 52}}, {"type": "Feature", "geometry": {"type": "Point", "coordinates": [2.8705, 41.6716]}, "properties": {"code": "302022501", "depth": 50}}, {"type": "Feature", "geometry": {"type": "Point", "coordinates": [2.8715, 41.6716]}, "properties": {"code": "302022501", "depth": 50}}, {"type": "Feature", "geometry": {"type": "Point", "coordinates": [2.8669, 41.6716]}, "properties": {"code": "302022501", "depth": 50}}, {"type": "Feature", "geometry": {"type": "Point", "coordinates": [2.8661, 41.6715]}, "properties": {"code": "302022501", "depth": 50}}, {"type": "Feature", "geometry": {"type": "Point", "coordinates": [2.8863, 41.6716]}, "properties": {"code": "302022501", "depth": 52}}, {"type": "Feature", "geometry": {"type": "Point", "coordinates": [2.8858, 41.6716]}, "properties": {"code": "302022501", "depth": 52}}, {"type": "Feature", "geometry": {"type": "Point", "coordinates": [2.8864, 41.6716]}, "properties": {"code": "302022501", "depth": 52}}, {"type": "Feature", "geometry": {"type": "Point", "coordinates": [2.8663, 41.6716]}, "properties": {"code": "302022501", "depth": 50}}, {"type": "Feature", "geometry": {"type": "Point", "coordinates": [2.8665, 41.6716]}, "properties": {"code": "302022501", "depth": 50}}, {"type": "Feature", "geometry": {"type": "Point", "coordinates": [2.8686, 41.6716]}, "properties": {"code": "302022501", "depth": 50}}, {"type": "Feature", "geometry": {"type": "Point", "coordinates": [2.8684, 41.6716]}, "properties": {"code": "302022501", "depth": 50}}, {"type": "Feature", "geometry": {"type": "Point", "coordinates": [2.8689, 41.6716]}, "properties": {"code": "302022501", "depth": 50}}, {"type": "Feature", "geometry": {"type": "Point", "coordinates": [2.8863, 41.6716]}, "properties": {"code": "302022501", "depth": 52}}, {"type": "Feature", "geometry": {"type": "Point", "coordinates": [2.8713, 41.6716]}, "properties": {"code": "302022501", "depth": 50}}, {"type": "Feature", "geometry": {"type": "Point", "coordinates": [2.868, 41.6716]}, "properties": {"code": "302022501", "depth": 50}}, {"type": "Feature", "geometry": {"type": "Point", "coordinates": [2.8665, 41.6716]}, "properties": {"code": "302022501", "depth": 50}}, {"type": "Feature", "geometry": {"type": "Point", "coordinates": [2.8708, 41.6716]}, "properties": {"code": "302022501", "depth": 50}}, {"type": "Feature", "geometry": {"type": "Point", "coordinates": [2.8688, 41.6716]}, "properties": {"code": "302022501", "depth": 50}}, {"type": "Feature", "geometry": {"type": "Point", "coordinates": [2.871, 41.6716]}, "properties": {"code": "302022501", "depth": 50}}, {"type": "Feature", "geometry": {"type": "Point", "coordinates": [2.8837, 41.6716]}, "properties": {"code": "302022501", "depth": 52}}, {"type": "Feature", "geometry": {"type": "Point", "coordinates": [2.8686, 41.6716]}, "properties": {"code": "302022501", "depth": 50}}, {"type": "Feature", "geometry": {"type": "Point", "coordinates": [2.8662, 41.6716]}, "properties": {"code": "302022501", "depth": 50}}, {"type": "Feature", "geometry": {"type": "Point", "coordinates": [2.8679, 41.6716]}, "properties": {"code": "302022501", "depth": 50}}, {"type": "Feature", "geometry": {"type": "Point", "coordinates": [2.8859, 41.6716]}, "properties": {"code": "302022501", "depth": 52}}, {"type": "Feature", "geometry": {"type": "Point", "coordinates": [2.8865, 41.6717]}, "properties": {"code": "302022501", "depth": 52}}, {"type": "Feature", "geometry": {"type": "Point", "coordinates": [2.8671, 41.6716]}, "properties": {"code": "302022501", "depth": 50}}, {"type": "Feature", "geometry": {"type": "Point", "coordinates": [2.8662, 41.6716]}, "properties": {"code": "302022501", "depth": 50}}, {"type": "Feature", "geometry": {"type": "Point", "coordinates": [2.868, 41.6716]}, "properties": {"code": "302022501", "depth": 50}}, {"type": "Feature", "geometry": {"type": "Point", "coordinates": [2.8862, 41.6716]}, "properties": {"code": "302022501", "depth": 52}}, {"type": "Feature", "geometry": {"type": "Point", "coordinates": [2.867, 41.6717]}, "properties": {"code": "302022501", "depth": 50}}, {"type": "Feature", "geometry": {"type": "Point", "coordinates": [2.8863, 41.6717]}, "properties": {"code": "302022501", "depth": 52}}, {"type": "Feature", "geometry": {"type": "Point", "coordinates": [2.8839, 41.6717]}, "properties": {"code": "302022501", "depth": 52}}, {"type": "Feature", "geometry": {"type": "Point", "coordinates": [2.8711, 41.6717]}, "properties": {"code": "302022501", "depth": 50}}, {"type": "Feature", "geometry": {"type": "Point", "coordinates": [2.8837, 41.6717]}, "properties": {"code": "302022501", "depth": 52}}, {"type": "Feature", "geometry": {"type": "Point", "coordinates": [2.8868, 41.6717]}, "properties": {"code": "302022501", "depth": 53}}, {"type": "Feature", "geometry": {"type": "Point", "coordinates": [2.8837, 41.6717]}, "properties": {"code": "302022501", "depth": 52}}, {"type": "Feature", "geometry": {"type": "Point", "coordinates": [2.8713, 41.6717]}, "properties": {"code": "302022501", "depth": 50}}, {"type": "Feature", "geometry": {"type": "Point", "coordinates": [2.8726, 41.6717]}, "properties": {"code": "302022501", "depth": 51}}, {"type": "Feature", "geometry": {"type": "Point", "coordinates": [2.8665, 41.6717]}, "properties": {"code": "302022501", "depth": 50}}, {"type": "Feature", "geometry": {"type": "Point", "coordinates": [2.8663, 41.6717]}, "properties": {"code": "302022501", "depth": 50}}, {"type": "Feature", "geometry": {"type": "Point", "coordinates": [2.8685, 41.6717]}, "properties": {"code": "302022501", "depth": 50}}, {"type": "Feature", "geometry": {"type": "Point", "coordinates": [2.8662, 41.6717]}, "properties": {"code": "302022501", "depth": 50}}, {"type": "Feature", "geometry": {"type": "Point", "coordinates": [2.8713, 41.6717]}, "properties": {"code": "302022501", "depth": 50}}, {"type": "Feature", "geometry": {"type": "Point", "coordinates": [2.8674, 41.6716]}, "properties": {"code": "302022501", "depth": 50}}, {"type": "Feature", "geometry": {"type": "Point", "coordinates": [2.884, 41.6717]}, "properties": {"code": "302022501", "depth": 52}}, {"type": "Feature", "geometry": {"type": "Point", "coordinates": [2.8866, 41.6717]}, "properties": {"code": "302022501", "depth": 52}}, {"type": "Feature", "geometry": {"type": "Point", "coordinates": [2.8838, 41.6717]}, "properties": {"code": "302022501", "depth": 52}}, {"type": "Feature", "geometry": {"type": "Point", "coordinates": [2.8863, 41.6717]}, "properties": {"code": "302022501", "depth": 52}}, {"type": "Feature", "geometry": {"type": "Point", "coordinates": [2.8681, 41.6717]}, "properties": {"code": "302022501", "depth": 50}}, {"type": "Feature", "geometry": {"type": "Point", "coordinates": [2.8727, 41.6717]}, "properties": {"code": "302022501", "depth": 51}}, {"type": "Feature", "geometry": {"type": "Point", "coordinates": [2.8686, 41.6717]}, "properties": {"code": "302022501", "depth": 50}}, {"type": "Feature", "geometry": {"type": "Point", "coordinates": [2.8841, 41.6717]}, "properties": {"code": "302022501", "depth": 52}}, {"type": "Feature", "geometry": {"type": "Point", "coordinates": [2.8655, 41.6717]}, "properties": {"code": "302022501", "depth": 50}}, {"type": "Feature", "geometry": {"type": "Point", "coordinates": [2.8838, 41.6718]}, "properties": {"code": "302022501", "depth": 52}}, {"type": "Feature", "geometry": {"type": "Point", "coordinates": [2.8838, 41.6718]}, "properties": {"code": "302022501", "depth": 52}}, {"type": "Feature", "geometry": {"type": "Point", "coordinates": [2.8655, 41.6717]}, "properties": {"code": "302022501", "depth": 50}}, {"type": "Feature", "geometry": {"type": "Point", "coordinates": [2.8666, 41.6717]}, "properties": {"code": "302022501", "depth": 50}}, {"type": "Feature", "geometry": {"type": "Point", "coordinates": [2.8864, 41.6718]}, "properties": {"code": "302022501", "depth": 52}}, {"type": "Feature", "geometry": {"type": "Point", "coordinates": [2.8656, 41.6718]}, "properties": {"code": "302022501", "depth": 50}}, {"type": "Feature", "geometry": {"type": "Point", "coordinates": [2.8839, 41.6718]}, "properties": {"code": "302022501", "depth": 52}}, {"type": "Feature", "geometry": {"type": "Point", "coordinates": [2.8675, 41.6718]}, "properties": {"code": "302022501", "depth": 50}}, {"type": "Feature", "geometry": {"type": "Point", "coordinates": [2.868, 41.6718]}, "properties": {"code": "302022501", "depth": 50}}, {"type": "Feature", "geometry": {"type": "Point", "coordinates": [2.8867, 41.6718]}, "properties": {"code": "302022501", "depth": 53}}, {"type": "Feature", "geometry": {"type": "Point", "coordinates": [2.8655, 41.6718]}, "properties": {"code": "302022501", "depth": 50}}, {"type": "Feature", "geometry": {"type": "Point", "coordinates": [2.8865, 41.6718]}, "properties": {"code": "302022501", "depth": 52}}, {"type": "Feature", "geometry": {"type": "Point", "coordinates": [2.8728, 41.6718]}, "properties": {"code": "302022501", "depth": 51}}, {"type": "Feature", "geometry": {"type": "Point", "coordinates": [2.8676, 41.6718]}, "properties": {"code": "302022501", "depth": 50}}, {"type": "Feature", "geometry": {"type": "Point", "coordinates": [2.8664, 41.6718]}, "properties": {"code": "302022501", "depth": 50}}, {"type": "Feature", "geometry": {"type": "Point", "coordinates": [2.8842, 41.6718]}, "properties": {"code": "302022501", "depth": 52}}, {"type": "Feature", "geometry": {"type": "Point", "coordinates": [2.867, 41.6718]}, "properties": {"code": "302022501", "depth": 50}}, {"type": "Feature", "geometry": {"type": "Point", "coordinates": [2.8666, 41.6718]}, "properties": {"code": "302022501", "depth": 50}}, {"type": "Feature", "geometry": {"type": "Point", "coordinates": [2.8685, 41.6718]}, "properties": {"code": "302022501", "depth": 50}}, {"type": "Feature", "geometry": {"type": "Point", "coordinates": [2.8867, 41.6718]}, "properties": {"code": "302022501", "depth": 53}}, {"type": "Feature", "geometry": {"type": "Point", "coordinates": [2.8868, 41.6718]}, "properties": {"code": "302022501", "depth": 53}}, {"type": "Feature", "geometry": {"type": "Point", "coordinates": [2.8673, 41.6718]}, "properties": {"code": "302022501", "depth": 50}}, {"type": "Feature", "geometry": {"type": "Point", "coordinates": [2.867, 41.6718]}, "properties": {"code": "302022501", "depth": 50}}, {"type": "Feature", "geometry": {"type": "Point", "coordinates": [2.8686, 41.6718]}, "properties": {"code": "302022501", "depth": 50}}, {"type": "Feature", "geometry": {"type": "Point", "coordinates": [2.8725, 41.6718]}, "properties": {"code": "302022501", "depth": 51}}, {"type": "Feature", "geometry": {"type": "Point", "coordinates": [2.8714, 41.6718]}, "properties": {"code": "302022501", "depth": 50}}, {"type": "Feature", "geometry": {"type": "Point", "coordinates": [2.8669, 41.6718]}, "properties": {"code": "302022501", "depth": 50}}, {"type": "Feature", "geometry": {"type": "Point", "coordinates": [2.8838, 41.6718]}, "properties": {"code": "302022501", "depth": 52}}, {"type": "Feature", "geometry": {"type": "Point", "coordinates": [2.8689, 41.6718]}, "properties": {"code": "302022501", "depth": 50}}, {"type": "Feature", "geometry": {"type": "Point", "coordinates": [2.8728, 41.6718]}, "properties": {"code": "302022501", "depth": 51}}, {"type": "Feature", "geometry": {"type": "Point", "coordinates": [2.8655, 41.6718]}, "properties": {"code": "302022501", "depth": 50}}, {"type": "Feature", "geometry": {"type": "Point", "coordinates": [2.8664, 41.6718]}, "properties": {"code": "302022501", "depth": 50}}, {"type": "Feature", "geometry": {"type": "Point", "coordinates": [2.8673, 41.6718]}, "properties": {"code": "302022501", "depth": 50}}, {"type": "Feature", "geometry": {"type": "Point", "coordinates": [2.8688, 41.6718]}, "properties": {"code": "302022501", "depth": 50}}, {"type": "Feature", "geometry": {"type": "Point", "coordinates": [2.8867, 41.6719]}, "properties": {"code": "302022501", "depth": 53}}, {"type": "Feature", "geometry": {"type": "Point", "coordinates": [2.8727, 41.6719]}, "properties": {"code": "302022501", "depth": 51}}, {"type": "Feature", "geometry": {"type": "Point", "coordinates": [2.8692, 41.6719]}, "properties": {"code": "302022501", "depth": 50}}, {"type": "Feature", "geometry": {"type": "Point", "coordinates": [2.8726, 41.6719]}, "properties": {"code": "302022501", "depth": 51}}, {"type": "Feature", "geometry": {"type": "Point", "coordinates": [2.8679, 41.6718]}, "properties": {"code": "302022501", "depth": 50}}, {"type": "Feature", "geometry": {"type": "Point", "coordinates": [2.8667, 41.6719]}, "properties": {"code": "302022501", "depth": 50}}, {"type": "Feature", "geometry": {"type": "Point", "coordinates": [2.8728, 41.6719]}, "properties": {"code": "302022501", "depth": 51}}, {"type": "Feature", "geometry": {"type": "Point", "coordinates": [2.8671, 41.6719]}, "properties": {"code": "302022501", "depth": 50}}, {"type": "Feature", "geometry": {"type": "Point", "coordinates": [2.868, 41.6719]}, "properties": {"code": "302022501", "depth": 50}}, {"type": "Feature", "geometry": {"type": "Point", "coordinates": [2.8676, 41.6719]}, "properties": {"code": "302022501", "depth": 50}}, {"type": "Feature", "geometry": {"type": "Point", "coordinates": [2.8674, 41.6719]}, "properties": {"code": "302022501", "depth": 50}}, {"type": "Feature", "geometry": {"type": "Point", "coordinates": [2.8673, 41.6719]}, "properties": {"code": "302022501", "depth": 50}}, {"type": "Feature", "geometry": {"type": "Point", "coordinates": [2.8729, 41.6719]}, "properties": {"code": "302022501", "depth": 51}}, {"type": "Feature", "geometry": {"type": "Point", "coordinates": [2.8841, 41.6719]}, "properties": {"code": "302022501", "depth": 54}}, {"type": "Feature", "geometry": {"type": "Point", "coordinates": [2.8664, 41.6719]}, "properties": {"code": "302022501", "depth": 50}}, {"type": "Feature", "geometry": {"type": "Point", "coordinates": [2.8681, 41.6719]}, "properties": {"code": "302022501", "depth": 51}}, {"type": "Feature", "geometry": {"type": "Point", "coordinates": [2.8841, 41.6719]}, "properties": {"code": "302022501", "depth": 54}}, {"type": "Feature", "geometry": {"type": "Point", "coordinates": [2.8677, 41.6719]}, "properties": {"code": "302022501", "depth": 50}}, {"type": "Feature", "geometry": {"type": "Point", "coordinates": [2.884, 41.672]}, "properties": {"code": "302022501", "depth": 54}}, {"type": "Feature", "geometry": {"type": "Point", "coordinates": [2.8665, 41.6719]}, "properties": {"code": "302022501", "depth": 50}}, {"type": "Feature", "geometry": {"type": "Point", "coordinates": [2.868, 41.6719]}, "properties": {"code": "302022501", "depth": 51}}, {"type": "Feature", "geometry": {"type": "Point", "coordinates": [2.8841, 41.672]}, "properties": {"code": "302022501", "depth": 54}}, {"type": "Feature", "geometry": {"type": "Point", "coordinates": [2.8843, 41.672]}, "properties": {"code": "302022501", "depth": 54}}, {"type": "Feature", "geometry": {"type": "Point", "coordinates": [2.8681, 41.6719]}, "properties": {"code": "302022501", "depth": 51}}, {"type": "Feature", "geometry": {"type": "Point", "coordinates": [2.8842, 41.672]}, "properties": {"code": "302022501", "depth": 54}}, {"type": "Feature", "geometry": {"type": "Point", "coordinates": [2.8668, 41.672]}, "properties": {"code": "302022501", "depth": 50}}, {"type": "Feature", "geometry": {"type": "Point", "coordinates": [2.8679, 41.672]}, "properties": {"code": "302022501", "depth": 50}}, {"type": "Feature", "geometry": {"type": "Point", "coordinates": [2.8683, 41.672]}, "properties": {"code": "302022501", "depth": 51}}, {"type": "Feature", "geometry": {"type": "Point", "coordinates": [2.8683, 41.6719]}, "properties": {"code": "302022501", "depth": 51}}, {"type": "Feature", "geometry": {"type": "Point", "coordinates": [2.8674, 41.672]}, "properties": {"code": "302022501", "depth": 50}}, {"type": "Feature", "geometry": {"type": "Point", "coordinates": [2.8842, 41.672]}, "properties": {"code": "302022501", "depth": 54}}, {"type": "Feature", "geometry": {"type": "Point", "coordinates": [2.8666, 41.672]}, "properties": {"code": "302022501", "depth": 50}}, {"type": "Feature", "geometry": {"type": "Point", "coordinates": [2.8672, 41.672]}, "properties": {"code": "302022501", "depth": 50}}, {"type": "Feature", "geometry": {"type": "Point", "coordinates": [2.868, 41.672]}, "properties": {"code": "302022501", "depth": 51}}, {"type": "Feature", "geometry": {"type": "Point", "coordinates": [2.8676, 41.672]}, "properties": {"code": "302022501", "depth": 50}}, {"type": "Feature", "geometry": {"type": "Point", "coordinates": [2.8677, 41.672]}, "properties": {"code": "302022501", "depth": 50}}, {"type": "Feature", "geometry": {"type": "Point", "coordinates": [2.8685, 41.672]}, "properties": {"code": "302022501", "depth": 51}}, {"type": "Feature", "geometry": {"type": "Point", "coordinates": [2.8667, 41.672]}, "properties": {"code": "302022501", "depth": 50}}, {"type": "Feature", "geometry": {"type": "Point", "coordinates": [2.868, 41.672]}, "properties": {"code": "302022501", "depth": 51}}, {"type": "Feature", "geometry": {"type": "Point", "coordinates": [2.8665, 41.672]}, "properties": {"code": "302022501", "depth": 50}}, {"type": "Feature", "geometry": {"type": "Point", "coordinates": [2.8668, 41.6721]}, "properties": {"code": "302022501", "depth": 50}}, {"type": "Feature", "geometry": {"type": "Point", "coordinates": [2.8655, 41.672]}, "properties": {"code": "302022501", "depth": 50}}, {"type": "Feature", "geometry": {"type": "Point", "coordinates": [2.8665, 41.6721]}, "properties": {"code": "302022501", "depth": 50}}, {"type": "Feature", "geometry": {"type": "Point", "coordinates": [2.8665, 41.6721]}, "properties": {"code": "302022501", "depth": 50}}, {"type": "Feature", "geometry": {"type": "Point", "coordinates": [2.8666, 41.6721]}, "properties": {"code": "302022501", "depth": 50}}, {"type": "Feature", "geometry": {"type": "Point", "coordinates": [2.8668, 41.6721]}, "properties": {"code": "302022501", "depth": 50}}, {"type": "Feature", "geometry": {"type": "Point", "coordinates": [2.8664, 41.6721]}, "properties": {"code": "302022501", "depth": 50}}, {"type": "Feature", "geometry": {"type": "Point", "coordinates": [2.8665, 41.6721]}, "properties": {"code": "302022501", "depth": 50}}, {"type": "Feature", "geometry": {"type": "Point", "coordinates": [2.8681, 41.6721]}, "properties": {"code": "302022501", "depth": 51}}, {"type": "Feature", "geometry": {"type": "Point", "coordinates": [2.8732, 41.6721]}, "properties": {"code": "302022501", "depth": 51}}, {"type": "Feature", "geometry": {"type": "Point", "coordinates": [2.8668, 41.6721]}, "properties": {"code": "302022501", "depth": 50}}, {"type": "Feature", "geometry": {"type": "Point", "coordinates": [2.8666, 41.6721]}, "properties": {"code": "302022501", "depth": 50}}, {"type": "Feature", "geometry": {"type": "Point", "coordinates": [2.8686, 41.6721]}, "properties": {"code": "302022501", "depth": 51}}, {"type": "Feature", "geometry": {"type": "Point", "coordinates": [2.8683, 41.6721]}, "properties": {"code": "302022501", "depth": 51}}, {"type": "Feature", "geometry": {"type": "Point", "coordinates": [2.8667, 41.6721]}, "properties": {"code": "302022501", "depth": 50}}, {"type": "Feature", "geometry": {"type": "Point", "coordinates": [2.873, 41.6721]}, "properties": {"code": "302022501", "depth": 51}}, {"type": "Feature", "geometry": {"type": "Point", "coordinates": [2.873, 41.6721]}, "properties": {"code": "302022501", "depth": 51}}, {"type": "Feature", "geometry": {"type": "Point", "coordinates": [2.8732, 41.6721]}, "properties": {"code": "302022501", "depth": 51}}, {"type": "Feature", "geometry": {"type": "Point", "coordinates": [2.868, 41.6721]}, "properties": {"code": "302022501", "depth": 51}}, {"type": "Feature", "geometry": {"type": "Point", "coordinates": [2.8687, 41.6721]}, "properties": {"code": "302022501", "depth": 51}}, {"type": "Feature", "geometry": {"type": "Point", "coordinates": [2.8684, 41.6721]}, "properties": {"code": "302022501", "depth": 51}}, {"type": "Feature", "geometry": {"type": "Point", "coordinates": [2.8677, 41.6721]}, "properties": {"code": "302022501", "depth": 50}}, {"type": "Feature", "geometry": {"type": "Point", "coordinates": [2.8681, 41.6721]}, "properties": {"code": "302022501", "depth": 51}}, {"type": "Feature", "geometry": {"type": "Point", "coordinates": [2.8731, 41.6721]}, "properties": {"code": "302022501", "depth": 51}}, {"type": "Feature", "geometry": {"type": "Point", "coordinates": [2.8732, 41.6722]}, "properties": {"code": "302022501", "depth": 51}}, {"type": "Feature", "geometry": {"type": "Point", "coordinates": [2.873, 41.6722]}, "properties": {"code": "302022501", "depth": 51}}, {"type": "Feature", "geometry": {"type": "Point", "coordinates": [2.867, 41.6722]}, "properties": {"code": "302022501", "depth": 50}}, {"type": "Feature", "geometry": {"type": "Point", "coordinates": [2.8683, 41.6722]}, "properties": {"code": "302022501", "depth": 51}}, {"type": "Feature", "geometry": {"type": "Point", "coordinates": [2.8685, 41.6722]}, "properties": {"code": "302022501", "depth": 51}}, {"type": "Feature", "geometry": {"type": "Point", "coordinates": [2.8669, 41.6722]}, "properties": {"code": "302022501", "depth": 50}}, {"type": "Feature", "geometry": {"type": "Point", "coordinates": [2.8669, 41.6722]}, "properties": {"code": "302022501", "depth": 50}}, {"type": "Feature", "geometry": {"type": "Point", "coordinates": [2.8686, 41.6722]}, "properties": {"code": "302022501", "depth": 51}}, {"type": "Feature", "geometry": {"type": "Point", "coordinates": [2.8685, 41.6723]}, "properties": {"code": "302022501", "depth": 51}}, {"type": "Feature", "geometry": {"type": "Point", "coordinates": [2.8685, 41.6723]}, "properties": {"code": "302022501", "depth": 51}}, {"type": "Feature", "geometry": {"type": "Point", "coordinates": [2.8701, 41.6723]}, "properties": {"code": "302022501", "depth": 51}}, {"type": "Feature", "geometry": {"type": "Point", "coordinates": [2.8683, 41.6723]}, "properties": {"code": "302022501", "depth": 51}}, {"type": "Feature", "geometry": {"type": "Point", "coordinates": [2.8709, 41.6723]}, "properties": {"code": "302022501", "depth": 51}}, {"type": "Feature", "geometry": {"type": "Point", "coordinates": [2.8688, 41.6723]}, "properties": {"code": "302022501", "depth": 51}}, {"type": "Feature", "geometry": {"type": "Point", "coordinates": [2.8686, 41.6723]}, "properties": {"code": "302022501", "depth": 51}}, {"type": "Feature", "geometry": {"type": "Point", "coordinates": [2.8709, 41.6724]}, "properties": {"code": "302022501", "depth": 51}}, {"type": "Feature", "geometry": {"type": "Point", "coordinates": [2.8703, 41.6724]}, "properties": {"code": "302022501", "depth": 51}}, {"type": "Feature", "geometry": {"type": "Point", "coordinates": [2.8715, 41.6724]}, "properties": {"code": "302022501", "depth": 51}}, {"type": "Feature", "geometry": {"type": "Point", "coordinates": [2.871, 41.6724]}, "properties": {"code": "302022501", "depth": 51}}, {"type": "Feature", "geometry": {"type": "Point", "coordinates": [2.8689, 41.6724]}, "properties": {"code": "302022501", "depth": 51}}, {"type": "Feature", "geometry": {"type": "Point", "coordinates": [2.8712, 41.6725]}, "properties": {"code": "302022501", "depth": 51}}, {"type": "Feature", "geometry": {"type": "Point", "coordinates": [2.8705, 41.6725]}, "properties": {"code": "302022501", "depth": 51}}, {"type": "Feature", "geometry": {"type": "Point", "coordinates": [2.8705, 41.6725]}, "properties": {"code": "302022501", "depth": 51}}, {"type": "Feature", "geometry": {"type": "Point", "coordinates": [2.8713, 41.6725]}, "properties": {"code": "302022501", "depth": 51}}, {"type": "Feature", "geometry": {"type": "Point", "coordinates": [2.8713, 41.6725]}, "properties": {"code": "302022501", "depth": 51}}, {"type": "Feature", "geometry": {"type": "Point", "coordinates": [2.8713, 41.6725]}, "properties": {"code": "302022501", "depth": 51}}, {"type": "Feature", "geometry": {"type": "Point", "coordinates": [2.8704, 41.6726]}, "properties": {"code": "302022501", "depth": 51}}, {"type": "Feature", "geometry": {"type": "Point", "coordinates": [2.8713, 41.6726]}, "properties": {"code": "302022501", "depth": 51}}, {"type": "Feature", "geometry": {"type": "Point", "coordinates": [2.8693, 41.6726]}, "properties": {"code": "302022501", "depth": 51}}, {"type": "Feature", "geometry": {"type": "Point", "coordinates": [2.8706, 41.6726]}, "properties": {"code": "302022501", "depth": 51}}, {"type": "Feature", "geometry": {"type": "Point", "coordinates": [2.8708, 41.6726]}, "properties": {"code": "302022501", "depth": 51}}, {"type": "Feature", "geometry": {"type": "Point", "coordinates": [2.8712, 41.6726]}, "properties": {"code": "302022501", "depth": 51}}, {"type": "Feature", "geometry": {"type": "Point", "coordinates": [2.8709, 41.6726]}, "properties": {"code": "302022501", "depth": 51}}, {"type": "Feature", "geometry": {"type": "Point", "coordinates": [2.8709, 41.6726]}, "properties": {"code": "302022501", "depth": 51}}, {"type": "Feature", "geometry": {"type": "Point", "coordinates": [2.8727, 41.6727]}, "properties": {"code": "302022501", "depth": 51}}, {"type": "Feature", "geometry": {"type": "Point", "coordinates": [2.8724, 41.6727]}, "properties": {"code": "302022501", "depth": 51}}, {"type": "Feature", "geometry": {"type": "Point", "coordinates": [2.8711, 41.6727]}, "properties": {"code": "302022501", "depth": 51}}, {"type": "Feature", "geometry": {"type": "Point", "coordinates": [2.8712, 41.6727]}, "properties": {"code": "302022501", "depth": 51}}, {"type": "Feature", "geometry": {"type": "Point", "coordinates": [2.8709, 41.6727]}, "properties": {"code": "302022501", "depth": 51}}, {"type": "Feature", "geometry": {"type": "Point", "coordinates": [2.8718, 41.6727]}, "properties": {"code": "302022501", "depth": 51}}, {"type": "Feature", "geometry": {"type": "Point", "coordinates": [2.8725, 41.6727]}, "properties": {"code": "302022501", "depth": 51}}, {"type": "Feature", "geometry": {"type": "Point", "coordinates": [2.8712, 41.6728]}, "properties": {"code": "302022501", "depth": 51}}, {"type": "Feature", "geometry": {"type": "Point", "coordinates": [2.8728, 41.6728]}, "properties": {"code": "302022501", "depth": 51}}, {"type": "Feature", "geometry": {"type": "Point", "coordinates": [2.8712, 41.6728]}, "properties": {"code": "302022501", "depth": 51}}, {"type": "Feature", "geometry": {"type": "Point", "coordinates": [2.8711, 41.6728]}, "properties": {"code": "302022501", "depth": 51}}, {"type": "Feature", "geometry": {"type": "Point", "coordinates": [2.8719, 41.6728]}, "properties": {"code": "302022501", "depth": 51}}, {"type": "Feature", "geometry": {"type": "Point", "coordinates": [2.8726, 41.6728]}, "properties": {"code": "302022501", "depth": 51}}, {"type": "Feature", "geometry": {"type": "Point", "coordinates": [2.8712, 41.6728]}, "properties": {"code": "302022501", "depth": 51}}, {"type": "Feature", "geometry": {"type": "Point", "coordinates": [2.8726, 41.6729]}, "properties": {"code": "302022501", "depth": 51}}, {"type": "Feature", "geometry": {"type": "Point", "coordinates": [2.8726, 41.6729]}, "properties": {"code": "302022501", "depth": 51}}, {"type": "Feature", "geometry": {"type": "Point", "coordinates": [2.8712, 41.6729]}, "properties": {"code": "302022501", "depth": 51}}, {"type": "Feature", "geometry": {"type": "Point", "coordinates": [2.8717, 41.6729]}, "properties": {"code": "302022501", "depth": 51}}, {"type": "Feature", "geometry": {"type": "Point", "coordinates": [2.8711, 41.6729]}, "properties": {"code": "302022501", "depth": 51}}, {"type": "Feature", "geometry": {"type": "Point", "coordinates": [2.8716, 41.6728]}, "properties": {"code": "302022501", "depth": 51}}, {"type": "Feature", "geometry": {"type": "Point", "coordinates": [2.8713, 41.673]}, "properties": {"code": "302022501", "depth": 51}}, {"type": "Feature", "geometry": {"type": "Point", "coordinates": [2.8714, 41.673]}, "properties": {"code": "302022501", "depth": 51}}, {"type": "Feature", "geometry": {"type": "Point", "coordinates": [2.8723, 41.673]}, "properties": {"code": "302022501", "depth": 51}}, {"type": "Feature", "geometry": {"type": "Point", "coordinates": [2.8717, 41.673]}, "properties": {"code": "302022501", "depth": 51}}, {"type": "Feature", "geometry": {"type": "Point", "coordinates": [2.8726, 41.673]}, "properties": {"code": "302022501", "depth": 51}}, {"type": "Feature", "geometry": {"type": "Point", "coordinates": [2.8723, 41.6731]}, "properties": {"code": "302022501", "depth": 51}}, {"type": "Feature", "geometry": {"type": "Point", "coordinates": [2.872, 41.6731]}, "properties": {"code": "302022501", "depth": 51}}, {"type": "Feature", "geometry": {"type": "Point", "coordinates": [2.8728, 41.6731]}, "properties": {"code": "302022501", "depth": 51}}, {"type": "Feature", "geometry": {"type": "Point", "coordinates": [2.8719, 41.6731]}, "properties": {"code": "302022501", "depth": 51}}, {"type": "Feature", "geometry": {"type": "Point", "coordinates": [2.8719, 41.6731]}, "properties": {"code": "302022501", "depth": 51}}, {"type": "Feature", "geometry": {"type": "Point", "coordinates": [2.8728, 41.6731]}, "properties": {"code": "302022501", "depth": 51}}, {"type": "Feature", "geometry": {"type": "Point", "coordinates": [2.8728, 41.6732]}, "properties": {"code": "302022501", "depth": 51}}, {"type": "Feature", "geometry": {"type": "Point", "coordinates": [2.8717, 41.6732]}, "properties": {"code": "302022501", "depth": 51}}, {"type": "Feature", "geometry": {"type": "Point", "coordinates": [2.872, 41.6732]}, "properties": {"code": "302022501", "depth": 51}}, {"type": "Feature", "geometry": {"type": "Point", "coordinates": [2.8727, 41.6732]}, "properties": {"code": "302022501", "depth": 51}}, {"type": "Feature", "geometry": {"type": "Point", "coordinates": [2.8728, 41.6732]}, "properties": {"code": "302022501", "depth": 51}}, {"type": "Feature", "geometry": {"type": "Point", "coordinates": [2.8726, 41.6733]}, "properties": {"code": "302022501", "depth": 51}}, {"type": "Feature", "geometry": {"type": "Point", "coordinates": [2.8723, 41.6733]}, "properties": {"code": "302022501", "depth": 51}}, {"type": "Feature", "geometry": {"type": "Point", "coordinates": [2.8724, 41.6733]}, "properties": {"code": "302022501", "depth": 51}}, {"type": "Feature", "geometry": {"type": "Point", "coordinates": [3.212, 42.0699]}, "properties": {"code": "302022501", "depth": 43}}, {"type": "Feature", "geometry": {"type": "Point", "coordinates": [3.2135, 42.0672]}, "properties": {"code": "302022501", "depth": 39}}, {"type": "Feature", "geometry": {"type": "Point", "coordinates": [3.2196, 42.0512]}, "properties": {"code": "302022501", "depth": 30}}, {"type": "Feature", "geometry": {"type": "Point", "coordinates": [3.2198, 42.0513]}, "properties": {"code": "302022501", "depth": 30}}, {"type": "Feature", "geometry": {"type": "Point", "coordinates": [3.22, 42.0515]}, "properties": {"code": "302022501", "depth": 30}}, {"type": "Feature", "geometry": {"type": "Point", "coordinates": [3.2211, 42.0518]}, "properties": {"code": "302022501", "depth": 30}}, {"type": "Feature", "geometry": {"type": "Point", "coordinates": [3.2223, 42.052]}, "properties": {"code": "302022501", "depth": 37}}, {"type": "Feature", "geometry": {"type": "Point", "coordinates": [3.2357, 41.9724]}, "properties": {"code": "302022501", "depth": 54}}, {"type": "Feature", "geometry": {"type": "Point", "coordinates": [3.2358, 41.9722]}, "properties": {"code": "302022501", "depth": 54}}, {"type": "Feature", "geometry": {"type": "Point", "coordinates": [3.236, 41.9719]}, "properties": {"code": "302022501", "depth": 54}}, {"type": "Feature", "geometry": {"type": "Point", "coordinates": [3.2364, 41.9716]}, "properties": {"code": "302022501", "depth": 49}}, {"type": "Feature", "geometry": {"type": "Point", "coordinates": [3.2361, 41.9712]}, "properties": {"code": "302022501", "depth": 49}}, {"type": "Feature", "geometry": {"type": "Point", "coordinates": [3.2357, 41.9714]}, "properties": {"code": "302022501", "depth": 49}}, {"type": "Feature", "geometry": {"type": "Point", "coordinates": [3.2352, 41.9721]}, "properties": {"code": "302022501", "depth": 48}}, {"type": "Feature", "geometry": {"type": "Point", "coordinates": [3.2353, 41.972]}, "properties": {"code": "302022501", "depth": 48}}, {"type": "Feature", "geometry": {"type": "Point", "coordinates": [3.2354, 41.9718]}, "properties": {"code": "302022501", "depth": 44}}, {"type": "Feature", "geometry": {"type": "Point", "coordinates": [3.2356, 41.9716]}, "properties": {"code": "302022501", "depth": 49}}, {"type": "Feature", "geometry": {"type": "Point", "coordinates": [3.2357, 41.9715]}, "properties": {"code": "302022501", "depth": 49}}, {"type": "Feature", "geometry": {"type": "Point", "coordinates": [3.2355, 41.9723]}, "properties": {"code": "302022501", "depth": 48}}, {"type": "Feature", "geometry": {"type": "Point", "coordinates": [3.2357, 41.972]}, "properties": {"code": "302022501", "depth": 54}}, {"type": "Feature", "geometry": {"type": "Point", "coordinates": [3.2358, 41.9718]}, "properties": {"code": "302022501", "depth": 49}}, {"type": "Feature", "geometry": {"type": "Point", "coordinates": [3.236, 41.9715]}, "properties": {"code": "302022501", "depth": 49}}, {"type": "Feature", "geometry": {"type": "Point", "coordinates": [3.2064, 42.2398]}, "properties": {"code": "305130202", "depth": 2}}]}