{"type":"FeatureCollection","features":[{"type":"Feature","geometry":{"type":"Point","coordinates":[3.17668,42.439519]},"properties":{"t":"node","id":281596262,"kind":"light","name":"Phare solaire du Cap Cerbère","name:ca":"Far del Cap de Cervera","seamark:light:character":"Fl","seamark:light:colour":"white","seamark:light:period":"4","seamark:light:range":"15","seamark:type":"light_major"}},{"type":"Feature","geometry":{"type":"Point","coordinates":[3.315917,42.318913]},"properties":{"t":"node","id":365040912,"kind":"light","name":"Far del Cap de Creus","name:ca":"Far del Cap de Creus","seamark:light:character":"Fl","seamark:light:colour":"white","seamark:light:period":"10","seamark:light:range":"20","seamark:type":"light_major"}},{"type":"Feature","geometry":{"type":"Point","coordinates":[0.768457,40.790475]},"properties":{"t":"node","id":366321719,"kind":"light","name":"Far del Fangar","name:ca":"Far del Fangar","seamark:light:character":"Fl","seamark:light:colour":"white","seamark:light:period":"12","seamark:light:range":"12","seamark:type":"light_minor"}},{"type":"Feature","geometry":{"type":"Point","coordinates":[3.150306,42.257949]},"properties":{"t":"node","id":599328653,"kind":"light","seamark:light:character":"Q","seamark:light:colour":"red","seamark:light:period":"4","seamark:light:range":"3","seamark:type":"light_minor"}},{"type":"Feature","geometry":{"type":"Point","coordinates":[3.136256,42.245743]},"properties":{"t":"node","id":641272766,"kind":"light","seamark:light:character":"Fl","seamark:light:colour":"green","seamark:light:period":"7","seamark:light:range":"5","seamark:type":"light_minor"}},{"type":"Feature","geometry":{"type":"Point","coordinates":[3.135717,42.245239]},"properties":{"t":"node","id":641272776,"kind":"light","seamark:light:character":"Fl","seamark:light:colour":"red","seamark:light:period":"7","seamark:light:range":"4","seamark:type":"light_minor"}},{"type":"Feature","geometry":{"type":"Point","coordinates":[3.204838,42.073431]},"properties":{"t":"node","id":663869682,"kind":"dive-site","location":"underwater","name":"la Pedrosa","natural":"cave_entrance","scuba_diving:divespot":"yes","sport":"scuba_diving"}},{"type":"Feature","geometry":{"type":"Point","coordinates":[3.3315,42.319978]},"properties":{"t":"node","id":663869684,"kind":"dive-site","name":"Massa d'Or (la Rata)","sport":"scuba_diving"}},{"type":"Feature","geometry":{"type":"Point","coordinates":[3.204026,42.050752]},"properties":{"t":"node","id":780214085,"kind":"light","seamark:light:colour":"red","seamark:type":"beacon_lateral"}},{"type":"Feature","geometry":{"type":"Point","coordinates":[3.206678,42.050734]},"properties":{"t":"node","id":790939763,"kind":"light","seamark:light:character":"Fl","seamark:light:colour":"green","seamark:light:period":"5","seamark:light:range":"5","seamark:type":"light_minor"}},{"type":"Feature","geometry":{"type":"Point","coordinates":[3.203937,42.052266]},"properties":{"t":"node","id":790939764,"kind":"harbour","name":"Petrocat","seamark:type":"small_craft_facility","waterway":"fuel"}},{"type":"Feature","geometry":{"type":"Point","coordinates":[3.215371,42.060954]},"properties":{"t":"node","id":791018422,"kind":"dive-site","name":"les Salines","sport":"scuba_diving"}},{"type":"Feature","geometry":{"type":"Point","coordinates":[3.227943,42.042066]},"properties":{"t":"node","id":791018569,"kind":"dive-site","name":"Tasco Gros","scuba_diving:divespot":"yes","scuba_diving:entry":"boat","sport":"scuba_diving"}},{"type":"Feature","geometry":{"type":"Point","coordinates":[3.226411,42.043736]},"properties":{"t":"node","id":791018571,"kind":"dive-site","name":"Dolfi Sud","scuba_diving:divespot":"yes","scuba_diving:entry":"boat","sport":"scuba_diving"}},{"type":"Feature","geometry":{"type":"Point","coordinates":[3.22562,42.047385]},"properties":{"t":"node","id":791018574,"kind":"dive-site","name":"la Vaca","scuba_diving:divespot":"yes","scuba_diving:entry":"boat","sport":"scuba_diving"}},{"type":"Feature","geometry":{"type":"Point","coordinates":[3.221002,42.051846]},"properties":{"t":"node","id":791018578,"kind":"dive-site","name":"el Medallot","scuba_diving:divespot":"yes","scuba_diving:entry":"boat","sport":"scuba_diving"}},{"type":"Feature","geometry":{"type":"Point","coordinates":[3.22052,42.049534]},"properties":{"t":"node","id":791018585,"kind":"dive-site","name":"el Salpatxot","scuba_diving:divespot":"yes","sport":"scuba_diving"}},{"type":"Feature","geometry":{"type":"Point","coordinates":[3.226217,42.049392]},"properties":{"t":"node","id":791018588,"kind":"dive-site","name":"la Pota del Llop","scuba_diving:divespot":"yes","scuba_diving:entry":"boat","sport":"scuba_diving"}},{"type":"Feature","geometry":{"type":"Point","coordinates":[3.225026,42.05034]},"properties":{"t":"node","id":791018601,"kind":"dive-site","name":"la Pedra de Déu","scuba_diving:divespot":"yes","scuba_diving:entry":"boat","sport":"scuba_diving"}},{"type":"Feature","geometry":{"type":"Point","coordinates":[3.226826,42.041096]},"properties":{"t":"node","id":791018606,"kind":"dive-site","name":"Tasco Petit","scuba_diving:divespot":"yes","scuba_diving:entry":"boat","sport":"scuba_diving"}},{"type":"Feature","geometry":{"type":"Point","coordinates":[3.225489,42.042181]},"properties":{"t":"node","id":791018614,"kind":"dive-site","name":"les Ferranelles","scuba_diving:divespot":"yes","scuba_diving:entry":"boat","sport":"scuba_diving"}},{"type":"Feature","geometry":{"type":"Point","coordinates":[3.228609,42.041483]},"properties":{"t":"node","id":791018619,"kind":"dive-site","name":"Carall Bernat","scuba_diving:divespot":"yes","scuba_diving:entry":"boat","sport":"scuba_diving"}},{"type":"Feature","geometry":{"type":"Point","coordinates":[3.225805,42.044248]},"properties":{"t":"node","id":791018624,"kind":"dive-site","name":"Dolfi Nord","scuba_diving:divespot":"yes","scuba_diving:entry":"boat","sport":"scuba_diving"}},{"type":"Feature","geometry":{"type":"Point","coordinates":[3.224975,42.046563]},"properties":{"t":"node","id":791058243,"kind":"dive-site","name":"Cova de la Reina","scuba_diving:divespot":"yes","scuba_diving:entry":"boat","sport":"scuba_diving"}},{"type":"Feature","geometry":{"type":"Point","coordinates":[0.551319,40.572077]},"properties":{"t":"node","id":860935275,"kind":"harbour","name":"Port industrial d'Alcanar","seamark:type":"harbour"}},{"type":"Feature","geometry":{"type":"Point","coordinates":[3.125582,41.843262]},"properties":{"t":"node","id":942633223,"kind":"light","seamark:light:character":"Fl","seamark:light:colour":"red","seamark:light:period":"6","seamark:light:range":"3","seamark:type":"light_minor"}},{"type":"Feature","geometry":{"type":"Point","coordinates":[3.032922,41.776823]},"properties":{"t":"node","id":1207400379,"kind":"light","seamark:light:character":"Fl","seamark:light:colour":"green","seamark:light:period":"9","seamark:light:range":"5","seamark:type":"light_minor"}},{"type":"Feature","geometry":{"type":"Point","coordinates":[3.134368,42.481922]},"properties":{"t":"node","id":1420666473,"kind":"light","seamark:light:character":"Oc","seamark:light:colour":"red","seamark:light:period":"6","seamark:type":"light_minor"}},{"type":"Feature","geometry":{"type":"Point","coordinates":[3.167417,42.440434]},"properties":{"t":"node","id":1420666474,"kind":"light","seamark:type":"light_minor"}},{"type":"Feature","geometry":{"type":"Point","coordinates":[3.133567,42.482211]},"properties":{"t":"node","id":1420666475,"kind":"light","seamark:type":"light_minor"}},{"type":"Feature","geometry":{"type":"Point","coordinates":[3.281385,42.288941]},"properties":{"t":"node","id":1432029597,"kind":"dive-centre","amenity":"dive_centre","name":"Divecenter Cadaques"}},{"type":"Feature","geometry":{"type":"Point","coordinates":[0.83633,40.915208]},"properties":{"t":"node","id":1436411675,"kind":"harbour","seamark:harbour:category":"marina","seamark:type":"harbour"}},{"type":"Feature","geometry":{"type":"Point","coordinates":[3.200255,42.340855]},"properties":{"t":"node","id":1535293771,"kind":"light","seamark:light:character":"Fl","seamark:light:colour":"red","seamark:light:period":"10","seamark:light:range":"5","seamark:type":"light_minor"}},{"type":"Feature","geometry":{"type":"Point","coordinates":[3.178939,42.252533]},"properties":{"t":"node","id":1566125246,"kind":"light","seamark:type":"light_minor"}},{"type":"Feature","geometry":{"type":"Point","coordinates":[3.176936,42.251504]},"properties":{"t":"node","id":1566125369,"kind":"light","seamark:light:character":"Fl","seamark:light:colour":"green","seamark:light:period":"4","seamark:light:range":"5","seamark:type":"light_minor"}},{"type":"Feature","geometry":{"type":"Point","coordinates":[3.150656,42.257352]},"properties":{"t":"node","id":1566128135,"kind":"light","seamark:light:character":"Q","seamark:light:colour":"green","seamark:light:period":"4","seamark:light:range":"5","seamark:type":"light_minor"}},{"type":"Feature","geometry":{"type":"Point","coordinates":[3.143417,42.11707]},"properties":{"t":"node","id":1566134003,"kind":"light","seamark:light:character":"Fl","seamark:light:colour":"red","seamark:light:period":"13","seamark:light:range":"3","seamark:type":"light_minor"}},{"type":"Feature","geometry":{"type":"Point","coordinates":[3.203952,42.050677]},"properties":{"t":"node","id":1566134851,"kind":"light","seamark:light:character":"Fl","seamark:light:colour":"red","seamark:light:period":"5","seamark:light:range":"5","seamark:type":"light_minor"}},{"type":"Feature","geometry":{"type":"Point","coordinates":[3.21735,41.93775]},"properties":{"t":"node","id":1566135336,"kind":"light","seamark:light:character":"Fl","seamark:light:colour":"green","seamark:light:period":"10","seamark:light:range":"5","seamark:type":"light_minor"}},{"type":"Feature","geometry":{"type":"Point","coordinates":[3.221663,42.047926]},"properties":{"t":"node","id":1566135453,"kind":"light","seamark:light:character":"Fl","seamark:light:colour":"white","seamark:light:period":"24","seamark:light:range":"14","seamark:type":"light_major"}},{"type":"Feature","geometry":{"type":"Point","coordinates":[3.195617,41.892967]},"properties":{"t":"node","id":1566136177,"kind":"light","seamark:light:character":"Fl","seamark:light:colour":"green","seamark:light:period":"11","seamark:light:range":"5","seamark:type":"light_minor"}},{"type":"Feature","geometry":{"type":"Point","coordinates":[3.135783,41.845234]},"properties":{"t":"node","id":1566136768,"kind":"light","seamark:light:character":"Fl","seamark:light:colour":"red","seamark:light:period":"10","seamark:light:range":"3","seamark:type":"light_minor"}},{"type":"Feature","geometry":{"type":"Point","coordinates":[3.135783,41.844217]},"properties":{"t":"node","id":1566136971,"kind":"light","seamark:light:character":"Fl","seamark:light:colour":"green","seamark:light:period":"10","seamark:light:range":"5","seamark:type":"light_minor"}},{"type":"Feature","geometry":{"type":"Point","coordinates":[3.125654,41.842706]},"properties":{"t":"node","id":1566151580,"kind":"light","seamark:light:character":"Fl","seamark:light:colour":"green","seamark:light:period":"6","seamark:light:range":"3","seamark:type":"light_minor"}},{"type":"Feature","geometry":{"type":"Point","coordinates":[3.120045,41.841618]},"properties":{"t":"node","id":1566152308,"kind":"light","name":"Esfera de llum","seamark:light:character":"Fl","seamark:light:colour":"green","seamark:light:period":"3","seamark:light:range":"5","seamark:type":"light_minor"}},{"type":"Feature","geometry":{"type":"Point","coordinates":[3.066376,41.800895]},"properties":{"t":"node","id":1566156402,"kind":"light","seamark:light:character":"Fl","seamark:light:colour":"green","seamark:light:period":"9","seamark:light:range":"5","seamark:type":"light_minor"}},{"type":"Feature","geometry":{"type":"Point","coordinates":[2.934033,41.715633]},"properties":{"t":"node","id":1566157318,"kind":"light","seamark:type":"light_major"}},{"type":"Feature","geometry":{"type":"Point","coordinates":[2.880683,41.703133]},"properties":{"t":"node","id":1566157708,"kind":"light","seamark:light:character":"Fl","seamark:light:colour":"green","seamark:light:period":"11","seamark:light:range":"5","seamark:type":"light_minor"}},{"type":"Feature","geometry":{"type":"Point","coordinates":[2.797917,41.6746]},"properties":{"t":"node","id":1566158133,"kind":"light","seamark:light:character":"Fl","seamark:light:colour":"red","seamark:light:period":"6","seamark:light:range":"2","seamark:type":"light_minor"}},{"type":"Feature","geometry":{"type":"Point","coordinates":[2.7988,41.672617]},"properties":{"t":"node","id":1566158386,"kind":"light","seamark:light:character":"Fl","seamark:light:colour":"red","seamark:light:period":"3","seamark:light:range":"3","seamark:type":"light_minor"}},{"type":"Feature","geometry":{"type":"Point","coordinates":[2.79743,41.67335]},"properties":{"t":"node","id":1566158652,"kind":"light","seamark:light:character":"Fl","seamark:light:colour":"red","seamark:light:period":"3","seamark:light:range":"5","seamark:type":"light_minor"}},{"type":"Feature","geometry":{"type":"Point","coordinates":[2.556733,41.574583]},"properties":{"t":"node","id":1566159377,"kind":"light","seamark:light:character":"Fl","seamark:light:colour":"green","seamark:light:period":"7","seamark:light:range":"5","seamark:type":"light_minor"}},{"type":"Feature","geometry":{"type":"Point","coordinates":[2.559717,41.57755]},"properties":{"t":"node","id":1566159544,"kind":"light","seamark:light:character":"Fl","seamark:light:colour":"red","seamark:light:period":"21","seamark:light:range":"2","seamark:type":"light_minor"}},{"type":"Feature","geometry":{"type":"Point","coordinates":[2.507033,41.557283]},"properties":{"t":"node","id":1566159666,"kind":"light","seamark:light:character":"Fl","seamark:light:colour":"green","seamark:light:period":"12","seamark:light:range":"2","seamark:type":"light_minor"}},{"type":"Feature","geometry":{"type":"Point","coordinates":[2.444426,41.52633]},"properties":{"t":"node","id":1566159932,"kind":"light","seamark:light:character":"Fl","seamark:light:colour":"green","seamark:light:period":"16","seamark:light:range":"5","seamark:type":"light_minor"}},{"type":"Feature","geometry":{"type":"Point","coordinates":[2.364926,41.487686]},"properties":{"t":"node","id":1566160266,"kind":"light","seamark:light:character":"Fl","seamark:light:colour":"green","seamark:light:period":"3","seamark:light:range":"5","seamark:type":"light_minor"}},{"type":"Feature","geometry":{"type":"Point","coordinates":[2.313273,41.47525]},"properties":{"t":"node","id":1566160538,"kind":"light","seamark:light:character":"Fl","seamark:light:colour":"green","seamark:light:period":"10","seamark:light:range":"2","seamark:type":"light_minor"}},{"type":"Feature","geometry":{"type":"Point","coordinates":[2.312432,41.474793]},"properties":{"t":"node","id":1566160592,"kind":"light","seamark:light:character":"Fl","seamark:light:colour":"red","seamark:light:period":"12","seamark:light:range":"3","seamark:type":"light_minor"}},{"type":"Feature","geometry":{"type":"Point","coordinates":[2.311222,41.47353]},"properties":{"t":"node","id":1566160648,"kind":"light","seamark:light:character":"Fl","seamark:light:colour":"green","seamark:light:period":"12","seamark:light:range":"5","seamark:type":"light_minor"}},{"type":"Feature","geometry":{"type":"Point","coordinates":[2.248988,41.440175]},"properties":{"t":"node","id":1566162366,"kind":"light","seamark:light:character":"Fl","seamark:light:colour":"yellow","seamark:light:period":"11","seamark:light:range":"3","seamark:type":"light_minor"}},{"type":"Feature","geometry":{"type":"Point","coordinates":[2.184617,41.3705]},"properties":{"t":"node","id":1566164818,"kind":"light","seamark:light:character":"Fl","seamark:light:colour":"green","seamark:light:period":"5","seamark:light:range":"2","seamark:type":"light_minor"}},{"type":"Feature","geometry":{"type":"Point","coordinates":[2.184608,41.357919]},"properties":{"t":"node","id":1566176546,"kind":"light","seamark:light:character":"Fl","seamark:light:colour":"green","seamark:light:period":"9","seamark:light:range":"5","seamark:type":"light_minor"}},{"type":"Feature","geometry":{"type":"Point","coordinates":[2.185321,41.357793]},"properties":{"t":"node","id":1566176666,"kind":"light","seamark:light:character":"Fl","seamark:light:colour":"green","seamark:light:period":"7","seamark:light:range":"5","seamark:type":"light_minor"}},{"type":"Feature","geometry":{"type":"Point","coordinates":[2.172986,41.356511]},"properties":{"t":"node","id":1566176818,"kind":"light","seamark:light:character":"Fl","seamark:light:colour":"red","seamark:light:period":"11","seamark:light:range":"2","seamark:type":"light_minor"}},{"type":"Feature","geometry":{"type":"Point","coordinates":[2.166102,41.341196]},"properties":{"t":"node","id":1566177124,"kind":"light","seamark:light:character":"Fl","seamark:light:colour":"red","seamark:light:period":"11","seamark:light:range":"5","seamark:type":"light_minor"}},{"type":"Feature","geometry":{"type":"Point","coordinates":[2.171402,41.344608]},"properties":{"t":"node","id":1566177181,"kind":"light","seamark:light:character":"Fl","seamark:light:colour":"green","seamark:light:period":"9","seamark:light:range":"3","seamark:type":"light_minor"}},{"type":"Feature","geometry":{"type":"Point","coordinates":[2.169484,41.326379]},"properties":{"t":"node","id":1566187401,"kind":"light","seamark:light:character":"Fl","seamark:light:colour":"green","seamark:light:period":"7","seamark:light:range":"5","seamark:type":"light_minor"}},{"type":"Feature","geometry":{"type":"Point","coordinates":[2.165234,41.317349]},"properties":{"t":"node","id":1566187534,"kind":"light","seamark:light:character":"Fl","seamark:light:colour":"red","seamark:light:period":"7","seamark:light:range":"5","seamark:type":"light_minor"}},{"type":"Feature","geometry":{"type":"Point","coordinates":[2.16695,41.311197]},"properties":{"t":"node","id":1566187654,"kind":"light","seamark:light:character":"Fl","seamark:light:colour":"red","seamark:light:period":"5","seamark:light:range":"7","seamark:type":"light_minor"}},{"type":"Feature","geometry":{"type":"Point","coordinates":[2.17267,41.317649]},"properties":{"t":"node","id":1566189468,"kind":"light","seamark:light:character":"Fl","seamark:light:colour":"green","seamark:light:period":"5","seamark:light:range":"7","seamark:type":"light_minor"}},{"type":"Feature","geometry":{"type":"Point","coordinates":[2.0827,41.306317]},"properties":{"t":"node","id":1566191005,"kind":"light","seamark:light:character":"Fl","seamark:light:colour":"white","seamark:light:period":"4","seamark:type":"light_minor"}},{"type":"Feature","geometry":{"type":"Point","coordinates":[1.920936,41.25665]},"properties":{"t":"node","id":1566191311,"kind":"light","seamark:light:character":"Fl","seamark:light:colour":"red","seamark:light:period":"10","seamark:light:range":"3","seamark:type":"light_minor"}},{"type":"Feature","geometry":{"type":"Point","coordinates":[1.920795,41.255763]},"properties":{"t":"node","id":1566191392,"kind":"light","seamark:light:character":"Fl","seamark:light:colour":"green","seamark:light:period":"10","seamark:light:range":"5","seamark:type":"light_minor"}},{"type":"Feature","geometry":{"type":"Point","coordinates":[1.900038,41.249291]},"properties":{"t":"node","id":1566191531,"kind":"light","seamark:light:character":"Fl","seamark:light:colour":"red","seamark:light:period":"9","seamark:light:range":"3","seamark:type":"light_minor"}},{"type":"Feature","geometry":{"type":"Point","coordinates":[1.899191,41.248725]},"properties":{"t":"node","id":1566191635,"kind":"light","seamark:light:character":"Fl","seamark:light:colour":"green","seamark:light:period":"9","seamark:light:range":"5","seamark:type":"light_minor"}},{"type":"Feature","geometry":{"type":"Point","coordinates":[1.865733,41.236733]},"properties":{"t":"node","id":1566193168,"kind":"light","seamark:light:character":"Fl","seamark:light:colour":"green","seamark:light:period":"13","seamark:light:range":"4","seamark:type":"light_minor"}},{"type":"Feature","geometry":{"type":"Point","coordinates":[1.734195,41.212759]},"properties":{"t":"node","id":1566193648,"kind":"light","seamark:light:character":"Fl","seamark:light:colour":"red","seamark:light:period":"21","seamark:light:range":"1","seamark:type":"light_minor"}},{"type":"Feature","geometry":{"type":"Point","coordinates":[1.734247,41.213528]},"properties":{"t":"node","id":1566193887,"kind":"light","seamark:light:character":"Fl","seamark:light:colour":"red","seamark:light:period":"11","seamark:light:range":"1","seamark:type":"light_minor"}},{"type":"Feature","geometry":{"type":"Point","coordinates":[1.731167,41.210364]},"properties":{"t":"node","id":1566208202,"kind":"light","seamark:type":"light_minor"}},{"type":"Feature","geometry":{"type":"Point","coordinates":[1.729098,41.208096]},"properties":{"t":"node","id":1566208617,"kind":"light","seamark:light:character":"Fl","seamark:light:colour":"red","seamark:light:period":"7","seamark:light:range":"3","seamark:type":"light_minor"}},{"type":"Feature","geometry":{"type":"Point","coordinates":[1.729571,41.206069]},"properties":{"t":"node","id":1566209089,"kind":"light","seamark:light:character":"Fl","seamark:light:colour":"green","seamark:light:period":"7","seamark:light:range":"5","seamark:type":"light_minor"}},{"type":"Feature","geometry":{"type":"Point","coordinates":[1.527566,41.176878]},"properties":{"t":"node","id":1566209863,"kind":"light","seamark:light:character":"Fl","seamark:light:colour":"red","seamark:light:period":"5","seamark:light:range":"5","seamark:type":"light_minor"}},{"type":"Feature","geometry":{"type":"Point","coordinates":[1.607498,41.183799]},"properties":{"t":"node","id":1566210040,"kind":"light","seamark:light:character":"Fl","seamark:light:colour":"green","seamark:light:period":"12","seamark:light:range":"5","seamark:type":"light_minor"}},{"type":"Feature","geometry":{"type":"Point","coordinates":[1.401338,41.132774]},"properties":{"t":"node","id":1566211122,"kind":"light","seamark:light:character":"Q","seamark:light:colour":"green","seamark:light:period":"10","seamark:light:range":"5","seamark:type":"light_minor"}},{"type":"Feature","geometry":{"type":"Point","coordinates":[1.394804,41.132239]},"properties":{"t":"node","id":1566211246,"kind":"light","name":"Far de Punta de la Galera","name:ca":"Far de Punta de la Galera","seamark:light:character":"Fl","seamark:light:colour":"white","seamark:light:period":"30","seamark:light:range":"19","seamark:type":"light_major"}},{"type":"Feature","geometry":{"type":"Point","coordinates":[1.251332,41.106557]},"properties":{"t":"node","id":1566212309,"kind":"light","seamark:light:character":"Fl","seamark:light:colour":"red","seamark:light:period":"10","seamark:light:range":"3","seamark:type":"light_minor"}},{"type":"Feature","geometry":{"type":"Point","coordinates":[1.252053,41.10688]},"properties":{"t":"node","id":1566212775,"kind":"light","seamark:light:character":"Fl","seamark:light:colour":"green","seamark:light:period":"10","seamark:light:range":"1","seamark:type":"light_minor"}},{"type":"Feature","geometry":{"type":"Point","coordinates":[1.251318,41.105791]},"properties":{"t":"node","id":1566213956,"kind":"light","seamark:light:character":"Fl","seamark:light:colour":"green","seamark:light:period":"10","seamark:light:range":"5","seamark:type":"light_minor"}},{"type":"Feature","geometry":{"type":"Point","coordinates":[1.223666,41.090545]},"properties":{"t":"node","id":1566215565,"kind":"light","seamark:type":"light_minor"}},{"type":"Feature","geometry":{"type":"Point","coordinates":[1.213475,41.078685]},"properties":{"t":"node","id":1566215762,"kind":"light","seamark:light:character":"Fl","seamark:light:colour":"green","seamark:light:period":"5","seamark:light:range":"10","seamark:type":"light_minor"}},{"type":"Feature","geometry":{"type":"Point","coordinates":[1.243782,41.105833]},"properties":{"t":"node","id":1566216439,"kind":"light","seamark:light:character":"Fl","seamark:light:colour":"green","seamark:light:period":"5","seamark:light:range":"1","seamark:type":"light_minor"}},{"type":"Feature","geometry":{"type":"Point","coordinates":[1.242713,41.106123]},"properties":{"t":"node","id":1566216982,"kind":"light","seamark:light:character":"Fl","seamark:light:colour":"red","seamark:light:period":"5","seamark:light:range":"1","seamark:type":"light_minor"}},{"type":"Feature","geometry":{"type":"Point","coordinates":[1.241407,41.105299]},"properties":{"t":"node","id":1566217402,"kind":"light","seamark:light:character":"Fl","seamark:light:colour":"red","seamark:light:period":"14.5","seamark:light:range":"1","seamark:type":"light_minor"}},{"type":"Feature","geometry":{"type":"Point","coordinates":[1.237385,41.103848]},"properties":{"t":"node","id":1566217738,"kind":"light","seamark:light:character":"Fl","seamark:light:colour":"red","seamark:light:period":"7","seamark:light:range":"1","seamark:type":"light_minor"}},{"type":"Feature","geometry":{"type":"Point","coordinates":[1.230069,41.101003]},"properties":{"t":"node","id":1566218339,"kind":"light","seamark:light:character":"Fl","seamark:light:colour":"red","seamark:light:period":"12","seamark:light:range":"1","seamark:type":"light_minor"}},{"type":"Feature","geometry":{"type":"Point","coordinates":[1.225038,41.099208]},"properties":{"t":"node","id":1566218980,"kind":"light","seamark:type":"light_minor"}},{"type":"Feature","geometry":{"type":"Point","coordinates":[1.229067,41.095937]},"properties":{"t":"node","id":1566240106,"kind":"light","seamark:light:character":"Fl","seamark:light:colour":"green","seamark:light:period":"9","seamark:light:range":"1","seamark:type":"light_minor"}},{"type":"Feature","geometry":{"type":"Point","coordinates":[1.233693,41.099772]},"properties":{"t":"node","id":1566240318,"kind":"light","seamark:light:character":"Fl","seamark:light:colour":"green","seamark:light:period":"11","seamark:light:range":"3","seamark:type":"light_minor"}},{"type":"Feature","geometry":{"type":"Point","coordinates":[1.226727,41.088759]},"properties":{"t":"node","id":1566240443,"kind":"light","seamark:light:character":"Oc","seamark:light:colour":"white","seamark:light:period":"3","seamark:light:range":"1","seamark:type":"light_minor"}},{"type":"Feature","geometry":{"type":"Point","coordinates":[1.215644,41.097797]},"properties":{"t":"node","id":1566241137,"kind":"light","seamark:light:character":"Fl","seamark:light:colour":"red","seamark:light:period":"6","seamark:light:range":"1","seamark:type":"light_minor"}},{"type":"Feature","geometry":{"type":"Point","coordinates":[1.2133,41.092808]},"properties":{"t":"node","id":1566241253,"kind":"light","seamark:light:character":"Fl","seamark:light:colour":"red","seamark:light:period":"12","seamark:light:range":"1","seamark:type":"light_minor"}},{"type":"Feature","geometry":{"type":"Point","coordinates":[1.216249,41.095698]},"properties":{"t":"node","id":1566241396,"kind":"light","seamark:light:character":"Fl","seamark:light:colour":"red","seamark:light:period":"5","seamark:light:range":"1","seamark:type":"light_minor"}},{"type":"Feature","geometry":{"type":"Point","coordinates":[1.206675,41.093674]},"properties":{"t":"node","id":1566241530,"kind":"light","seamark:light:character":"Fl","seamark:light:colour":"red","seamark:light:period":"12","seamark:light:range":"1","seamark:type":"light_minor"}},{"type":"Feature","geometry":{"type":"Point","coordinates":[1.212325,41.08824]},"properties":{"t":"node","id":1566241600,"kind":"light","seamark:light:character":"Fl","seamark:light:colour":"red","seamark:light:period":"9","seamark:light:range":"1","seamark:type":"light_minor"}},{"type":"Feature","geometry":{"type":"Point","coordinates":[1.213732,41.087194]},"properties":{"t":"node","id":1566241672,"kind":"light","seamark:light:character":"Fl","seamark:light:colour":"red","seamark:light:period":"5","seamark:light:range":"5","seamark:type":"light_minor"}},{"type":"Feature","geometry":{"type":"Point","coordinates":[1.207786,41.082118]},"properties":{"t":"node","id":1566241847,"kind":"light","seamark:light:character":"Fl","seamark:light:colour":"red","seamark:light:period":"5","seamark:light:range":"7","seamark:type":"light_minor"}},{"type":"Feature","geometry":{"type":"Point","coordinates":[1.220533,41.067317]},"properties":{"t":"node","id":1566241902,"kind":"buoy","seamark:buoy_special_purpose:category":"lanby","seamark:light:character":"Fl","seamark:light:colour":"yellow","seamark:light:period":"20","seamark:light:range":"5","seamark:type":"buoy_special_purpose"}},{"type":"Feature","geometry":{"type":"Point","coordinates":[1.171917,41.055732]},"properties":{"t":"node","id":1566242298,"kind":"light","seamark:light:character":"Fl","seamark:light:colour":"white","seamark:light:period":"20","seamark:light:range":"23","seamark:type":"light_major"}},{"type":"Feature","geometry":{"type":"Point","coordinates":[1.129958,41.07383]},"properties":{"t":"node","id":1566242779,"kind":"light","seamark:light:character":"Fl","seamark:light:colour":"red","seamark:light:period":"8","seamark:light:range":"3","seamark:type":"light_minor"}},{"type":"Feature","geometry":{"type":"Point","coordinates":[1.129786,41.073238]},"properties":{"t":"node","id":1566243056,"kind":"light","seamark:light:character":"Fl","seamark:light:colour":"green","seamark:light:period":"8","seamark:light:range":"5","seamark:type":"light_minor"}},{"type":"Feature","geometry":{"type":"Point","coordinates":[1.060411,41.060094]},"properties":{"t":"node","id":1566243433,"kind":"light","seamark:light:character":"Fl","seamark:light:colour":"green","seamark:light:period":"4","seamark:light:range":"5","seamark:type":"light_minor"}},{"type":"Feature","geometry":{"type":"Point","coordinates":[1.062,41.062696]},"properties":{"t":"node","id":1566243584,"kind":"light","seamark:light:character":"Fl","seamark:light:colour":"red","seamark:light:period":"8","seamark:light:range":"5","seamark:type":"light_minor"}},{"type":"Feature","geometry":{"type":"Point","coordinates":[0.927254,40.987825]},"properties":{"t":"node","id":1566243707,"kind":"light","seamark:light:character":"Fl","seamark:light:colour":"red","seamark:light:period":"2","seamark:light:range":"2","seamark:type":"light_minor"}},{"type":"Feature","geometry":{"type":"Point","coordinates":[0.927065,40.986976]},"properties":{"t":"node","id":1566243815,"kind":"light","seamark:light:colour":"green","seamark:light:period":"10","seamark:light:range":"5","seamark:type":"light_minor"}},{"type":"Feature","geometry":{"type":"Point","coordinates":[0.850643,40.926323]},"properties":{"t":"node","id":1566243948,"kind":"light","seamark:light:character":"Fl","seamark:light:colour":"green","seamark:light:period":"5","seamark:light:range":"5","seamark:type":"light_minor"}},{"type":"Feature","geometry":{"type":"Point","coordinates":[0.850125,40.92705]},"properties":{"t":"node","id":1566244051,"kind":"light","seamark:light:character":"Fl","seamark:light:colour":"red","seamark:light:period":"10","seamark:light:range":"4","seamark:type":"light_minor"}},{"type":"Feature","geometry":{"type":"Point","coordinates":[0.710574,40.80764]},"properties":{"t":"node","id":1566246220,"kind":"light","seamark:light:character":"Fl","seamark:light:colour":"green","seamark:light:period":"4","seamark:light:range":"5","seamark:type":"light_minor"}},{"type":"Feature","geometry":{"type":"Point","coordinates":[0.70959,40.809345]},"properties":{"t":"node","id":1566246639,"kind":"light","seamark:light:character":"Fl","seamark:light:colour":"red","seamark:light:period":"5","seamark:light:range":"3","seamark:type":"light_minor"}},{"type":"Feature","geometry":{"type":"Point","coordinates":[0.92847,40.715488]},"properties":{"t":"node","id":1566247675,"kind":"light","seamark:type":"light_minor"}},{"type":"Feature","geometry":{"type":"Point","coordinates":[0.597058,40.615816]},"properties":{"t":"node","id":1566248301,"kind":"light","seamark:light:character":"Oc","seamark:light:colour":"red","seamark:light:period":"4","seamark:light:range":"2","seamark:type":"light_minor"}},{"type":"Feature","geometry":{"type":"Point","coordinates":[0.59906,40.613873]},"properties":{"t":"node","id":1566248417,"kind":"light","seamark:light:character":"Fl","seamark:light:colour":"green","seamark:light:period":"10.5","seamark:light:range":"4","seamark:type":"light_minor"}},{"type":"Feature","geometry":{"type":"Point","coordinates":[0.604523,40.609096]},"properties":{"t":"node","id":1566248490,"kind":"light","seamark:light:character":"Fl","seamark:light:colour":"red","seamark:light:period":"8","seamark:light:range":"6","seamark:type":"light_minor"}},{"type":"Feature","geometry":{"type":"Point","coordinates":[0.585266,40.6077]},"properties":{"t":"node","id":1566248718,"kind":"light","seamark:light:character":"Oc","seamark:light:colour":"red","seamark:light:period":"10","seamark:light:range":"11","seamark:type":"light_minor"}},{"type":"Feature","geometry":{"type":"Point","coordinates":[0.661453,40.560448]},"properties":{"t":"node","id":1566248785,"kind":"light","name":"Far de la Banya","name:ca":"Far de la Banya","seamark:light:character":"Fl","seamark:light:colour":"white","seamark:light:period":"12","seamark:light:range":"12","seamark:type":"light_minor"}},{"type":"Feature","geometry":{"type":"Point","coordinates":[0.595739,40.576139]},"properties":{"t":"node","id":1566248858,"kind":"light","name":"Faro de La Corballera","seamark:type":"light_minor"}},{"type":"Feature","geometry":{"type":"Point","coordinates":[0.552044,40.572815]},"properties":{"t":"node","id":1566248996,"kind":"light","seamark:light:character":"Fl","seamark:light:colour":"green","seamark:light:period":"14","seamark:light:range":"2","seamark:type":"light_minor"}},{"type":"Feature","geometry":{"type":"Point","coordinates":[0.556324,40.571611]},"properties":{"t":"node","id":1566249072,"kind":"light","seamark:light:character":"Fl","seamark:light:colour":"red","seamark:light:period":"5","seamark:light:range":"3","seamark:type":"light_minor"}},{"type":"Feature","geometry":{"type":"Point","coordinates":[0.532318,40.551801]},"properties":{"t":"node","id":1566249251,"kind":"light","seamark:light:character":"Fl","seamark:light:colour":"green","seamark:light:period":"4","seamark:light:range":"3","seamark:type":"light_minor"}},{"type":"Feature","geometry":{"type":"Point","coordinates":[0.534106,40.551937]},"properties":{"t":"node","id":1566251196,"kind":"light","seamark:light:character":"Fl","seamark:light:colour":"red","seamark:light:period":"10","seamark:light:range":"4","seamark:type":"light_minor"}},{"type":"Feature","geometry":{"type":"Point","coordinates":[3.176322,42.25438]},"properties":{"t":"node","id":1696707707,"kind":"harbour","description":"VHF 9","name":"Port Roses","seamark:type":"small_craft_facility","waterway":"fuel"}},{"type":"Feature","geometry":{"type":"Point","coordinates":[3.201856,42.081032]},"properties":{"t":"node","id":1788581869,"kind":"dive-site","name":"el Reggio","sport":"scuba_diving"}},{"type":"Feature","geometry":{"type":"Point","coordinates":[3.212626,42.068088]},"properties":{"t":"node","id":1788581870,"kind":"dive-site","name":"el Rossinyol","scuba_diving:divespot":"yes","sport":"scuba_diving"}},{"type":"Feature","geometry":{"type":"Point","coordinates":[3.197144,42.084448]},"properties":{"t":"node","id":1788581871,"kind":"dive-site","name":"la Ferriola","sport":"scuba_diving"}},{"type":"Feature","geometry":{"type":"Point","coordinates":[3.210659,42.06602]},"properties":{"t":"node","id":1788581872,"kind":"dive-site","name":"Negre del Falaguer","sport":"scuba_diving"}},{"type":"Feature","geometry":{"type":"Point","coordinates":[3.196201,42.049388]},"properties":{"t":"node","id":1938956753,"kind":"dive-centre","amenity":"dive_centre","name":"Calypso Diving","sport":"scuba_diving"}},{"type":"Feature","geometry":{"type":"Point","coordinates":[3.226528,42.039058]},"properties":{"t":"node","id":1989699798,"kind":"buoy","seamark:type":"buoy_special_purpose"}},{"type":"Feature","geometry":{"type":"Point","coordinates":[3.231755,42.040846]},"properties":{"t":"node","id":1989699799,"kind":"buoy","seamark:light:character":"Fl","seamark:light:colour":"yellow","seamark:light:period":"6","seamark:type":"buoy_special_purpose"}},{"type":"Feature","geometry":{"type":"Point","coordinates":[3.217211,42.046348]},"properties":{"t":"node","id":1989699808,"kind":"buoy","seamark:type":"buoy_special_purpose"}},{"type":"Feature","geometry":{"type":"Point","coordinates":[3.216701,42.049347]},"properties":{"t":"node","id":1989699879,"kind":"buoy","seamark:type":"buoy_special_purpose"}},{"type":"Feature","geometry":{"type":"Point","coordinates":[3.229181,42.050793]},"properties":{"t":"node","id":1989699880,"kind":"buoy","seamark:type":"buoy_special_purpose"}},{"type":"Feature","geometry":{"type":"Point","coordinates":[3.220978,42.054565]},"properties":{"t":"node","id":1989699882,"kind":"buoy","seamark:type":"buoy_special_purpose"}},{"type":"Feature","geometry":{"type":"Point","coordinates":[3.286645,42.270875]},"properties":{"t":"node","id":2003731514,"kind":"light","name":"Far de Cala Nans","name:ca":"Far de Cala Nans","name:en":"ca:Far de Calanans","seamark:light:character":"Fl","seamark:light:colour":"white","seamark:light:period":"25","seamark:light:range":"8","seamark:type":"light_minor"}},{"type":"Feature","geometry":{"type":"Point","coordinates":[3.145137,42.118873]},"properties":{"t":"node","id":2273488896,"kind":"light","seamark:light:character":"Fl","seamark:light:colour":"red","seamark:light:period":"13","seamark:light:range":"3","seamark:type":"light_minor"}},{"type":"Feature","geometry":{"type":"Point","coordinates":[3.142726,42.116811]},"properties":{"t":"node","id":2273488897,"kind":"light","seamark:type":"light_minor"}},{"type":"Feature","geometry":{"type":"Point","coordinates":[3.145786,42.117882]},"properties":{"t":"node","id":2273488899,"kind":"light","seamark:type":"light_minor"}},{"type":"Feature","geometry":{"type":"Point","coordinates":[1.901537,42.128355]},"properties":{"t":"node","id":2410469166,"kind":"harbour","seamark:harbour:category":"marina","seamark:type":"harbour"}},{"type":"Feature","geometry":{"type":"Point","coordinates":[1.925255,41.25886]},"properties":{"t":"node","id":2417156990,"kind":"harbour","seamark:type":"small_craft_facility","waterway":"fuel"}},{"type":"Feature","geometry":{"type":"Point","coordinates":[3.208829,41.918181]},"properties":{"t":"node","id":2525228108,"kind":"dive-centre","amenity":"dive_centre","name":"Stollis Divecenter","shop":"scuba_diving"}},{"type":"Feature","geometry":{"type":"Point","coordinates":[3.206884,42.052619]},"properties":{"t":"node","id":2944239909,"kind":"mooring","seamark:mooring:category":"buoy","seamark:type":"mooring"}},{"type":"Feature","geometry":{"type":"Point","coordinates":[3.238588,42.03407]},"properties":{"t":"node","id":2956321557,"kind":"buoy","seamark:light:character":"Fl","seamark:light:colour":"yellow","seamark:light:period":"12","seamark:type":"buoy_special_purpose"}},{"type":"Feature","geometry":{"type":"Point","coordinates":[0.802783,40.877519]},"properties":{"t":"node","id":2966092162,"kind":"light","seamark:light:character":"Fl","seamark:light:colour":"green","seamark:light:period":"9","seamark:light:range":"5","seamark:type":"light_minor"}},{"type":"Feature","geometry":{"type":"Point","coordinates":[0.802038,40.879295]},"properties":{"t":"node","id":2966092163,"kind":"light","seamark:light:character":"Fl","seamark:light:colour":"red","seamark:light:period":"9","seamark:light:range":"3","seamark:type":"light_minor"}},{"type":"Feature","geometry":{"type":"Point","coordinates":[0.803114,40.881653]},"properties":{"t":"node","id":2966092164,"kind":"light","seamark:light:character":"Fl","seamark:light:colour":"red","seamark:light:period":"11","seamark:light:range":"1","seamark:type":"light_minor"}},{"type":"Feature","geometry":{"type":"Point","coordinates":[0.793757,40.86887]},"properties":{"t":"node","id":2966119870,"kind":"light","seamark:light:character":"Fl","seamark:light:colour":"green","seamark:light:period":"11","seamark:light:range":"3","seamark:type":"light_minor"}},{"type":"Feature","geometry":{"type":"Point","coordinates":[0.793253,40.868903]},"properties":{"t":"node","id":2966119871,"kind":"light","seamark:light:character":"Fl","seamark:light:colour":"red","seamark:light:period":"11","seamark:light:range":"5","seamark:type":"light_minor"}},{"type":"Feature","geometry":{"type":"Point","coordinates":[0.835665,40.913616]},"properties":{"t":"node","id":2966129570,"kind":"light","seamark:light:character":"Fl","seamark:light:colour":"green","seamark:light:period":"7","seamark:light:range":"5","seamark:type":"light_minor"}},{"type":"Feature","geometry":{"type":"Point","coordinates":[0.834883,40.914041]},"properties":{"t":"node","id":2966129571,"kind":"light","seamark:light:character":"Fl","seamark:light:colour":"red","seamark:type":"light_minor"}},{"type":"Feature","geometry":{"type":"Point","coordinates":[0.857398,40.858441]},"properties":{"t":"node","id":2974377830,"kind":"buoy","seamark:light:character":"Fl","seamark:light:colour":"yellow","seamark:light:period":"5","seamark:light:range":"3","seamark:type":"buoy_special_purpose"}},{"type":"Feature","geometry":{"type":"Point","coordinates":[0.850094,40.858655]},"properties":{"t":"node","id":2974377831,"kind":"buoy","seamark:light:character":"Fl","seamark:light:colour":"yellow","seamark:light:period":"5","seamark:light:range":"3","seamark:type":"buoy_special_purpose"}},{"type":"Feature","geometry":{"type":"Point","coordinates":[0.85885,40.864108]},"properties":{"t":"node","id":2974377832,"kind":"buoy","seamark:light:character":"Fl","seamark:light:colour":"yellow","seamark:light:period":"5","seamark:light:range":"3","seamark:type":"buoy_special_purpose"}},{"type":"Feature","geometry":{"type":"Point","coordinates":[0.851731,40.86469]},"properties":{"t":"node","id":2974382133,"kind":"buoy","seamark:light:character":"Fl","seamark:light:colour":"yellow","seamark:light:period":"5","seamark:light:range":"3","seamark:type":"buoy_special_purpose"}},{"type":"Feature","geometry":{"type":"Point","coordinates":[0.860196,40.89353]},"properties":{"t":"node","id":2974409458,"kind":"buoy","seamark:buoy_special_purpose:category":"odas","seamark:light:colour":"yellow","seamark:light:period":"20","seamark:light:range":"3","seamark:type":"buoy_special_purpose"}},{"type":"Feature","geometry":{"type":"Point","coordinates":[3.199355,42.053832]},"properties":{"t":"node","id":3153804585,"kind":"dive-centre","name":"Xaloc Dive Center","shop":"scuba_diving"}},{"type":"Feature","geometry":{"type":"Point","coordinates":[3.197529,42.05124]},"properties":{"t":"node","id":3201091283,"kind":"dive-centre","name":"Dive Shop Poseidon","shop":"scuba_diving"}},{"type":"Feature","geometry":{"type":"Point","coordinates":[3.201803,42.054425]},"properties":{"t":"node","id":3238357842,"kind":"dive-centre","amenity":"dive_centre","name":"Unisub"}},{"type":"Feature","geometry":{"type":"Point","coordinates":[3.202524,42.054675]},"properties":{"t":"node","id":3241051376,"kind":"dive-centre","amenity":"bicycle_rental","name":"Complements Nàutics","name:ca":"Complements Nàutics","shop":"scuba_diving"}},{"type":"Feature","geometry":{"type":"Point","coordinates":[3.205872,42.054454]},"properties":{"t":"node","id":3276142142,"kind":"dive-centre","name":"Aqua Sports","shop":"scuba_diving"}},{"type":"Feature","geometry":{"type":"Point","coordinates":[3.205676,42.054517]},"properties":{"t":"node","id":3276144593,"kind":"dive-centre","name":"MedAqua - Kayak Snorkeling","shop":"scuba_diving"}},{"type":"Feature","geometry":{"type":"Point","coordinates":[3.206217,42.054393]},"properties":{"t":"node","id":3281427115,"kind":"dive-centre","name":"Costa Brava Divers","shop":"scuba_diving"}},{"type":"Feature","geometry":{"type":"Point","coordinates":[3.206705,42.054243]},"properties":{"t":"node","id":3281441172,"kind":"dive-centre","name":"Diving Center La Sirena","shop":"scuba_diving"}},{"type":"Feature","geometry":{"type":"Point","coordinates":[3.206843,42.054211]},"properties":{"t":"node","id":3281461250,"kind":"dive-centre","name":"Nautica Borrat","shop":"scuba_diving"}},{"type":"Feature","geometry":{"type":"Point","coordinates":[1.402282,41.137014]},"properties":{"t":"node","id":3590776700,"kind":"dive-centre","amenity":"dive_centre","name":"Odysea","shop":"scuba_diving"}},{"type":"Feature","geometry":{"type":"Point","coordinates":[3.184818,42.459888]},"properties":{"t":"node","id":3664486190,"kind":"buoy","seamark:light:character":"Fl","seamark:light:colour":"yellow","seamark:light:period":"4","seamark:type":"buoy_special_purpose"}},{"type":"Feature","geometry":{"type":"Point","coordinates":[3.174007,42.465321]},"properties":{"t":"node","id":3664486191,"kind":"buoy","seamark:light:character":"Fl","seamark:light:colour":"yellow","seamark:light:period":"15","seamark:type":"buoy_special_purpose"}},{"type":"Feature","geometry":{"type":"Point","coordinates":[3.172108,42.470062]},"properties":{"t":"node","id":3664508241,"kind":"buoy","seamark:light:character":"Fl","seamark:light:colour":"yellow","seamark:light:period":"15","seamark:type":"buoy_special_purpose"}},{"type":"Feature","geometry":{"type":"Point","coordinates":[3.142719,42.488258]},"properties":{"t":"node","id":3664517404,"kind":"buoy","seamark:light:character":"Fl","seamark:light:colour":"yellow","seamark:light:period":"16","seamark:type":"buoy_special_purpose"}},{"type":"Feature","geometry":{"type":"Point","coordinates":[3.168142,42.488297]},"properties":{"t":"node","id":3664517405,"kind":"buoy","seamark:light:character":"Fl","seamark:light:colour":"yellow","seamark:light:period":"4","seamark:type":"buoy_special_purpose"}},{"type":"Feature","geometry":{"type":"Point","coordinates":[3.167441,42.489475]},"properties":{"t":"node","id":3664517406,"kind":"buoy","seamark:light:character":"Fl","seamark:light:colour":"yellow","seamark:light:period":"20","seamark:type":"buoy_special_purpose"}},{"type":"Feature","geometry":{"type":"Point","coordinates":[1.924126,41.257991]},"properties":{"t":"node","id":3786142906,"kind":"harbour","seamark:type":"small_craft_facility"}},{"type":"Feature","geometry":{"type":"Point","coordinates":[1.925147,41.259275]},"properties":{"t":"node","id":3786142907,"kind":"harbour","seamark:type":"small_craft_facility"}},{"type":"Feature","geometry":{"type":"Point","coordinates":[1.924235,41.259887]},"properties":{"t":"node","id":3786142908,"kind":"harbour","seamark:type":"small_craft_facility"}},{"type":"Feature","geometry":{"type":"Point","coordinates":[1.924004,41.260102]},"properties":{"t":"node","id":3786142909,"kind":"harbour","seamark:type":"small_craft_facility"}},{"type":"Feature","geometry":{"type":"Point","coordinates":[1.925164,41.259319]},"properties":{"t":"node","id":3786151762,"kind":"harbour","seamark:type":"small_craft_facility"}},{"type":"Feature","geometry":{"type":"Point","coordinates":[3.19607,42.049709]},"properties":{"t":"node","id":3995147586,"kind":"dive-centre","amenity":"dive_centre","name":"El Rei del Mar","shop":"scuba_diving"}},{"type":"Feature","geometry":{"type":"Point","coordinates":[2.505641,41.555496]},"properties":{"t":"node","id":4137286180,"kind":"light","seamark:light:colour":"green","seamark:type":"light_minor"}},{"type":"Feature","geometry":{"type":"Point","coordinates":[2.503735,41.555782]},"properties":{"t":"node","id":4250836796,"kind":"light","seamark:light:character":"Fl","seamark:light:colour":"red","seamark:type":"light_minor"}},{"type":"Feature","geometry":{"type":"Point","coordinates":[2.506143,41.556923]},"properties":{"t":"node","id":4250836797,"kind":"light","seamark:light:colour":"red","seamark:type":"light_minor"}},{"type":"Feature","geometry":{"type":"Point","coordinates":[2.508064,41.558083]},"properties":{"t":"node","id":4250836798,"kind":"light","seamark:light:character":"Fl","seamark:light:colour":"red","seamark:type":"light_minor"}},{"type":"Feature","geometry":{"type":"Point","coordinates":[3.126771,41.845628]},"properties":{"t":"node","id":4269113949,"kind":"harbour","name":"Associació Front al Mar","seamark:harbour:category":"marina","seamark:type":"harbour"}},{"type":"Feature","geometry":{"type":"Point","coordinates":[3.129113,41.841401]},"properties":{"t":"node","id":4319375014,"kind":"light","name":"Punta del Molí","name:ca":"Punta del Molí","seamark:light:character":"Oc","seamark:light:colour":"white","seamark:light:period":"18","seamark:light:range":"18","seamark:type":"light_major"}},{"type":"Feature","geometry":{"type":"Point","coordinates":[2.935514,41.721139]},"properties":{"t":"node","id":4364809201,"kind":"dive-centre","amenity":"dive_centre","name":"Andreas Diving"}},{"type":"Feature","geometry":{"type":"Point","coordinates":[3.14908,42.261404]},"properties":{"t":"node","id":4729729203,"kind":"dive-site","name":"L embarrancat","sport":"scuba_diving"}},{"type":"Feature","geometry":{"type":"Point","coordinates":[3.137318,42.244823]},"properties":{"t":"node","id":4803849766,"kind":"harbour","name":"Marina empuriabrava","seamark:harbour:category":"marina","seamark:type":"harbour"}},{"type":"Feature","geometry":{"type":"Point","coordinates":[3.133158,42.481208]},"properties":{"t":"node","id":4973966062,"kind":"dive-site","name":"Club le Rederis","sport":"scuba_diving"}},{"type":"Feature","geometry":{"type":"Point","coordinates":[3.135213,41.84751]},"properties":{"t":"node","id":4996608621,"kind":"dive-centre","amenity":"dive_centre","name":"H2O Diving Center","sport":"scuba_diving"}},{"type":"Feature","geometry":{"type":"Point","coordinates":[3.135419,41.847585]},"properties":{"t":"node","id":4996619921,"kind":"dive-centre","amenity":"dive_centre","name":"Nautilus Sub Diving","name:es":"Nautilus Sub Diving","sport":"scuba_diving"}},{"type":"Feature","geometry":{"type":"Point","coordinates":[3.135804,41.847821]},"properties":{"t":"node","id":4996619922,"kind":"dive-centre","amenity":"dive_centre","name":"Formigues Sub","name:ca":"Formigues Sub","sport":"scuba_diving"}},{"type":"Feature","geometry":{"type":"Point","coordinates":[1.078004,41.064941]},"properties":{"t":"node","id":5017720023,"kind":"dive-site","name":"Glups Diving","sport":"scuba_diving"}},{"type":"Feature","geometry":{"type":"Point","coordinates":[3.195718,42.047938]},"properties":{"t":"node","id":5129093121,"kind":"dive-centre","amenity":"dive_centre","name":"Oceansub-Estartit"}},{"type":"Feature","geometry":{"type":"Point","coordinates":[3.230411,41.965586]},"properties":{"t":"node","id":5593883566,"kind":"ladder","highway":"ladder"}},{"type":"Feature","geometry":{"type":"Point","coordinates":[3.230343,41.965865]},"properties":{"t":"node","id":5593883579,"kind":"ladder","highway":"ladder"}},{"type":"Feature","geometry":{"type":"Point","coordinates":[3.218493,41.973957]},"properties":{"t":"node","id":5593885394,"kind":"ladder","highway":"ladder"}},{"type":"Feature","geometry":{"type":"Point","coordinates":[3.208469,41.91724]},"properties":{"t":"node","id":5596181551,"kind":"dive-site","name":"Badia de Tamariu","natural":"bay","scuba_diving:difficulty":"1","scuba_diving:divespot":"yes","scuba_diving:entry":"shore","scuba_diving:maxdepth":"18","sport":"scuba_diving","maxDepth":18}},{"type":"Feature","geometry":{"type":"Point","coordinates":[3.215998,41.921291]},"properties":{"t":"node","id":5596181553,"kind":"dive-site","name":"Aigua Xelida","natural":"bay","scuba_diving:difficulty":"1","scuba_diving:divespot":"yes","scuba_diving:entry":"shore","scuba_diving:maxdepth":"25","sport":"scuba_diving","maxDepth":25}},{"type":"Feature","geometry":{"type":"Point","coordinates":[3.216643,41.929569]},"properties":{"t":"node","id":5596181560,"kind":"dive-site","name":"Cala des Tramadiu","natural":"bay","scuba_diving:difficulty":"1","scuba_diving:divespot":"yes","scuba_diving:entry":"boat","scuba_diving:maxdepth":"18","sport":"scuba_diving","maxDepth":18}},{"type":"Feature","geometry":{"type":"Point","coordinates":[3.216573,41.934412]},"properties":{"t":"node","id":5596181564,"kind":"dive-site","name":"Aiguablava","natural":"bay","scuba_diving:difficulty":"1","scuba_diving:divespot":"yes","scuba_diving:entry":"shore","scuba_diving:maxdepth":"16","sport":"scuba_diving","maxDepth":16}},{"type":"Feature","geometry":{"type":"Point","coordinates":[3.21186,41.974158]},"properties":{"t":"node","id":5596197481,"kind":"dive-site","name":"Cala de sa Riera","natural":"bay","scuba_diving:difficulty":"1","scuba_diving:divespot":"yes","scuba_diving:entry":"shore","scuba_diving:maxdepth":"12","sport":"scuba_diving","maxDepth":12}},{"type":"Feature","geometry":{"type":"Point","coordinates":[3.228768,41.963783]},"properties":{"t":"node","id":5596197484,"kind":"dive-site","name":"Cala d'Aiguafreda","natural":"bay","scuba_diving:difficulty":"1","scuba_diving:divespot":"yes","scuba_diving:entry":"shore","scuba_diving:maxdepth":"24","sport":"scuba_diving","maxDepth":24}},{"type":"Feature","geometry":{"type":"Point","coordinates":[3.231632,41.961053]},"properties":{"t":"node","id":5596197486,"kind":"dive-site","name":"sa Tuna","natural":"bay","scuba_diving:difficulty":"1","scuba_diving:divespot":"yes","scuba_diving:entry":"shore","scuba_diving:maxdepth":"25","sport":"scuba_diving","maxDepth":25}},{"type":"Feature","geometry":{"type":"Point","coordinates":[3.176368,42.254353]},"properties":{"t":"node","id":5607891521,"kind":"harbour","seamark:type":"small_craft_facility","waterway":"fuel"}},{"type":"Feature","geometry":{"type":"Point","coordinates":[3.216673,41.937877]},"properties":{"t":"node","id":5617803393,"kind":"ladder","highway":"ladder"}},{"type":"Feature","geometry":{"type":"Point","coordinates":[2.938738,41.722502]},"properties":{"t":"node","id":5809064126,"kind":"dive-centre","amenity":"dive_centre","name":"KrakenDive","sport":"scuba_diving"}},{"type":"Feature","geometry":{"type":"Point","coordinates":[2.931232,41.722304]},"properties":{"t":"node","id":5809106428,"kind":"dive-centre","amenity":"dive_centre","name":"TossaSub"}},{"type":"Feature","geometry":{"type":"Point","coordinates":[2.933495,41.720831]},"properties":{"t":"node","id":5809111502,"kind":"dive-centre","amenity":"dive_centre","name":"Dream Dive"}},{"type":"Feature","geometry":{"type":"Point","coordinates":[2.931821,41.723938]},"properties":{"t":"node","id":5815652669,"kind":"dive-centre","amenity":"dive_centre","name":"SuperDive"}},{"type":"Feature","geometry":{"type":"Point","coordinates":[2.928116,41.72447]},"properties":{"t":"node","id":5866109940,"kind":"dive-centre","shop":"scuba_diving"}},{"type":"Feature","geometry":{"type":"Point","coordinates":[0.152348,41.691759]},"properties":{"t":"node","id":6019831313,"kind":"harbour","name":"Embarcadero de Belver","seamark:harbour:category":"marina","seamark:type":"harbour"}},{"type":"Feature","geometry":{"type":"Point","coordinates":[3.194595,42.050557]},"properties":{"t":"node","id":6266171132,"kind":"dive-centre","name":"Delta esports","shop":"scuba_diving"}},{"type":"Feature","geometry":{"type":"Point","coordinates":[3.036383,41.779109]},"properties":{"t":"node","id":6562263837,"kind":"harbour","seamark:type":"small_craft_facility","waterway":"fuel"}},{"type":"Feature","geometry":{"type":"Point","coordinates":[3.036247,41.779103]},"properties":{"t":"node","id":6562263838,"kind":"harbour","seamark:type":"small_craft_facility","waterway":"fuel"}},{"type":"Feature","geometry":{"type":"Point","coordinates":[3.13229,41.84626]},"properties":{"t":"node","id":6780910878,"kind":"harbour","name":"Port Marina","seamark:harbour:category":"marina","seamark:type":"harbour"}},{"type":"Feature","geometry":{"type":"Point","coordinates":[3.146456,42.119371]},"properties":{"t":"node","id":6925428543,"kind":"light","seamark:light:colour":"green","seamark:type":"light_minor"}},{"type":"Feature","geometry":{"type":"Point","coordinates":[3.145644,42.119823]},"properties":{"t":"node","id":6925431810,"kind":"light","name":"l'Escala","name:ca":"l'Escala","seamark:light:character":"Fl","seamark:light:colour":"red","seamark:light:period":"15","seamark:type":"light_minor"}},{"type":"Feature","geometry":{"type":"Point","coordinates":[3.123761,41.849473]},"properties":{"t":"node","id":7027219549,"kind":"dive-centre","name":"Gi Dive Store","shop":"scuba_diving"}},{"type":"Feature","geometry":{"type":"Point","coordinates":[0.854716,40.872166]},"properties":{"t":"node","id":7775661210,"kind":"buoy","seamark:light:character":"Fl","seamark:light:colour":"yellow","seamark:light:period":"5","seamark:light:range":"3","seamark:type":"buoy_special_purpose"}},{"type":"Feature","geometry":{"type":"Point","coordinates":[0.86,40.871333]},"properties":{"t":"node","id":7775661211,"kind":"buoy","seamark:light:character":"Fl","seamark:light:colour":"yellow","seamark:light:period":"5","seamark:light:range":"3","seamark:type":"buoy_special_purpose"}},{"type":"Feature","geometry":{"type":"Point","coordinates":[2.280309,41.629674]},"properties":{"t":"node","id":7784706172,"kind":"dive-centre","name":"Technical Drysuit Artic S.L","shop":"scuba_diving"}},{"type":"Feature","geometry":{"type":"Point","coordinates":[3.157808,42.460803]},"properties":{"t":"node","id":8969184702,"kind":"buoy","name":"1 Les galets","seamark:type":"buoy_special_purpose"}},{"type":"Feature","geometry":{"type":"Point","coordinates":[3.158183,42.460846]},"properties":{"t":"node","id":8969184704,"kind":"buoy","name":"2 Les herbiers de posidonie","seamark:type":"buoy_special_purpose"}},{"type":"Feature","geometry":{"type":"Point","coordinates":[3.158889,42.461028]},"properties":{"t":"node","id":8969184705,"kind":"buoy","name":"3 Les blocs","seamark:type":"buoy_special_purpose"}},{"type":"Feature","geometry":{"type":"Point","coordinates":[3.159761,42.461312]},"properties":{"t":"node","id":8969184706,"kind":"buoy","name":"4 Les failles","seamark:type":"buoy_special_purpose"}},{"type":"Feature","geometry":{"type":"Point","coordinates":[3.160563,42.461552]},"properties":{"t":"node","id":8969184707,"kind":"buoy","name":"5 Les tombants et la pleine eau","seamark:type":"buoy_special_purpose"}},{"type":"Feature","geometry":{"type":"Point","coordinates":[3.151694,42.261035]},"properties":{"t":"node","id":9003459817,"kind":"dive-centre","amenity":"dive_centre","name":"Diving Center Poseidon Roses"}},{"type":"Feature","geometry":{"type":"Point","coordinates":[3.160257,42.37002]},"properties":{"t":"node","id":9500565668,"kind":"dive-centre","name":"Cap de Creus","shop":"scuba_diving"}},{"type":"Feature","geometry":{"type":"Point","coordinates":[2.053217,41.258133]},"properties":{"t":"node","id":9555684037,"kind":"buoy","seamark:light:colour":"yellow","seamark:type":"buoy_special_purpose"}},{"type":"Feature","geometry":{"type":"Point","coordinates":[1.784767,41.179717]},"properties":{"t":"node","id":9555809823,"kind":"buoy","seamark:light:colour":"yellow","seamark:type":"buoy_special_purpose"}},{"type":"Feature","geometry":{"type":"Point","coordinates":[1.775667,41.179717]},"properties":{"t":"node","id":9555809824,"kind":"buoy","seamark:light:colour":"yellow","seamark:type":"buoy_special_purpose"}},{"type":"Feature","geometry":{"type":"Point","coordinates":[1.784767,41.186117]},"properties":{"t":"node","id":9555809825,"kind":"buoy","seamark:light:colour":"yellow","seamark:type":"buoy_special_purpose"}},{"type":"Feature","geometry":{"type":"Point","coordinates":[1.775667,41.186117]},"properties":{"t":"node","id":9555809826,"kind":"buoy","seamark:light:colour":"yellow","seamark:type":"buoy_special_purpose"}},{"type":"Feature","geometry":{"type":"Point","coordinates":[1.752733,41.181967]},"properties":{"t":"node","id":9556704635,"kind":"buoy","seamark:light:colour":"yellow","seamark:type":"buoy_special_purpose"}},{"type":"Feature","geometry":{"type":"Point","coordinates":[1.7097,41.161517]},"properties":{"t":"node","id":9557463455,"kind":"buoy","seamark:light:colour":"yellow","seamark:type":"buoy_special_purpose"}},{"type":"Feature","geometry":{"type":"Point","coordinates":[1.71265,41.1675]},"properties":{"t":"node","id":9557463456,"kind":"buoy","seamark:light:colour":"yellow","seamark:type":"buoy_special_purpose"}},{"type":"Feature","geometry":{"type":"Point","coordinates":[1.703,41.1665]},"properties":{"t":"node","id":9557463457,"kind":"buoy","seamark:light:colour":"yellow","seamark:type":"buoy_special_purpose"}},{"type":"Feature","geometry":{"type":"Point","coordinates":[1.230483,41.08918]},"properties":{"t":"node","id":9558232906,"kind":"buoy","seamark:light:colour":"yellow","seamark:type":"buoy_special_purpose"}},{"type":"Feature","geometry":{"type":"Point","coordinates":[1.229249,41.087793]},"properties":{"t":"node","id":9558232907,"kind":"buoy","seamark:light:colour":"yellow","seamark:type":"buoy_special_purpose"}},{"type":"Feature","geometry":{"type":"Point","coordinates":[2.208333,41.316667]},"properties":{"t":"node","id":9559928540,"kind":"buoy","seamark:light:colour":"yellow","seamark:type":"buoy_special_purpose"}},{"type":"Feature","geometry":{"type":"Point","coordinates":[2.207133,41.323467]},"properties":{"t":"node","id":9559928541,"kind":"buoy","seamark:buoy_special_purpose:category":"odas","seamark:light:colour":"yellow","seamark:type":"buoy_special_purpose"}},{"type":"Feature","geometry":{"type":"Point","coordinates":[2.208333,41.325]},"properties":{"t":"node","id":9559928542,"kind":"buoy","seamark:light:colour":"yellow","seamark:type":"buoy_special_purpose"}},{"type":"Feature","geometry":{"type":"Point","coordinates":[2.206433,41.38775]},"properties":{"t":"node","id":9562860247,"kind":"buoy","seamark:light:colour":"yellow","seamark:light:period":"4","seamark:light:range":"3","seamark:type":"buoy_special_purpose"}},{"type":"Feature","geometry":{"type":"Point","coordinates":[2.21385,41.394717]},"properties":{"t":"node","id":9565401290,"kind":"buoy","seamark:light:colour":"yellow","seamark:type":"buoy_special_purpose"}},{"type":"Feature","geometry":{"type":"Point","coordinates":[2.209833,41.390633]},"properties":{"t":"node","id":9565401291,"kind":"buoy","seamark:light:colour":"yellow","seamark:type":"buoy_special_purpose"}},{"type":"Feature","geometry":{"type":"Point","coordinates":[2.2195,41.4011]},"properties":{"t":"node","id":9565407011,"kind":"buoy","seamark:light:colour":"yellow","seamark:type":"buoy_special_purpose"}},{"type":"Feature","geometry":{"type":"Point","coordinates":[2.2185,41.39875]},"properties":{"t":"node","id":9565407012,"kind":"buoy","seamark:light:colour":"yellow","seamark:type":"buoy_special_purpose"}},{"type":"Feature","geometry":{"type":"Point","coordinates":[2.22825,41.4084]},"properties":{"t":"node","id":9565730557,"kind":"light","seamark:light:colour":"red","seamark:type":"light_minor"}},{"type":"Feature","geometry":{"type":"Point","coordinates":[2.2294,41.409]},"properties":{"t":"node","id":9565730558,"kind":"light","seamark:light:colour":"green","seamark:type":"light_minor"}},{"type":"Feature","geometry":{"type":"Point","coordinates":[0.302878,41.370348]},"properties":{"t":"node","id":9590583735,"kind":"harbour","seamark:harbour:category":"marina","seamark:type":"harbour"}},{"type":"Feature","geometry":{"type":"Point","coordinates":[3.160288,42.454468]},"properties":{"t":"node","id":9965537517,"kind":"dive-centre","amenity":"dive_centre","name":"Aloès Plongée"}},{"type":"Feature","geometry":{"type":"Point","coordinates":[3.135586,41.847628]},"properties":{"t":"node","id":10000650988,"kind":"dive-centre","amenity":"dive_centre","name":"Palamós Dive Center","sport":"scuba_diving"}},{"type":"Feature","geometry":{"type":"Point","coordinates":[0.811931,40.90763]},"properties":{"t":"node","id":10067752728,"kind":"dive-centre","amenity":"dive_centre","name":"Plàncton Diving"}},{"type":"Feature","geometry":{"type":"Point","coordinates":[3.208462,42.052396]},"properties":{"t":"node","id":10175314103,"kind":"light","seamark:light:character":"VQ","seamark:light:colour":"white","seamark:light:period":"5","seamark:light:range":"3","seamark:type":"light_minor"}},{"type":"Feature","geometry":{"type":"Point","coordinates":[2.242611,41.433911]},"properties":{"t":"node","id":10232583317,"kind":"harbour","seamark:type":"small_craft_facility","waterway":"fuel"}},{"type":"Feature","geometry":{"type":"Point","coordinates":[1.116664,41.158764]},"properties":{"t":"node","id":10690091215,"kind":"dive-centre","name":"Thalassa Esports","shop":"scuba_diving"}},{"type":"Feature","geometry":{"type":"Point","coordinates":[2.201376,41.386787]},"properties":{"t":"node","id":10870493568,"kind":"mooring","seamark:type":"mooring"}},{"type":"Feature","geometry":{"type":"Point","coordinates":[2.201348,41.386809]},"properties":{"t":"node","id":10870493587,"kind":"mooring","seamark:type":"mooring"}},{"type":"Feature","geometry":{"type":"Point","coordinates":[2.201322,41.386828]},"properties":{"t":"node","id":10870493588,"kind":"mooring","seamark:type":"mooring"}},{"type":"Feature","geometry":{"type":"Point","coordinates":[2.201286,41.386855]},"properties":{"t":"node","id":10870493589,"kind":"mooring","seamark:type":"mooring"}},{"type":"Feature","geometry":{"type":"Point","coordinates":[2.201258,41.386876]},"properties":{"t":"node","id":10870493590,"kind":"mooring","seamark:type":"mooring"}},{"type":"Feature","geometry":{"type":"Point","coordinates":[2.201226,41.386901]},"properties":{"t":"node","id":10870493591,"kind":"mooring","seamark:type":"mooring"}},{"type":"Feature","geometry":{"type":"Point","coordinates":[2.201199,41.386921]},"properties":{"t":"node","id":10870493592,"kind":"mooring","seamark:type":"mooring"}},{"type":"Feature","geometry":{"type":"Point","coordinates":[2.200117,41.387738]},"properties":{"t":"node","id":10870493593,"kind":"mooring","seamark:type":"mooring"}},{"type":"Feature","geometry":{"type":"Point","coordinates":[2.200146,41.387717]},"properties":{"t":"node","id":10870493594,"kind":"mooring","seamark:type":"mooring"}},{"type":"Feature","geometry":{"type":"Point","coordinates":[2.200172,41.387697]},"properties":{"t":"node","id":10870493595,"kind":"mooring","seamark:type":"mooring"}},{"type":"Feature","geometry":{"type":"Point","coordinates":[2.200207,41.38767]},"properties":{"t":"node","id":10870493596,"kind":"mooring","seamark:type":"mooring"}},{"type":"Feature","geometry":{"type":"Point","coordinates":[2.200238,41.387647]},"properties":{"t":"node","id":10870493597,"kind":"mooring","seamark:type":"mooring"}},{"type":"Feature","geometry":{"type":"Point","coordinates":[2.200269,41.387624]},"properties":{"t":"node","id":10870493598,"kind":"mooring","seamark:type":"mooring"}},{"type":"Feature","geometry":{"type":"Point","coordinates":[2.200298,41.387601]},"properties":{"t":"node","id":10870493599,"kind":"mooring","seamark:type":"mooring"}},{"type":"Feature","geometry":{"type":"Point","coordinates":[2.200326,41.38758]},"properties":{"t":"node","id":10870493600,"kind":"mooring","seamark:type":"mooring"}},{"type":"Feature","geometry":{"type":"Point","coordinates":[2.200345,41.387566]},"properties":{"t":"node","id":10870493601,"kind":"mooring","seamark:type":"mooring"}},{"type":"Feature","geometry":{"type":"Point","coordinates":[2.200361,41.387554]},"properties":{"t":"node","id":10870493602,"kind":"mooring","seamark:type":"mooring"}},{"type":"Feature","geometry":{"type":"Point","coordinates":[2.200375,41.387543]},"properties":{"t":"node","id":10870493603,"kind":"mooring","seamark:type":"mooring"}},{"type":"Feature","geometry":{"type":"Point","coordinates":[2.200397,41.387526]},"properties":{"t":"node","id":10870493604,"kind":"mooring","seamark:type":"mooring"}},{"type":"Feature","geometry":{"type":"Point","coordinates":[2.200418,41.387511]},"properties":{"t":"node","id":10870494905,"kind":"mooring","seamark:type":"mooring"}},{"type":"Feature","geometry":{"type":"Point","coordinates":[2.200447,41.387489]},"properties":{"t":"node","id":10870494906,"kind":"mooring","seamark:type":"mooring"}},{"type":"Feature","geometry":{"type":"Point","coordinates":[2.200478,41.387466]},"properties":{"t":"node","id":10870494907,"kind":"mooring","seamark:type":"mooring"}},{"type":"Feature","geometry":{"type":"Point","coordinates":[2.200507,41.387444]},"properties":{"t":"node","id":10870494908,"kind":"mooring","seamark:type":"mooring"}},{"type":"Feature","geometry":{"type":"Point","coordinates":[2.200541,41.387418]},"properties":{"t":"node","id":10870494909,"kind":"mooring","seamark:type":"mooring"}},{"type":"Feature","geometry":{"type":"Point","coordinates":[2.200576,41.387391]},"properties":{"t":"node","id":10870494910,"kind":"mooring","seamark:type":"mooring"}},{"type":"Feature","geometry":{"type":"Point","coordinates":[2.200606,41.387369]},"properties":{"t":"node","id":10870494911,"kind":"mooring","seamark:type":"mooring"}},{"type":"Feature","geometry":{"type":"Point","coordinates":[2.200628,41.387352]},"properties":{"t":"node","id":10870494912,"kind":"mooring","seamark:type":"mooring"}},{"type":"Feature","geometry":{"type":"Point","coordinates":[2.200658,41.38733]},"properties":{"t":"node","id":10870494913,"kind":"mooring","seamark:type":"mooring"}},{"type":"Feature","geometry":{"type":"Point","coordinates":[2.200692,41.387304]},"properties":{"t":"node","id":10870494914,"kind":"mooring","seamark:type":"mooring"}},{"type":"Feature","geometry":{"type":"Point","coordinates":[2.200746,41.387263]},"properties":{"t":"node","id":10870494915,"kind":"mooring","seamark:type":"mooring"}},{"type":"Feature","geometry":{"type":"Point","coordinates":[2.200777,41.387239]},"properties":{"t":"node","id":10870494916,"kind":"mooring","seamark:type":"mooring"}},{"type":"Feature","geometry":{"type":"Point","coordinates":[2.200811,41.387214]},"properties":{"t":"node","id":10870494917,"kind":"mooring","seamark:type":"mooring"}},{"type":"Feature","geometry":{"type":"Point","coordinates":[2.20084,41.387192]},"properties":{"t":"node","id":10870494918,"kind":"mooring","seamark:type":"mooring"}},{"type":"Feature","geometry":{"type":"Point","coordinates":[2.200884,41.387159]},"properties":{"t":"node","id":10870494919,"kind":"mooring","seamark:type":"mooring"}},{"type":"Feature","geometry":{"type":"Point","coordinates":[2.200924,41.387129]},"properties":{"t":"node","id":10870494920,"kind":"mooring","seamark:type":"mooring"}},{"type":"Feature","geometry":{"type":"Point","coordinates":[2.200975,41.38709]},"properties":{"t":"node","id":10870494921,"kind":"mooring","seamark:type":"mooring"}},{"type":"Feature","geometry":{"type":"Point","coordinates":[2.201015,41.38706]},"properties":{"t":"node","id":10870494922,"kind":"mooring","seamark:type":"mooring"}},{"type":"Feature","geometry":{"type":"Point","coordinates":[2.201043,41.387039]},"properties":{"t":"node","id":10870494923,"kind":"mooring","seamark:type":"mooring"}},{"type":"Feature","geometry":{"type":"Point","coordinates":[2.201104,41.386993]},"properties":{"t":"node","id":10870494924,"kind":"mooring","seamark:type":"mooring"}},{"type":"Feature","geometry":{"type":"Point","coordinates":[2.201154,41.386955]},"properties":{"t":"node","id":10870494925,"kind":"mooring","seamark:type":"mooring"}},{"type":"Feature","geometry":{"type":"Point","coordinates":[2.201388,41.386796]},"properties":{"t":"node","id":10870515956,"kind":"mooring","seamark:type":"mooring"}},{"type":"Feature","geometry":{"type":"Point","coordinates":[2.201371,41.386809]},"properties":{"t":"node","id":10870515957,"kind":"mooring","seamark:type":"mooring"}},{"type":"Feature","geometry":{"type":"Point","coordinates":[2.226821,41.413677]},"properties":{"t":"node","id":10880305805,"kind":"harbour","seamark:type":"small_craft_facility","waterway":"fuel"}},{"type":"Feature","geometry":{"type":"Point","coordinates":[2.877967,41.705608]},"properties":{"t":"node","id":11178917746,"kind":"dive-centre","amenity":"dive_centre","name":"Océanos Diving Center"}},{"type":"Feature","geometry":{"type":"Point","coordinates":[3.03693,41.781047]},"properties":{"t":"node","id":11264899169,"kind":"dive-centre","amenity":"dive_centre","name":"SubLimits Diving Center"}},{"type":"Feature","geometry":{"type":"Point","coordinates":[1.229538,41.088944]},"properties":{"t":"node","id":11646580119,"kind":"wreck","seamark:type":"wreck"}},{"type":"Feature","geometry":{"type":"Point","coordinates":[1.229763,41.089685]},"properties":{"t":"node","id":11646580120,"kind":"wreck","seamark:type":"wreck"}},{"type":"Feature","geometry":{"type":"Point","coordinates":[1.229657,41.088825]},"properties":{"t":"node","id":11646580121,"kind":"dive-site","alt_name":"Dragonera;La Dragonera","depth":"14-24","description":"Se trata de un carguero de 65 metros de eslora, que descansa desde 1994 sobre un fondo de arena y fango, a una profundidad de entre 14 y 24 metros. El pecio está partido en varios puntos, por los que buceadores expertos y preparados para ello pueden acced","name":"Pecio La Dragonera","scuba_diving:divespot":"yes","scuba_diving:entry":"shore","scuba_diving:maxdepth":"22","seamark:type":"wreck","sport":"scuba_diving","maxDepth":22}},{"type":"Feature","geometry":{"type":"Point","coordinates":[1.229125,41.088631]},"properties":{"t":"node","id":11646580122,"kind":"wreck","seamark:type":"wreck"}},{"type":"Feature","geometry":{"type":"Point","coordinates":[1.303676,41.127471]},"properties":{"t":"node","id":11646580123,"kind":"buoy","seamark:type":"buoy_special_purpose"}},{"type":"Feature","geometry":{"type":"Point","coordinates":[1.303155,41.127997]},"properties":{"t":"node","id":11646580124,"kind":"buoy","seamark:type":"buoy_special_purpose"}},{"type":"Feature","geometry":{"type":"Point","coordinates":[1.303248,41.127794]},"properties":{"t":"node","id":11646580125,"kind":"buoy","seamark:type":"buoy_special_purpose"}},{"type":"Feature","geometry":{"type":"Point","coordinates":[1.303424,41.127638]},"properties":{"t":"node","id":11646580126,"kind":"buoy","seamark:type":"buoy_special_purpose"}},{"type":"Feature","geometry":{"type":"Point","coordinates":[1.303374,41.127848]},"properties":{"t":"node","id":11646580127,"kind":"buoy","seamark:type":"buoy_special_purpose"}},{"type":"Feature","geometry":{"type":"Point","coordinates":[1.303041,41.128189]},"properties":{"t":"node","id":11646580128,"kind":"buoy","seamark:type":"buoy_special_purpose"}},{"type":"Feature","geometry":{"type":"Point","coordinates":[1.302946,41.128355]},"properties":{"t":"node","id":11646580129,"kind":"buoy","seamark:type":"buoy_special_purpose"}},{"type":"Feature","geometry":{"type":"Point","coordinates":[1.3031,41.128431]},"properties":{"t":"node","id":11646580130,"kind":"buoy","seamark:type":"buoy_special_purpose"}},{"type":"Feature","geometry":{"type":"Point","coordinates":[1.303224,41.128281]},"properties":{"t":"node","id":11646580131,"kind":"buoy","seamark:type":"buoy_special_purpose"}},{"type":"Feature","geometry":{"type":"Point","coordinates":[1.303299,41.128078]},"properties":{"t":"node","id":11646580132,"kind":"buoy","seamark:type":"buoy_special_purpose"}},{"type":"Feature","geometry":{"type":"Point","coordinates":[1.303306,41.127571]},"properties":{"t":"node","id":11646580133,"kind":"buoy","seamark:type":"buoy_special_purpose"}},{"type":"Feature","geometry":{"type":"Point","coordinates":[1.303562,41.127259]},"properties":{"t":"node","id":11646580134,"kind":"buoy","seamark:type":"buoy_special_purpose"}},{"type":"Feature","geometry":{"type":"Point","coordinates":[1.324483,41.12697]},"properties":{"t":"node","id":11646580135,"kind":"buoy","seamark:type":"buoy_special_purpose"}},{"type":"Feature","geometry":{"type":"Point","coordinates":[1.323489,41.127027]},"properties":{"t":"node","id":11646580136,"kind":"buoy","seamark:type":"buoy_special_purpose"}},{"type":"Feature","geometry":{"type":"Point","coordinates":[1.32282,41.127179]},"properties":{"t":"node","id":11646580137,"kind":"buoy","seamark:type":"buoy_special_purpose"}},{"type":"Feature","geometry":{"type":"Point","coordinates":[1.322186,41.127441]},"properties":{"t":"node","id":11646580138,"kind":"buoy","seamark:type":"buoy_special_purpose"}},{"type":"Feature","geometry":{"type":"Point","coordinates":[1.321591,41.127635]},"properties":{"t":"node","id":11646580139,"kind":"buoy","seamark:type":"buoy_special_purpose"}},{"type":"Feature","geometry":{"type":"Point","coordinates":[1.321083,41.127729]},"properties":{"t":"node","id":11646580140,"kind":"buoy","seamark:type":"buoy_special_purpose"}},{"type":"Feature","geometry":{"type":"Point","coordinates":[1.320516,41.127808]},"properties":{"t":"node","id":11646580141,"kind":"buoy","seamark:type":"buoy_special_purpose"}},{"type":"Feature","geometry":{"type":"Point","coordinates":[1.319851,41.127918]},"properties":{"t":"node","id":11646580142,"kind":"buoy","seamark:type":"buoy_special_purpose"}},{"type":"Feature","geometry":{"type":"Point","coordinates":[1.319252,41.127924]},"properties":{"t":"node","id":11646580143,"kind":"buoy","seamark:type":"buoy_special_purpose"}},{"type":"Feature","geometry":{"type":"Point","coordinates":[1.318778,41.127905]},"properties":{"t":"node","id":11646580144,"kind":"buoy","seamark:type":"buoy_special_purpose"}},{"type":"Feature","geometry":{"type":"Point","coordinates":[1.318066,41.127976]},"properties":{"t":"node","id":11646580145,"kind":"buoy","seamark:type":"buoy_special_purpose"}},{"type":"Feature","geometry":{"type":"Point","coordinates":[1.317549,41.128007]},"properties":{"t":"node","id":11646580146,"kind":"buoy","seamark:type":"buoy_special_purpose"}},{"type":"Feature","geometry":{"type":"Point","coordinates":[1.316602,41.127951]},"properties":{"t":"node","id":11646580147,"kind":"buoy","seamark:type":"buoy_special_purpose"}},{"type":"Feature","geometry":{"type":"Point","coordinates":[1.315854,41.127892]},"properties":{"t":"node","id":11646580148,"kind":"buoy","seamark:type":"buoy_special_purpose"}},{"type":"Feature","geometry":{"type":"Point","coordinates":[1.315507,41.127873]},"properties":{"t":"node","id":11646580149,"kind":"buoy","seamark:type":"buoy_special_purpose"}},{"type":"Feature","geometry":{"type":"Point","coordinates":[1.315249,41.127864]},"properties":{"t":"node","id":11646580150,"kind":"buoy","seamark:type":"buoy_special_purpose"}},{"type":"Feature","geometry":{"type":"Point","coordinates":[1.314256,41.12786]},"properties":{"t":"node","id":11646580151,"kind":"buoy","seamark:type":"buoy_special_purpose"}},{"type":"Feature","geometry":{"type":"Point","coordinates":[1.313675,41.127814]},"properties":{"t":"node","id":11646580152,"kind":"buoy","seamark:type":"buoy_special_purpose"}},{"type":"Feature","geometry":{"type":"Point","coordinates":[1.312986,41.127774]},"properties":{"t":"node","id":11646580153,"kind":"buoy","seamark:type":"buoy_special_purpose"}},{"type":"Feature","geometry":{"type":"Point","coordinates":[1.312483,41.127738]},"properties":{"t":"node","id":11646580154,"kind":"buoy","seamark:type":"buoy_special_purpose"}},{"type":"Feature","geometry":{"type":"Point","coordinates":[1.311881,41.127704]},"properties":{"t":"node","id":11646580155,"kind":"buoy","seamark:type":"buoy_special_purpose"}},{"type":"Feature","geometry":{"type":"Point","coordinates":[1.311274,41.127643]},"properties":{"t":"node","id":11646580156,"kind":"buoy","seamark:type":"buoy_special_purpose"}},{"type":"Feature","geometry":{"type":"Point","coordinates":[1.310715,41.127601]},"properties":{"t":"node","id":11646580157,"kind":"buoy","seamark:type":"buoy_special_purpose"}},{"type":"Feature","geometry":{"type":"Point","coordinates":[1.310003,41.127559]},"properties":{"t":"node","id":11646580158,"kind":"buoy","seamark:type":"buoy_special_purpose"}},{"type":"Feature","geometry":{"type":"Point","coordinates":[1.309441,41.127498]},"properties":{"t":"node","id":11646580159,"kind":"buoy","seamark:type":"buoy_special_purpose"}},{"type":"Feature","geometry":{"type":"Point","coordinates":[1.308905,41.12746]},"properties":{"t":"node","id":11646580160,"kind":"buoy","seamark:type":"buoy_special_purpose"}},{"type":"Feature","geometry":{"type":"Point","coordinates":[1.308347,41.127389]},"properties":{"t":"node","id":11646580161,"kind":"buoy","seamark:type":"buoy_special_purpose"}},{"type":"Feature","geometry":{"type":"Point","coordinates":[1.307743,41.127332]},"properties":{"t":"node","id":11646580162,"kind":"buoy","seamark:type":"buoy_special_purpose"}},{"type":"Feature","geometry":{"type":"Point","coordinates":[1.30711,41.127284]},"properties":{"t":"node","id":11646580163,"kind":"buoy","seamark:type":"buoy_special_purpose"}},{"type":"Feature","geometry":{"type":"Point","coordinates":[1.306544,41.127249]},"properties":{"t":"node","id":11646580164,"kind":"buoy","seamark:type":"buoy_special_purpose"}},{"type":"Feature","geometry":{"type":"Point","coordinates":[1.305895,41.127171]},"properties":{"t":"node","id":11646580165,"kind":"buoy","seamark:type":"buoy_special_purpose"}},{"type":"Feature","geometry":{"type":"Point","coordinates":[1.305241,41.12709]},"properties":{"t":"node","id":11646580166,"kind":"buoy","seamark:type":"buoy_special_purpose"}},{"type":"Feature","geometry":{"type":"Point","coordinates":[1.290719,41.122895]},"properties":{"t":"node","id":11646580167,"kind":"buoy","seamark:type":"buoy_special_purpose"}},{"type":"Feature","geometry":{"type":"Point","coordinates":[1.291543,41.12333]},"properties":{"t":"node","id":11646580168,"kind":"buoy","seamark:type":"buoy_special_purpose"}},{"type":"Feature","geometry":{"type":"Point","coordinates":[1.292471,41.123827]},"properties":{"t":"node","id":11646646569,"kind":"buoy","seamark:type":"buoy_special_purpose"}},{"type":"Feature","geometry":{"type":"Point","coordinates":[1.293219,41.124158]},"properties":{"t":"node","id":11646646570,"kind":"buoy","seamark:type":"buoy_special_purpose"}},{"type":"Feature","geometry":{"type":"Point","coordinates":[1.293635,41.124352]},"properties":{"t":"node","id":11646646571,"kind":"buoy","seamark:type":"buoy_special_purpose"}},{"type":"Feature","geometry":{"type":"Point","coordinates":[1.294552,41.124754]},"properties":{"t":"node","id":11646646572,"kind":"buoy","seamark:type":"buoy_special_purpose"}},{"type":"Feature","geometry":{"type":"Point","coordinates":[1.295107,41.124958]},"properties":{"t":"node","id":11646646573,"kind":"buoy","seamark:type":"buoy_special_purpose"}},{"type":"Feature","geometry":{"type":"Point","coordinates":[1.295595,41.125118]},"properties":{"t":"node","id":11646646574,"kind":"buoy","seamark:type":"buoy_special_purpose"}},{"type":"Feature","geometry":{"type":"Point","coordinates":[1.296151,41.125318]},"properties":{"t":"node","id":11646646575,"kind":"buoy","seamark:type":"buoy_special_purpose"}},{"type":"Feature","geometry":{"type":"Point","coordinates":[1.296765,41.12547]},"properties":{"t":"node","id":11646646576,"kind":"buoy","seamark:type":"buoy_special_purpose"}},{"type":"Feature","geometry":{"type":"Point","coordinates":[1.29728,41.125641]},"properties":{"t":"node","id":11646646577,"kind":"buoy","seamark:type":"buoy_special_purpose"}},{"type":"Feature","geometry":{"type":"Point","coordinates":[1.297883,41.125829]},"properties":{"t":"node","id":11646646578,"kind":"buoy","seamark:type":"buoy_special_purpose"}},{"type":"Feature","geometry":{"type":"Point","coordinates":[1.298326,41.126064]},"properties":{"t":"node","id":11646646579,"kind":"buoy","seamark:type":"buoy_special_purpose"}},{"type":"Feature","geometry":{"type":"Point","coordinates":[1.298801,41.1263]},"properties":{"t":"node","id":11646646580,"kind":"buoy","seamark:type":"buoy_special_purpose"}},{"type":"Feature","geometry":{"type":"Point","coordinates":[1.299723,41.126815]},"properties":{"t":"node","id":11646646581,"kind":"buoy","seamark:type":"buoy_special_purpose"}},{"type":"Feature","geometry":{"type":"Point","coordinates":[1.300305,41.126987]},"properties":{"t":"node","id":11646646582,"kind":"buoy","seamark:type":"buoy_special_purpose"}},{"type":"Feature","geometry":{"type":"Point","coordinates":[1.30089,41.127106]},"properties":{"t":"node","id":11646646583,"kind":"buoy","seamark:type":"buoy_special_purpose"}},{"type":"Feature","geometry":{"type":"Point","coordinates":[1.301486,41.127197]},"properties":{"t":"node","id":11646646584,"kind":"buoy","seamark:type":"buoy_special_purpose"}},{"type":"Feature","geometry":{"type":"Point","coordinates":[1.30207,41.127286]},"properties":{"t":"node","id":11646646585,"kind":"buoy","seamark:type":"buoy_special_purpose"}},{"type":"Feature","geometry":{"type":"Point","coordinates":[1.30265,41.12726]},"properties":{"t":"node","id":11646646586,"kind":"buoy","seamark:type":"buoy_special_purpose"}},{"type":"Feature","geometry":{"type":"Point","coordinates":[1.303299,41.127144]},"properties":{"t":"node","id":11646646587,"kind":"buoy","seamark:type":"buoy_special_purpose"}},{"type":"Feature","geometry":{"type":"Point","coordinates":[1.228151,41.087588]},"properties":{"t":"node","id":11646646590,"kind":"wreck","seamark:type":"wreck"}},{"type":"Feature","geometry":{"type":"Point","coordinates":[1.267344,41.10927]},"properties":{"t":"node","id":11648728361,"kind":"wreck","alt_name":"El Vaporet","depth":"16","name":"Vapor del Miracle","seamark:type":"wreck"}},{"type":"Feature","geometry":{"type":"Point","coordinates":[3.139268,42.481205]},"properties":{"t":"node","id":11736993514,"kind":"dive-site","name":"Pelleteuse","scuba_diving:divespot":"yes","sport":"scuba_diving"}},{"type":"Feature","geometry":{"type":"Point","coordinates":[2.198983,41.383642]},"properties":{"t":"node","id":11763993602,"kind":"light","seamark:type":"beacon_lateral"}},{"type":"Feature","geometry":{"type":"Point","coordinates":[3.134526,42.480019]},"properties":{"t":"node","id":11837415061,"kind":"dive-site","name":"Aquablue","sport":"scuba_diving"}},{"type":"Feature","geometry":{"type":"Point","coordinates":[3.126189,42.247652]},"properties":{"t":"node","id":11869101751,"kind":"harbour","name":"Repsol","seamark:type":"small_craft_facility","waterway":"fuel"}},{"type":"Feature","geometry":{"type":"Point","coordinates":[2.212296,41.400371]},"properties":{"t":"node","id":11982881860,"kind":"dive-centre","amenity":"dive_centre","name":"Vanas Dive"}},{"type":"Feature","geometry":{"type":"Point","coordinates":[2.22766,41.410964]},"properties":{"t":"node","id":11983789796,"kind":"dive-centre","amenity":"dive_centre","name":"Saita Diving"}},{"type":"Feature","geometry":{"type":"Point","coordinates":[2.227356,41.410877]},"properties":{"t":"node","id":11983789797,"kind":"dive-centre","amenity":"dive_centre"}},{"type":"Feature","geometry":{"type":"Point","coordinates":[2.227321,41.410749]},"properties":{"t":"node","id":11983789798,"kind":"dive-centre","amenity":"dive_centre"}},{"type":"Feature","geometry":{"type":"Point","coordinates":[2.188501,41.370849]},"properties":{"t":"node","id":12018261473,"kind":"dive-centre","amenity":"dive_centre","name":"Underwater Barcelona"}},{"type":"Feature","geometry":{"type":"Point","coordinates":[2.248144,41.443934]},"properties":{"t":"node","id":12020533809,"kind":"dive-site","name":"Club d'Escafandrisme Sasba","sport":"scuba_diving"}},{"type":"Feature","geometry":{"type":"Point","coordinates":[3.085105,41.829637]},"properties":{"t":"node","id":12037982335,"kind":"dive-centre","amenity":"dive_centre","name":"Diver Sub"}},{"type":"Feature","geometry":{"type":"Point","coordinates":[3.2162,41.933591]},"properties":{"t":"node","id":12040120454,"kind":"dive-centre","amenity":"dive_centre","name":"Begur Dive"}},{"type":"Feature","geometry":{"type":"Point","coordinates":[3.229864,41.960613]},"properties":{"t":"node","id":12104507275,"kind":"swimming-area","seamark:buoy_special_purpose:category":"recreation_zone","seamark:restricted_area:category":"recreation_zone","seamark:type":"restricted_area"}},{"type":"Feature","geometry":{"type":"Point","coordinates":[3.231249,41.960446]},"properties":{"t":"node","id":12104507276,"kind":"swimming-area","seamark:buoy_special_purpose:category":"recreation_zone","seamark:restricted_area:category":"recreation_zone","seamark:type":"restricted_area"}},{"type":"Feature","geometry":{"type":"Point","coordinates":[3.231823,41.959902]},"properties":{"t":"node","id":12104507277,"kind":"swimming-area","seamark:buoy_special_purpose:category":"recreation_zone","seamark:restricted_area:category":"recreation_zone","seamark:type":"restricted_area"}},{"type":"Feature","geometry":{"type":"Point","coordinates":[3.22771,41.964151]},"properties":{"t":"node","id":12104507280,"kind":"swimming-area","seamark:buoy_special_purpose:category":"recreation_zone","seamark:restricted_area:category":"recreation_zone","seamark:type":"restricted_area"}},{"type":"Feature","geometry":{"type":"Point","coordinates":[3.227643,41.964056]},"properties":{"t":"node","id":12104507281,"kind":"swimming-area","seamark:buoy_special_purpose:category":"recreation_zone","seamark:restricted_area:category":"recreation_zone","seamark:type":"restricted_area"}},{"type":"Feature","geometry":{"type":"Point","coordinates":[3.227617,41.963922]},"properties":{"t":"node","id":12104507282,"kind":"swimming-area","seamark:buoy_special_purpose:category":"recreation_zone","seamark:restricted_area:category":"recreation_zone","seamark:type":"restricted_area"}},{"type":"Feature","geometry":{"type":"Point","coordinates":[3.216889,41.934785]},"properties":{"t":"node","id":12104526256,"kind":"swimming-area","seamark:buoy_special_purpose:category":"recreation_zone","seamark:restricted_area:category":"recreation_zone","seamark:type":"restricted_area"}},{"type":"Feature","geometry":{"type":"Point","coordinates":[3.216418,41.93504]},"properties":{"t":"node","id":12104526257,"kind":"swimming-area","seamark:buoy_special_purpose:category":"recreation_zone","seamark:restricted_area:category":"recreation_zone","seamark:type":"restricted_area"}},{"type":"Feature","geometry":{"type":"Point","coordinates":[3.216197,41.935163]},"properties":{"t":"node","id":12104526258,"kind":"swimming-area","seamark:buoy_special_purpose:category":"recreation_zone","seamark:restricted_area:category":"recreation_zone","seamark:type":"restricted_area"}},{"type":"Feature","geometry":{"type":"Point","coordinates":[3.216347,41.935519]},"properties":{"t":"node","id":12104526259,"kind":"swimming-area","seamark:buoy_special_purpose:category":"recreation_zone","seamark:restricted_area:category":"recreation_zone","seamark:type":"restricted_area"}},{"type":"Feature","geometry":{"type":"Point","coordinates":[3.23085,41.960937]},"properties":{"t":"node","id":12104526264,"kind":"swimming-area","seamark:buoy_special_purpose:category":"recreation_zone","seamark:restricted_area:category":"recreation_zone","seamark:type":"restricted_area"}},{"type":"Feature","geometry":{"type":"Point","coordinates":[3.227022,41.964428]},"properties":{"t":"node","id":12104531959,"kind":"ladder","highway":"ladder"}},{"type":"Feature","geometry":{"type":"Point","coordinates":[3.230463,41.961062]},"properties":{"t":"node","id":12104531963,"kind":"ladder","highway":"ladder"}},{"type":"Feature","geometry":{"type":"Point","coordinates":[3.217452,41.938796]},"properties":{"t":"node","id":12104561004,"kind":"ladder","highway":"ladder"}},{"type":"Feature","geometry":{"type":"Point","coordinates":[3.216805,41.934063]},"properties":{"t":"node","id":12107068240,"kind":"harbour","seamark:harbour:category":"marina_no_facilities","seamark:type":"harbour"}},{"type":"Feature","geometry":{"type":"Point","coordinates":[3.216715,41.934148]},"properties":{"t":"node","id":12132355292,"kind":"swimming-area","seamark:buoy_special_purpose:category":"recreation_zone","seamark:restricted_area:category":"recreation_zone","seamark:type":"restricted_area"}},{"type":"Feature","geometry":{"type":"Point","coordinates":[3.216863,41.934323]},"properties":{"t":"node","id":12132355293,"kind":"swimming-area","seamark:buoy_special_purpose:category":"recreation_zone","seamark:restricted_area:category":"recreation_zone","seamark:type":"restricted_area"}},{"type":"Feature","geometry":{"type":"Point","coordinates":[3.216985,41.934474]},"properties":{"t":"node","id":12132355294,"kind":"swimming-area","seamark:buoy_special_purpose:category":"recreation_zone","seamark:restricted_area:category":"recreation_zone","seamark:type":"restricted_area"}},{"type":"Feature","geometry":{"type":"Point","coordinates":[3.217129,41.934641]},"properties":{"t":"node","id":12132355295,"kind":"swimming-area","seamark:buoy_special_purpose:category":"recreation_zone","seamark:restricted_area:category":"recreation_zone","seamark:type":"restricted_area"}},{"type":"Feature","geometry":{"type":"Point","coordinates":[3.216661,41.934894]},"properties":{"t":"node","id":12132355296,"kind":"swimming-area","seamark:buoy_special_purpose:category":"recreation_zone","seamark:restricted_area:category":"recreation_zone","seamark:type":"restricted_area"}},{"type":"Feature","geometry":{"type":"Point","coordinates":[3.216266,41.935331]},"properties":{"t":"node","id":12132355297,"kind":"swimming-area","seamark:buoy_special_purpose:category":"recreation_zone","seamark:restricted_area:category":"recreation_zone","seamark:type":"restricted_area"}},{"type":"Feature","geometry":{"type":"Point","coordinates":[3.216618,41.934043]},"properties":{"t":"node","id":12132355298,"kind":"swimming-area","seamark:buoy_special_purpose:category":"recreation_zone","seamark:restricted_area:category":"recreation_zone","seamark:type":"restricted_area"}},{"type":"Feature","geometry":{"type":"Point","coordinates":[3.217063,41.934359]},"properties":{"t":"node","id":12132355299,"kind":"swimming-area","seamark:buoy_special_purpose:category":"recreation_zone","seamark:restricted_area:category":"recreation_zone","seamark:type":"restricted_area"}},{"type":"Feature","geometry":{"type":"Point","coordinates":[3.217296,41.934579]},"properties":{"t":"node","id":12132355300,"kind":"swimming-area","seamark:buoy_special_purpose:category":"recreation_zone","seamark:restricted_area:category":"recreation_zone","seamark:type":"restricted_area"}},{"type":"Feature","geometry":{"type":"Point","coordinates":[3.216626,41.934949]},"properties":{"t":"node","id":12132415101,"kind":"wreck","depth":"7","description":"Àmfores","historic:civilization":"roman","location":"underwater","name":"Aiguablava V i VII","seamark:type":"wreck","seamark:wreck:water_level":"7"}},{"type":"Feature","geometry":{"type":"Point","coordinates":[3.230614,41.960865]},"properties":{"t":"node","id":12132415102,"kind":"swimming-area","seamark:buoy_special_purpose:category":"recreation_zone","seamark:restricted_area:category":"recreation_zone","seamark:type":"restricted_area"}},{"type":"Feature","geometry":{"type":"Point","coordinates":[3.230173,41.960711]},"properties":{"t":"node","id":12132415103,"kind":"swimming-area","seamark:buoy_special_purpose:category":"recreation_zone","seamark:restricted_area:category":"recreation_zone","seamark:type":"restricted_area"}},{"type":"Feature","geometry":{"type":"Point","coordinates":[3.230353,41.960771]},"properties":{"t":"node","id":12132415104,"kind":"swimming-area","seamark:buoy_special_purpose:category":"recreation_zone","seamark:restricted_area:category":"recreation_zone","seamark:type":"restricted_area"}},{"type":"Feature","geometry":{"type":"Point","coordinates":[3.23099,41.960776]},"properties":{"t":"node","id":12132415105,"kind":"swimming-area","seamark:buoy_special_purpose:category":"recreation_zone","seamark:restricted_area:category":"recreation_zone","seamark:type":"restricted_area"}},{"type":"Feature","geometry":{"type":"Point","coordinates":[3.231095,41.960633]},"properties":{"t":"node","id":12132415106,"kind":"swimming-area","seamark:buoy_special_purpose:category":"recreation_zone","seamark:restricted_area:category":"recreation_zone","seamark:type":"restricted_area"}},{"type":"Feature","geometry":{"type":"Point","coordinates":[3.231359,41.960318]},"properties":{"t":"node","id":12132415107,"kind":"swimming-area","seamark:buoy_special_purpose:category":"recreation_zone","seamark:restricted_area:category":"recreation_zone","seamark:type":"restricted_area"}},{"type":"Feature","geometry":{"type":"Point","coordinates":[3.231542,41.960131]},"properties":{"t":"node","id":12132415108,"kind":"swimming-area","seamark:buoy_special_purpose:category":"recreation_zone","seamark:restricted_area:category":"recreation_zone","seamark:type":"restricted_area"}},{"type":"Feature","geometry":{"type":"Point","coordinates":[3.232177,41.959948]},"properties":{"t":"node","id":12132415109,"kind":"swimming-area","seamark:buoy_special_purpose:category":"recreation_zone","seamark:restricted_area:category":"recreation_zone","seamark:type":"restricted_area"}},{"type":"Feature","geometry":{"type":"Point","coordinates":[3.226673,41.944721]},"properties":{"t":"node","id":12132826523,"kind":"mooring","name":"Boia de l'Illa Negra","seamark:mooring:category":"buoy","seamark:type":"mooring"}},{"type":"Feature","geometry":{"type":"Point","coordinates":[3.212988,41.915349]},"properties":{"t":"node","id":12132826524,"kind":"mooring","seamark:mooring:category":"buoy","seamark:type":"mooring"}},{"type":"Feature","geometry":{"type":"Point","coordinates":[3.21294,41.915449]},"properties":{"t":"node","id":12132826525,"kind":"dive-site","name":"Roca Montiell","scuba_diving:difficulty":"1","scuba_diving:divespot":"yes","scuba_diving:entry":"boat","scuba_diving:maxdepth":"25","seamark:rock:water_level":"submerged","seamark:type":"rock","sport":"scuba_diving","maxDepth":25}},{"type":"Feature","geometry":{"type":"Point","coordinates":[3.220137,41.918798]},"properties":{"t":"node","id":12132826553,"kind":"mooring","name":"Boia del Furió d'Aigua Xelida","seamark:mooring:category":"buoy","seamark:type":"mooring"}},{"type":"Feature","geometry":{"type":"Point","coordinates":[3.221813,41.920112]},"properties":{"t":"node","id":12132826554,"kind":"mooring","name":"Boia dels Canons de Tamariu","seamark:mooring:category":"buoy","seamark:type":"mooring"}},{"type":"Feature","geometry":{"type":"Point","coordinates":[3.221804,41.92021]},"properties":{"t":"node","id":12132826555,"kind":"dive-site","alt_name":"Llosa de Cala Nova","name":"Canons de Tamariu","name:ca":"Canons de Tamariu","name:es":"Cañones de Tamariu","scuba_diving:dangers:current":"yes","scuba_diving:difficulty":"2","scuba_diving:divespot":"yes","scuba_diving:entry":"boat","scuba_diving:maxdepth":"40","seamark:rock:water_level":"submerged","seamark:type":"rock","sport":"scuba_diving","maxDepth":40}},{"type":"Feature","geometry":{"type":"Point","coordinates":[3.22903,41.944236]},"properties":{"t":"node","id":12132826556,"kind":"dive-site","location":"underwater","name":"Barda de l'Illa Negra","natural":"rock","scuba_diving:difficulty":"2","scuba_diving:divespot":"yes","scuba_diving:entry":"boat","scuba_diving:maxdepth":"31","seamark:mooring:category":"buoy","sport":"scuba_diving","maxDepth":31}},{"type":"Feature","geometry":{"type":"Point","coordinates":[3.232249,41.953017]},"properties":{"t":"node","id":12132826557,"kind":"dive-site","location":"underwater","name":"Barda de Pere el Flaquer","natural":"rock","scuba_diving:difficulty":"3","scuba_diving:divespot":"yes","scuba_diving:entry":"boat","scuba_diving:maxdepth":"44","sport":"scuba_diving","maxDepth":44}},{"type":"Feature","geometry":{"type":"Point","coordinates":[3.233831,41.95027]},"properties":{"t":"node","id":12132826558,"kind":"dive-site","location":"underwater","name":"Cap de Begur (Buceig)","name:ca":"Cap de Begur (Buceig)","name:es":"Cap de Begur (Buceo)","natural":"rock","scuba_diving:difficulty":"2;3","scuba_diving:divespot":"yes","scuba_diving:entry":"boat","scuba_diving:maxdepth":"38","sport":"scuba_diving","maxDepth":38}},{"type":"Feature","geometry":{"type":"Point","coordinates":[3.23354,41.962896]},"properties":{"t":"node","id":12132826559,"kind":"dive-site","name":"Punta des Plom (Buceig)","name:ca":"Punta des Plom (Buceig)","name:es":"Punta des Plom (Buceo)","natural":"rock","scuba_diving:difficulty":"1;2","scuba_diving:divespot":"yes","scuba_diving:entry":"boat","scuba_diving:maxdepth":"40","sport":"scuba_diving","maxDepth":40}},{"type":"Feature","geometry":{"type":"Point","coordinates":[3.234899,41.957682]},"properties":{"t":"node","id":12132826561,"kind":"mooring","name":"Boia de l'Illa Fitor","seamark:mooring:category":"buoy","seamark:type":"mooring"}},{"type":"Feature","geometry":{"type":"Point","coordinates":[3.236815,41.957592]},"properties":{"t":"node","id":12132826562,"kind":"mooring","name":"Boia de l'Furió Fitor","seamark:mooring:category":"buoy","seamark:type":"mooring"}},{"type":"Feature","geometry":{"type":"Point","coordinates":[3.236704,41.957601]},"properties":{"t":"node","id":12132826563,"kind":"dive-site","alt_name":"Furió Fitor","location":"underwater","name":"Barda de Fitor","natural":"rock","scuba_diving:difficulty":"2;3","scuba_diving:divespot":"yes","scuba_diving:entry":"boat","scuba_diving:maxdepth":"54","sport":"scuba_diving","maxDepth":54}},{"type":"Feature","geometry":{"type":"Point","coordinates":[3.233023,41.965498]},"properties":{"t":"node","id":12132826564,"kind":"dive-site","name":"Les Alzines","natural":"rock","scuba_diving:difficulty":"3","scuba_diving:divespot":"yes","scuba_diving:entry":"boat","scuba_diving:maxdepth":"45","sport":"scuba_diving","maxDepth":45}},{"type":"Feature","geometry":{"type":"Point","coordinates":[3.230958,41.965676]},"properties":{"t":"node","id":12132826565,"kind":"dive-site","name":"Cala de Cap sa Sal","natural":"bay","scuba_diving:difficulty":"2","scuba_diving:entry":"boat;shore","scuba_diving:maxdepth":"31","sport":"scuba_diving","maxDepth":31}},{"type":"Feature","geometry":{"type":"Point","coordinates":[3.219654,41.974361]},"properties":{"t":"node","id":12132826566,"kind":"dive-site","name":"Boia dels Ulls de Llop","scuba_diving:difficulty":"1","scuba_diving:divespot":"yes","scuba_diving:entry":"shore","scuba_diving:maxdepth":"20","seamark:mooring:category":"buoy","seamark:type":"mooring","sport":"scuba_diving","maxDepth":20}},{"type":"Feature","geometry":{"type":"Point","coordinates":[3.229841,41.960851]},"properties":{"t":"node","id":12200361750,"kind":"harbour","name":"Embarcadero de Sa Tuna","seamark:harbour:category":"marina_no_facilities","seamark:type":"harbour"}},{"type":"Feature","geometry":{"type":"Point","coordinates":[3.230166,41.964723]},"properties":{"t":"node","id":12200361792,"kind":"rock","name":"s'Abell","seamark:rock:water_level":"submerged","seamark:type":"rock"}},{"type":"Feature","geometry":{"type":"Point","coordinates":[2.038488,41.478875]},"properties":{"t":"node","id":12860820941,"kind":"ladder","highway":"ladder"}},{"type":"Feature","geometry":{"type":"Point","coordinates":[1.89906,41.251352]},"properties":{"t":"node","id":12901397907,"kind":"harbour","name":"Petroprix Sitges","seamark:type":"small_craft_facility","waterway":"fuel"}},{"type":"Feature","geometry":{"type":"Point","coordinates":[1.962476,41.262454]},"properties":{"t":"node","id":12964220343,"kind":"buoy","seamark:buoy_special_purpose:category":"recreation_zone","seamark:type":"buoy_special_purpose"}},{"type":"Feature","geometry":{"type":"Point","coordinates":[2.855064,41.7024]},"properties":{"t":"node","id":13006699029,"kind":"dive-centre","amenity":"dive_centre","name":"Dolphins Diving Center"}},{"type":"Feature","geometry":{"type":"Point","coordinates":[3.128169,42.250548]},"properties":{"t":"node","id":13082722904,"kind":"mooring","seamark:mooring:category":"pile","seamark:type":"mooring"}},{"type":"Feature","geometry":{"type":"Point","coordinates":[3.128202,42.250575]},"properties":{"t":"node","id":13082722905,"kind":"mooring","seamark:mooring:category":"pile","seamark:type":"mooring"}},{"type":"Feature","geometry":{"type":"Point","coordinates":[3.128238,42.250605]},"properties":{"t":"node","id":13082722906,"kind":"mooring","seamark:mooring:category":"pile","seamark:type":"mooring"}},{"type":"Feature","geometry":{"type":"Point","coordinates":[3.12827,42.250631]},"properties":{"t":"node","id":13082722907,"kind":"mooring","seamark:mooring:category":"pile","seamark:type":"mooring"}},{"type":"Feature","geometry":{"type":"Point","coordinates":[3.128303,42.250659]},"properties":{"t":"node","id":13082722908,"kind":"mooring","seamark:mooring:category":"pile","seamark:type":"mooring"}},{"type":"Feature","geometry":{"type":"Point","coordinates":[3.128335,42.250685]},"properties":{"t":"node","id":13082722909,"kind":"mooring","seamark:mooring:category":"pile","seamark:type":"mooring"}},{"type":"Feature","geometry":{"type":"Point","coordinates":[3.128368,42.250712]},"properties":{"t":"node","id":13082722910,"kind":"mooring","seamark:mooring:category":"pile","seamark:type":"mooring"}},{"type":"Feature","geometry":{"type":"Point","coordinates":[3.1284,42.250739]},"properties":{"t":"node","id":13082722911,"kind":"mooring","seamark:mooring:category":"pile","seamark:type":"mooring"}},{"type":"Feature","geometry":{"type":"Point","coordinates":[3.128432,42.250766]},"properties":{"t":"node","id":13082722912,"kind":"mooring","seamark:mooring:category":"pile","seamark:type":"mooring"}},{"type":"Feature","geometry":{"type":"Point","coordinates":[3.128463,42.250791]},"properties":{"t":"node","id":13082722913,"kind":"mooring","seamark:mooring:category":"pile","seamark:type":"mooring"}},{"type":"Feature","geometry":{"type":"Point","coordinates":[3.128496,42.250818]},"properties":{"t":"node","id":13082722914,"kind":"mooring","seamark:mooring:category":"pile","seamark:type":"mooring"}},{"type":"Feature","geometry":{"type":"Point","coordinates":[3.128526,42.250843]},"properties":{"t":"node","id":13082722915,"kind":"mooring","seamark:mooring:category":"pile","seamark:type":"mooring"}},{"type":"Feature","geometry":{"type":"Point","coordinates":[3.128136,42.250521]},"properties":{"t":"node","id":13082722916,"kind":"mooring","seamark:mooring:category":"pile","seamark:type":"mooring"}},{"type":"Feature","geometry":{"type":"Point","coordinates":[3.128106,42.250495]},"properties":{"t":"node","id":13082722917,"kind":"mooring","seamark:mooring:category":"pile","seamark:type":"mooring"}},{"type":"Feature","geometry":{"type":"Point","coordinates":[3.128073,42.250468]},"properties":{"t":"node","id":13082722918,"kind":"mooring","seamark:mooring:category":"pile","seamark:type":"mooring"}},{"type":"Feature","geometry":{"type":"Point","coordinates":[3.128041,42.250442]},"properties":{"t":"node","id":13082722919,"kind":"mooring","seamark:mooring:category":"pile","seamark:type":"mooring"}},{"type":"Feature","geometry":{"type":"Point","coordinates":[3.128008,42.250414]},"properties":{"t":"node","id":13082722920,"kind":"mooring","seamark:mooring:category":"pile","seamark:type":"mooring"}},{"type":"Feature","geometry":{"type":"Point","coordinates":[3.127975,42.250388]},"properties":{"t":"node","id":13082722921,"kind":"mooring","seamark:mooring:category":"pile","seamark:type":"mooring"}},{"type":"Feature","geometry":{"type":"Point","coordinates":[3.127943,42.250361]},"properties":{"t":"node","id":13082722922,"kind":"mooring","seamark:mooring:category":"pile","seamark:type":"mooring"}},{"type":"Feature","geometry":{"type":"Point","coordinates":[3.127881,42.250309]},"properties":{"t":"node","id":13082722923,"kind":"mooring","seamark:mooring:category":"pile","seamark:type":"mooring"}},{"type":"Feature","geometry":{"type":"Point","coordinates":[3.127783,42.250228]},"properties":{"t":"node","id":13082722924,"kind":"mooring","seamark:mooring:category":"pile","seamark:type":"mooring"}},{"type":"Feature","geometry":{"type":"Point","coordinates":[3.127751,42.250202]},"properties":{"t":"node","id":13082722925,"kind":"mooring","seamark:mooring:category":"pile","seamark:type":"mooring"}},{"type":"Feature","geometry":{"type":"Point","coordinates":[3.127716,42.250173]},"properties":{"t":"node","id":13082722926,"kind":"mooring","seamark:mooring:category":"pile","seamark:type":"mooring"}},{"type":"Feature","geometry":{"type":"Point","coordinates":[3.127819,42.250258]},"properties":{"t":"node","id":13082722927,"kind":"mooring","seamark:mooring:category":"pile","seamark:type":"mooring"}},{"type":"Feature","geometry":{"type":"Point","coordinates":[3.127852,42.250285]},"properties":{"t":"node","id":13082722928,"kind":"mooring","seamark:mooring:category":"pile","seamark:type":"mooring"}},{"type":"Feature","geometry":{"type":"Point","coordinates":[3.127912,42.250335]},"properties":{"t":"node","id":13082722929,"kind":"mooring","seamark:mooring:category":"pile","seamark:type":"mooring"}},{"type":"Feature","geometry":{"type":"Point","coordinates":[3.128122,42.250729]},"properties":{"t":"node","id":13082722930,"kind":"mooring","seamark:mooring:category":"pile","seamark:type":"mooring"}},{"type":"Feature","geometry":{"type":"Point","coordinates":[3.12809,42.250701]},"properties":{"t":"node","id":13082722931,"kind":"mooring","seamark:mooring:category":"pile","seamark:type":"mooring"}},{"type":"Feature","geometry":{"type":"Point","coordinates":[3.128057,42.250673]},"properties":{"t":"node","id":13082722932,"kind":"mooring","seamark:mooring:category":"pile","seamark:type":"mooring"}},{"type":"Feature","geometry":{"type":"Point","coordinates":[3.128028,42.250648]},"properties":{"t":"node","id":13082722933,"kind":"mooring","seamark:mooring:category":"pile","seamark:type":"mooring"}},{"type":"Feature","geometry":{"type":"Point","coordinates":[3.127994,42.25062]},"properties":{"t":"node","id":13082722934,"kind":"mooring","seamark:mooring:category":"pile","seamark:type":"mooring"}},{"type":"Feature","geometry":{"type":"Point","coordinates":[3.127962,42.250593]},"properties":{"t":"node","id":13082722935,"kind":"mooring","seamark:mooring:category":"pile","seamark:type":"mooring"}},{"type":"Feature","geometry":{"type":"Point","coordinates":[3.127931,42.250566]},"properties":{"t":"node","id":13082722936,"kind":"mooring","seamark:mooring:category":"pile","seamark:type":"mooring"}},{"type":"Feature","geometry":{"type":"Point","coordinates":[3.1279,42.25054]},"properties":{"t":"node","id":13082722937,"kind":"mooring","seamark:mooring:category":"pile","seamark:type":"mooring"}},{"type":"Feature","geometry":{"type":"Point","coordinates":[3.127866,42.250511]},"properties":{"t":"node","id":13082722938,"kind":"mooring","seamark:mooring:category":"pile","seamark:type":"mooring"}},{"type":"Feature","geometry":{"type":"Point","coordinates":[3.127831,42.250481]},"properties":{"t":"node","id":13082722939,"kind":"mooring","seamark:mooring:category":"pile","seamark:type":"mooring"}},{"type":"Feature","geometry":{"type":"Point","coordinates":[3.1278,42.250454]},"properties":{"t":"node","id":13082722940,"kind":"mooring","seamark:mooring:category":"pile","seamark:type":"mooring"}},{"type":"Feature","geometry":{"type":"Point","coordinates":[3.127766,42.250426]},"properties":{"t":"node","id":13082722941,"kind":"mooring","seamark:mooring:category":"pile","seamark:type":"mooring"}},{"type":"Feature","geometry":{"type":"Point","coordinates":[3.127737,42.250401]},"properties":{"t":"node","id":13082722942,"kind":"mooring","seamark:mooring:category":"pile","seamark:type":"mooring"}},{"type":"Feature","geometry":{"type":"Point","coordinates":[3.127703,42.250372]},"properties":{"t":"node","id":13082722943,"kind":"mooring","seamark:mooring:category":"pile","seamark:type":"mooring"}},{"type":"Feature","geometry":{"type":"Point","coordinates":[3.127672,42.250346]},"properties":{"t":"node","id":13082722944,"kind":"mooring","seamark:mooring:category":"pile","seamark:type":"mooring"}},{"type":"Feature","geometry":{"type":"Point","coordinates":[3.128125,42.250774]},"properties":{"t":"node","id":13082722945,"kind":"mooring","seamark:mooring:category":"pile","seamark:type":"mooring"}},{"type":"Feature","geometry":{"type":"Point","coordinates":[3.128159,42.250802]},"properties":{"t":"node","id":13082722946,"kind":"mooring","seamark:mooring:category":"pile","seamark:type":"mooring"}},{"type":"Feature","geometry":{"type":"Point","coordinates":[3.12819,42.250828]},"properties":{"t":"node","id":13082722947,"kind":"mooring","seamark:mooring:category":"pile","seamark:type":"mooring"}},{"type":"Feature","geometry":{"type":"Point","coordinates":[3.128226,42.250859]},"properties":{"t":"node","id":13082722948,"kind":"mooring","seamark:mooring:category":"pile","seamark:type":"mooring"}},{"type":"Feature","geometry":{"type":"Point","coordinates":[3.128258,42.250886]},"properties":{"t":"node","id":13082722949,"kind":"mooring","seamark:mooring:category":"pile","seamark:type":"mooring"}},{"type":"Feature","geometry":{"type":"Point","coordinates":[3.128321,42.250938]},"properties":{"t":"node","id":13082722950,"kind":"mooring","seamark:mooring:category":"pile","seamark:type":"mooring"}},{"type":"Feature","geometry":{"type":"Point","coordinates":[3.128353,42.250965]},"properties":{"t":"node","id":13082722951,"kind":"mooring","seamark:mooring:category":"pile","seamark:type":"mooring"}},{"type":"Feature","geometry":{"type":"Point","coordinates":[3.128387,42.250994]},"properties":{"t":"node","id":13082722952,"kind":"mooring","seamark:mooring:category":"pile","seamark:type":"mooring"}},{"type":"Feature","geometry":{"type":"Point","coordinates":[3.128423,42.251023]},"properties":{"t":"node","id":13082722953,"kind":"mooring","seamark:mooring:category":"pile","seamark:type":"mooring"}},{"type":"Feature","geometry":{"type":"Point","coordinates":[3.128459,42.251054]},"properties":{"t":"node","id":13082722954,"kind":"mooring","seamark:mooring:category":"pile","seamark:type":"mooring"}},{"type":"Feature","geometry":{"type":"Point","coordinates":[3.128291,42.250913]},"properties":{"t":"node","id":13082722955,"kind":"mooring","seamark:mooring:category":"pile","seamark:type":"mooring"}},{"type":"Feature","geometry":{"type":"Point","coordinates":[3.128733,42.250963]},"properties":{"t":"node","id":13082722956,"kind":"mooring","seamark:mooring:category":"pile","seamark:type":"mooring"}},{"type":"Feature","geometry":{"type":"Point","coordinates":[3.128771,42.250941]},"properties":{"t":"node","id":13082722957,"kind":"mooring","seamark:mooring:category":"pile","seamark:type":"mooring"}},{"type":"Feature","geometry":{"type":"Point","coordinates":[3.128694,42.250986]},"properties":{"t":"node","id":13082722958,"kind":"mooring","seamark:mooring:category":"pile","seamark:type":"mooring"}},{"type":"Feature","geometry":{"type":"Point","coordinates":[3.128809,42.250918]},"properties":{"t":"node","id":13082722959,"kind":"mooring","seamark:mooring:category":"pile","seamark:type":"mooring"}},{"type":"Feature","geometry":{"type":"Point","coordinates":[3.12753,42.250235]},"properties":{"t":"node","id":13082722960,"kind":"mooring","seamark:mooring:category":"pile","seamark:type":"mooring"}},{"type":"Feature","geometry":{"type":"Point","coordinates":[3.128126,42.249382]},"properties":{"t":"node","id":13082722961,"kind":"mooring","seamark:mooring:category":"pile","seamark:type":"mooring"}},{"type":"Feature","geometry":{"type":"Point","coordinates":[3.128163,42.249423]},"properties":{"t":"node","id":13082722962,"kind":"mooring","seamark:mooring:category":"pile","seamark:type":"mooring"}},{"type":"Feature","geometry":{"type":"Point","coordinates":[3.128197,42.24946]},"properties":{"t":"node","id":13082722963,"kind":"mooring","seamark:mooring:category":"pile","seamark:type":"mooring"}},{"type":"Feature","geometry":{"type":"Point","coordinates":[3.128225,42.249491]},"properties":{"t":"node","id":13082722964,"kind":"mooring","seamark:mooring:category":"pile","seamark:type":"mooring"}},{"type":"Feature","geometry":{"type":"Point","coordinates":[3.128256,42.249524]},"properties":{"t":"node","id":13082722965,"kind":"mooring","seamark:mooring:category":"pile","seamark:type":"mooring"}},{"type":"Feature","geometry":{"type":"Point","coordinates":[3.12829,42.249562]},"properties":{"t":"node","id":13082722966,"kind":"mooring","seamark:mooring:category":"pile","seamark:type":"mooring"}},{"type":"Feature","geometry":{"type":"Point","coordinates":[3.128322,42.249599]},"properties":{"t":"node","id":13082722967,"kind":"mooring","seamark:mooring:category":"pile","seamark:type":"mooring"}},{"type":"Feature","geometry":{"type":"Point","coordinates":[3.128351,42.249629]},"properties":{"t":"node","id":13082722968,"kind":"mooring","seamark:mooring:category":"pile","seamark:type":"mooring"}},{"type":"Feature","geometry":{"type":"Point","coordinates":[3.128381,42.24966]},"properties":{"t":"node","id":13082722969,"kind":"mooring","seamark:mooring:category":"pile","seamark:type":"mooring"}},{"type":"Feature","geometry":{"type":"Point","coordinates":[3.128416,42.249696]},"properties":{"t":"node","id":13082722970,"kind":"mooring","seamark:mooring:category":"pile","seamark:type":"mooring"}},{"type":"Feature","geometry":{"type":"Point","coordinates":[3.128448,42.249726]},"properties":{"t":"node","id":13082722971,"kind":"mooring","seamark:mooring:category":"pile","seamark:type":"mooring"}},{"type":"Feature","geometry":{"type":"Point","coordinates":[3.128479,42.249756]},"properties":{"t":"node","id":13082722972,"kind":"mooring","seamark:mooring:category":"pile","seamark:type":"mooring"}},{"type":"Feature","geometry":{"type":"Point","coordinates":[3.128509,42.249786]},"properties":{"t":"node","id":13082722973,"kind":"mooring","seamark:mooring:category":"pile","seamark:type":"mooring"}},{"type":"Feature","geometry":{"type":"Point","coordinates":[3.12854,42.249821]},"properties":{"t":"node","id":13082722974,"kind":"mooring","seamark:mooring:category":"pile","seamark:type":"mooring"}},{"type":"Feature","geometry":{"type":"Point","coordinates":[3.128574,42.249851]},"properties":{"t":"node","id":13082722975,"kind":"mooring","seamark:mooring:category":"pile","seamark:type":"mooring"}},{"type":"Feature","geometry":{"type":"Point","coordinates":[3.128609,42.249881]},"properties":{"t":"node","id":13082722976,"kind":"mooring","seamark:mooring:category":"pile","seamark:type":"mooring"}},{"type":"Feature","geometry":{"type":"Point","coordinates":[3.128639,42.249907]},"properties":{"t":"node","id":13082722977,"kind":"mooring","seamark:mooring:category":"pile","seamark:type":"mooring"}},{"type":"Feature","geometry":{"type":"Point","coordinates":[3.128678,42.249941]},"properties":{"t":"node","id":13082722978,"kind":"mooring","seamark:mooring:category":"pile","seamark:type":"mooring"}},{"type":"Feature","geometry":{"type":"Point","coordinates":[3.128719,42.249977]},"properties":{"t":"node","id":13082722979,"kind":"mooring","seamark:mooring:category":"pile","seamark:type":"mooring"}},{"type":"Feature","geometry":{"type":"Point","coordinates":[3.128762,42.250014]},"properties":{"t":"node","id":13082722980,"kind":"mooring","seamark:mooring:category":"pile","seamark:type":"mooring"}},{"type":"Feature","geometry":{"type":"Point","coordinates":[3.128556,42.250867]},"properties":{"t":"node","id":13082722981,"kind":"mooring","seamark:mooring:category":"pile","seamark:type":"mooring"}},{"type":"Feature","geometry":{"type":"Point","coordinates":[3.128048,42.249286]},"properties":{"t":"node","id":13082722982,"kind":"mooring","seamark:mooring:category":"pile","seamark:type":"mooring"}},{"type":"Feature","geometry":{"type":"Point","coordinates":[3.128025,42.249255]},"properties":{"t":"node","id":13082722983,"kind":"mooring","seamark:mooring:category":"pile","seamark:type":"mooring"}},{"type":"Feature","geometry":{"type":"Point","coordinates":[3.127999,42.249223]},"properties":{"t":"node","id":13082722984,"kind":"mooring","seamark:mooring:category":"pile","seamark:type":"mooring"}},{"type":"Feature","geometry":{"type":"Point","coordinates":[3.12797,42.249186]},"properties":{"t":"node","id":13082722985,"kind":"mooring","seamark:mooring:category":"pile","seamark:type":"mooring"}},{"type":"Feature","geometry":{"type":"Point","coordinates":[3.12794,42.249147]},"properties":{"t":"node","id":13082722986,"kind":"mooring","seamark:mooring:category":"pile","seamark:type":"mooring"}},{"type":"Feature","geometry":{"type":"Point","coordinates":[3.127891,42.249097]},"properties":{"t":"node","id":13082722987,"kind":"mooring","seamark:mooring:category":"pile","seamark:type":"mooring"}},{"type":"Feature","geometry":{"type":"Point","coordinates":[3.127842,42.249052]},"properties":{"t":"node","id":13082722988,"kind":"mooring","seamark:mooring:category":"pile","seamark:type":"mooring"}},{"type":"Feature","geometry":{"type":"Point","coordinates":[3.127807,42.249024]},"properties":{"t":"node","id":13082722989,"kind":"mooring","seamark:mooring:category":"pile","seamark:type":"mooring"}},{"type":"Feature","geometry":{"type":"Point","coordinates":[3.127762,42.248989]},"properties":{"t":"node","id":13082722990,"kind":"mooring","seamark:mooring:category":"pile","seamark:type":"mooring"}},{"type":"Feature","geometry":{"type":"Point","coordinates":[3.127725,42.248959]},"properties":{"t":"node","id":13082722991,"kind":"mooring","seamark:mooring:category":"pile","seamark:type":"mooring"}},{"type":"Feature","geometry":{"type":"Point","coordinates":[3.127688,42.248929]},"properties":{"t":"node","id":13082722992,"kind":"mooring","seamark:mooring:category":"pile","seamark:type":"mooring"}},{"type":"Feature","geometry":{"type":"Point","coordinates":[3.127658,42.248905]},"properties":{"t":"node","id":13082722993,"kind":"mooring","seamark:mooring:category":"pile","seamark:type":"mooring"}},{"type":"Feature","geometry":{"type":"Point","coordinates":[3.127618,42.248874]},"properties":{"t":"node","id":13082722994,"kind":"mooring","seamark:mooring:category":"pile","seamark:type":"mooring"}},{"type":"Feature","geometry":{"type":"Point","coordinates":[3.12758,42.248845]},"properties":{"t":"node","id":13082722995,"kind":"mooring","seamark:mooring:category":"pile","seamark:type":"mooring"}},{"type":"Feature","geometry":{"type":"Point","coordinates":[3.127539,42.248813]},"properties":{"t":"node","id":13082722996,"kind":"mooring","seamark:mooring:category":"pile","seamark:type":"mooring"}},{"type":"Feature","geometry":{"type":"Point","coordinates":[3.127499,42.248782]},"properties":{"t":"node","id":13082722997,"kind":"mooring","seamark:mooring:category":"pile","seamark:type":"mooring"}},{"type":"Feature","geometry":{"type":"Point","coordinates":[3.127463,42.248754]},"properties":{"t":"node","id":13082722998,"kind":"mooring","seamark:mooring:category":"pile","seamark:type":"mooring"}},{"type":"Feature","geometry":{"type":"Point","coordinates":[3.127426,42.248726]},"properties":{"t":"node","id":13082722999,"kind":"mooring","seamark:mooring:category":"pile","seamark:type":"mooring"}},{"type":"Feature","geometry":{"type":"Point","coordinates":[3.127387,42.248693]},"properties":{"t":"node","id":13082723000,"kind":"mooring","seamark:mooring:category":"pile","seamark:type":"mooring"}},{"type":"Feature","geometry":{"type":"Point","coordinates":[3.127349,42.248662]},"properties":{"t":"node","id":13082740301,"kind":"mooring","seamark:mooring:category":"pile","seamark:type":"mooring"}},{"type":"Feature","geometry":{"type":"Point","coordinates":[3.127312,42.248633]},"properties":{"t":"node","id":13082740302,"kind":"mooring","seamark:mooring:category":"pile","seamark:type":"mooring"}},{"type":"Feature","geometry":{"type":"Point","coordinates":[3.127263,42.248593]},"properties":{"t":"node","id":13082740303,"kind":"mooring","seamark:mooring:category":"pile","seamark:type":"mooring"}},{"type":"Feature","geometry":{"type":"Point","coordinates":[3.127211,42.248552]},"properties":{"t":"node","id":13082740304,"kind":"mooring","seamark:mooring:category":"pile","seamark:type":"mooring"}},{"type":"Feature","geometry":{"type":"Point","coordinates":[3.127163,42.248514]},"properties":{"t":"node","id":13082740305,"kind":"mooring","seamark:mooring:category":"pile","seamark:type":"mooring"}},{"type":"Feature","geometry":{"type":"Point","coordinates":[3.127123,42.248481]},"properties":{"t":"node","id":13082740306,"kind":"mooring","seamark:mooring:category":"pile","seamark:type":"mooring"}},{"type":"Feature","geometry":{"type":"Point","coordinates":[3.127086,42.248452]},"properties":{"t":"node","id":13082740307,"kind":"mooring","seamark:mooring:category":"pile","seamark:type":"mooring"}},{"type":"Feature","geometry":{"type":"Point","coordinates":[3.127049,42.248423]},"properties":{"t":"node","id":13082740308,"kind":"mooring","seamark:mooring:category":"pile","seamark:type":"mooring"}},{"type":"Feature","geometry":{"type":"Point","coordinates":[3.12701,42.248391]},"properties":{"t":"node","id":13082740309,"kind":"mooring","seamark:mooring:category":"pile","seamark:type":"mooring"}},{"type":"Feature","geometry":{"type":"Point","coordinates":[3.126931,42.248445]},"properties":{"t":"node","id":13082740310,"kind":"mooring","seamark:mooring:category":"pile","seamark:type":"mooring"}},{"type":"Feature","geometry":{"type":"Point","coordinates":[3.126869,42.248402]},"properties":{"t":"node","id":13082740311,"kind":"mooring","seamark:mooring:category":"pile","seamark:type":"mooring"}},{"type":"Feature","geometry":{"type":"Point","coordinates":[3.126809,42.248361]},"properties":{"t":"node","id":13082740312,"kind":"mooring","seamark:mooring:category":"pile","seamark:type":"mooring"}},{"type":"Feature","geometry":{"type":"Point","coordinates":[3.126774,42.248337]},"properties":{"t":"node","id":13082740313,"kind":"mooring","seamark:mooring:category":"pile","seamark:type":"mooring"}},{"type":"Feature","geometry":{"type":"Point","coordinates":[3.126679,42.248273]},"properties":{"t":"node","id":13082740314,"kind":"mooring","seamark:mooring:category":"pile","seamark:type":"mooring"}},{"type":"Feature","geometry":{"type":"Point","coordinates":[3.126636,42.248243]},"properties":{"t":"node","id":13082740315,"kind":"mooring","seamark:mooring:category":"pile","seamark:type":"mooring"}},{"type":"Feature","geometry":{"type":"Point","coordinates":[3.126608,42.248224]},"properties":{"t":"node","id":13082740316,"kind":"mooring","seamark:mooring:category":"pile","seamark:type":"mooring"}},{"type":"Feature","geometry":{"type":"Point","coordinates":[3.126567,42.248196]},"properties":{"t":"node","id":13082740317,"kind":"mooring","seamark:mooring:category":"pile","seamark:type":"mooring"}},{"type":"Feature","geometry":{"type":"Point","coordinates":[3.125441,42.248729]},"properties":{"t":"node","id":13082759444,"kind":"mooring","seamark:mooring:category":"pile","seamark:type":"mooring"}},{"type":"Feature","geometry":{"type":"Point","coordinates":[3.1254,42.248756]},"properties":{"t":"node","id":13082759445,"kind":"mooring","seamark:mooring:category":"pile","seamark:type":"mooring"}},{"type":"Feature","geometry":{"type":"Point","coordinates":[3.125703,42.248572]},"properties":{"t":"node","id":13082759446,"kind":"mooring","seamark:mooring:category":"pile","seamark:type":"mooring"}},{"type":"Feature","geometry":{"type":"Point","coordinates":[3.125666,42.248596]},"properties":{"t":"node","id":13082759447,"kind":"mooring","seamark:mooring:category":"pile","seamark:type":"mooring"}},{"type":"Feature","geometry":{"type":"Point","coordinates":[3.125815,42.248498]},"properties":{"t":"node","id":13082759448,"kind":"mooring","seamark:mooring:category":"pile","seamark:type":"mooring"}},{"type":"Feature","geometry":{"type":"Point","coordinates":[3.125882,42.248091]},"properties":{"t":"node","id":13082759449,"kind":"mooring","seamark:mooring:category":"pile","seamark:type":"mooring"}},{"type":"Feature","geometry":{"type":"Point","coordinates":[3.125408,42.24781]},"properties":{"t":"node","id":13082759450,"kind":"mooring","seamark:mooring:category":"pile","seamark:type":"mooring"}},{"type":"Feature","geometry":{"type":"Point","coordinates":[3.125382,42.24785]},"properties":{"t":"node","id":13082759451,"kind":"mooring","seamark:mooring:category":"pile","seamark:type":"mooring"}},{"type":"Feature","geometry":{"type":"Point","coordinates":[3.125341,42.247877]},"properties":{"t":"node","id":13082759452,"kind":"mooring","seamark:mooring:category":"pile","seamark:type":"mooring"}},{"type":"Feature","geometry":{"type":"Point","coordinates":[3.125294,42.247906]},"properties":{"t":"node","id":13082759453,"kind":"mooring","seamark:mooring:category":"pile","seamark:type":"mooring"}},{"type":"Feature","geometry":{"type":"Point","coordinates":[3.125241,42.247913]},"properties":{"t":"node","id":13082759454,"kind":"mooring","seamark:mooring:category":"pile","seamark:type":"mooring"}},{"type":"Feature","geometry":{"type":"Point","coordinates":[3.125195,42.247942]},"properties":{"t":"node","id":13082759455,"kind":"mooring","seamark:mooring:category":"pile","seamark:type":"mooring"}},{"type":"Feature","geometry":{"type":"Point","coordinates":[3.125148,42.247971]},"properties":{"t":"node","id":13082759456,"kind":"mooring","seamark:mooring:category":"pile","seamark:type":"mooring"}},{"type":"Feature","geometry":{"type":"Point","coordinates":[3.126091,42.247766]},"properties":{"t":"node","id":13082759457,"kind":"buoy","seamark:buoy_special_purpose:category":"speed_limit","seamark:type":"buoy_special_purpose"}},{"type":"Feature","geometry":{"type":"Point","coordinates":[3.127591,42.248672]},"properties":{"t":"node","id":13082759458,"kind":"buoy","seamark:buoy_special_purpose:category":"speed_limit","seamark:type":"buoy_special_purpose"}},{"type":"Feature","geometry":{"type":"Point","coordinates":[3.126478,42.247963]},"properties":{"t":"node","id":13082759459,"kind":"buoy","seamark:buoy_special_purpose:category":"speed_limit","seamark:type":"buoy_special_purpose"}},{"type":"Feature","geometry":{"type":"Point","coordinates":[3.122027,42.248976]},"properties":{"t":"node","id":13082759461,"kind":"buoy","seamark:buoy_special_purpose:category":"speed_limit","seamark:type":"buoy_special_purpose"}},{"type":"Feature","geometry":{"type":"Point","coordinates":[3.137222,42.246633]},"properties":{"t":"node","id":13082759464,"kind":"buoy","seamark:buoy_special_purpose:category":"recreation_zone","seamark:type":"buoy_special_purpose"}},{"type":"Feature","geometry":{"type":"Point","coordinates":[3.138058,42.247437]},"properties":{"t":"node","id":13082759465,"kind":"buoy","seamark:buoy_special_purpose:category":"recreation_zone","seamark:type":"buoy_special_purpose"}},{"type":"Feature","geometry":{"type":"Point","coordinates":[3.138974,42.24816]},"properties":{"t":"node","id":13082759466,"kind":"buoy","seamark:buoy_special_purpose:category":"recreation_zone","seamark:type":"buoy_special_purpose"}},{"type":"Feature","geometry":{"type":"Point","coordinates":[3.13969,42.2489]},"properties":{"t":"node","id":13082759467,"kind":"buoy","seamark:buoy_special_purpose:category":"recreation_zone","seamark:type":"buoy_special_purpose"}},{"type":"Feature","geometry":{"type":"Point","coordinates":[3.140633,42.249654]},"properties":{"t":"node","id":13082759468,"kind":"buoy","seamark:buoy_special_purpose:category":"recreation_zone","seamark:type":"buoy_special_purpose"}},{"type":"Feature","geometry":{"type":"Point","coordinates":[3.141646,42.250491]},"properties":{"t":"node","id":13082759469,"kind":"buoy","seamark:buoy_special_purpose:category":"recreation_zone","seamark:type":"buoy_special_purpose"}},{"type":"Feature","geometry":{"type":"Point","coordinates":[3.149594,42.25781]},"properties":{"t":"node","id":13082759470,"kind":"buoy","seamark:buoy_special_purpose:category":"recreation_zone","seamark:type":"buoy_special_purpose"}},{"type":"Feature","geometry":{"type":"Point","coordinates":[3.149542,42.256807]},"properties":{"t":"node","id":13082759471,"kind":"buoy","seamark:buoy_special_purpose:category":"recreation_zone","seamark:type":"buoy_special_purpose"}},{"type":"Feature","geometry":{"type":"Point","coordinates":[3.135507,42.244658]},"properties":{"t":"node","id":13082759472,"kind":"buoy","seamark:buoy_special_purpose:category":"recreation_zone","seamark:type":"buoy_special_purpose"}},{"type":"Feature","geometry":{"type":"Point","coordinates":[3.134787,42.243532]},"properties":{"t":"node","id":13082759473,"kind":"buoy","seamark:buoy_special_purpose:category":"recreation_zone","seamark:type":"buoy_special_purpose"}},{"type":"Feature","geometry":{"type":"Point","coordinates":[3.134192,42.242785]},"properties":{"t":"node","id":13082759474,"kind":"buoy","seamark:buoy_special_purpose:category":"recreation_zone","seamark:type":"buoy_special_purpose"}},{"type":"Feature","geometry":{"type":"Point","coordinates":[3.133586,42.24203]},"properties":{"t":"node","id":13082759475,"kind":"buoy","seamark:buoy_special_purpose:category":"recreation_zone","seamark:type":"buoy_special_purpose"}},{"type":"Feature","geometry":{"type":"Point","coordinates":[3.135477,42.244184]},"properties":{"t":"node","id":13082759476,"kind":"buoy","seamark:buoy_special_purpose:category":"recreation_zone","seamark:type":"buoy_special_purpose"}},{"type":"Feature","geometry":{"type":"Point","coordinates":[3.134604,42.246422]},"properties":{"t":"node","id":13082770322,"kind":"buoy","seamark:type":"buoy_special_purpose"}},{"type":"Feature","geometry":{"type":"Point","coordinates":[3.134934,42.246329]},"properties":{"t":"node","id":13082770323,"kind":"buoy","seamark:type":"buoy_special_purpose"}},{"type":"Feature","geometry":{"type":"Point","coordinates":[3.134527,42.246736]},"properties":{"t":"node","id":13082770324,"kind":"buoy","seamark:type":"buoy_special_purpose"}},{"type":"Feature","geometry":{"type":"Point","coordinates":[3.134847,42.246894]},"properties":{"t":"node","id":13082770325,"kind":"buoy","seamark:buoy_special_purpose:category":"recreation_zone","seamark:type":"buoy_special_purpose"}},{"type":"Feature","geometry":{"type":"Point","coordinates":[3.134898,42.246924]},"properties":{"t":"node","id":13082770326,"kind":"buoy","seamark:buoy_special_purpose:category":"recreation_zone","seamark:type":"buoy_special_purpose"}},{"type":"Feature","geometry":{"type":"Point","coordinates":[3.134945,42.246952]},"properties":{"t":"node","id":13082770327,"kind":"buoy","seamark:buoy_special_purpose:category":"recreation_zone","seamark:type":"buoy_special_purpose"}},{"type":"Feature","geometry":{"type":"Point","coordinates":[3.134994,42.246981]},"properties":{"t":"node","id":13082770328,"kind":"buoy","seamark:buoy_special_purpose:category":"recreation_zone","seamark:type":"buoy_special_purpose"}},{"type":"Feature","geometry":{"type":"Point","coordinates":[3.135038,42.247006]},"properties":{"t":"node","id":13082770329,"kind":"buoy","seamark:buoy_special_purpose:category":"recreation_zone","seamark:type":"buoy_special_purpose"}},{"type":"Feature","geometry":{"type":"Point","coordinates":[3.135075,42.247028]},"properties":{"t":"node","id":13082770330,"kind":"buoy","seamark:buoy_special_purpose:category":"recreation_zone","seamark:type":"buoy_special_purpose"}},{"type":"Feature","geometry":{"type":"Point","coordinates":[3.135112,42.24705]},"properties":{"t":"node","id":13082770331,"kind":"buoy","seamark:buoy_special_purpose:category":"recreation_zone","seamark:type":"buoy_special_purpose"}},{"type":"Feature","geometry":{"type":"Point","coordinates":[3.13516,42.247078]},"properties":{"t":"node","id":13082770332,"kind":"buoy","seamark:buoy_special_purpose:category":"recreation_zone","seamark:type":"buoy_special_purpose"}},{"type":"Feature","geometry":{"type":"Point","coordinates":[3.135214,42.24711]},"properties":{"t":"node","id":13082770333,"kind":"buoy","seamark:buoy_special_purpose:category":"recreation_zone","seamark:type":"buoy_special_purpose"}},{"type":"Feature","geometry":{"type":"Point","coordinates":[3.135264,42.24714]},"properties":{"t":"node","id":13082770334,"kind":"buoy","seamark:buoy_special_purpose:category":"recreation_zone","seamark:type":"buoy_special_purpose"}},{"type":"Feature","geometry":{"type":"Point","coordinates":[1.251824,41.109267]},"properties":{"t":"node","id":13098914339,"kind":"dive-site","name":"mARdEhIELO","sport":"scuba_diving"}},{"type":"Feature","geometry":{"type":"Point","coordinates":[3.139177,41.8479]},"properties":{"t":"node","id":13099227819,"kind":"wreck","alt_name":"Boreas","depth":"18-32","description":"El Boreas fue originalmente un remolcador alemán construido en los años 30. Tras su paso por la marina mercante, fue utilizado en varias operaciones durante la Segunda Guerra Mundial. Posteriormente, fue adquirido por contrabandistas, y finalmente confisc","name":"Boreas","seamark:type":"wreck"}},{"type":"Feature","geometry":{"type":"Point","coordinates":[3.131121,42.250971]},"properties":{"t":"node","id":13102681718,"kind":"mooring","seamark:mooring:category":"pile","seamark:type":"mooring"}},{"type":"Feature","geometry":{"type":"Point","coordinates":[3.131181,42.251002]},"properties":{"t":"node","id":13102681719,"kind":"mooring","seamark:mooring:category":"pile","seamark:type":"mooring"}},{"type":"Feature","geometry":{"type":"Point","coordinates":[3.130553,42.251241]},"properties":{"t":"node","id":13102681720,"kind":"mooring","seamark:mooring:category":"pile","seamark:type":"mooring"}},{"type":"Feature","geometry":{"type":"Point","coordinates":[3.130594,42.251189]},"properties":{"t":"node","id":13102681721,"kind":"mooring","seamark:mooring:category":"pile","seamark:type":"mooring"}},{"type":"Feature","geometry":{"type":"Point","coordinates":[3.130683,42.251297]},"properties":{"t":"node","id":13102681722,"kind":"mooring","seamark:mooring:category":"pile","seamark:type":"mooring"}},{"type":"Feature","geometry":{"type":"Point","coordinates":[3.130714,42.251256]},"properties":{"t":"node","id":13102681723,"kind":"mooring","seamark:mooring:category":"pile","seamark:type":"mooring"}},{"type":"Feature","geometry":{"type":"Point","coordinates":[3.13077,42.251261]},"properties":{"t":"node","id":13102681724,"kind":"mooring","seamark:mooring:category":"pile","seamark:type":"mooring"}},{"type":"Feature","geometry":{"type":"Point","coordinates":[3.13083,42.251284]},"properties":{"t":"node","id":13102681725,"kind":"mooring","seamark:mooring:category":"pile","seamark:type":"mooring"}},{"type":"Feature","geometry":{"type":"Point","coordinates":[3.130891,42.251306]},"properties":{"t":"node","id":13102681726,"kind":"mooring","seamark:mooring:category":"pile","seamark:type":"mooring"}},{"type":"Feature","geometry":{"type":"Point","coordinates":[3.130931,42.25045]},"properties":{"t":"node","id":13102681727,"kind":"mooring","seamark:mooring:category":"pile","seamark:type":"mooring"}},{"type":"Feature","geometry":{"type":"Point","coordinates":[3.130949,42.250422]},"properties":{"t":"node","id":13102681728,"kind":"mooring","seamark:mooring:category":"pile","seamark:type":"mooring"}},{"type":"Feature","geometry":{"type":"Point","coordinates":[3.130967,42.250396]},"properties":{"t":"node","id":13102681729,"kind":"mooring","seamark:mooring:category":"pile","seamark:type":"mooring"}},{"type":"Feature","geometry":{"type":"Point","coordinates":[3.130988,42.250365]},"properties":{"t":"node","id":13102681730,"kind":"mooring","seamark:mooring:category":"pile","seamark:type":"mooring"}},{"type":"Feature","geometry":{"type":"Point","coordinates":[3.131011,42.250332]},"properties":{"t":"node","id":13102681731,"kind":"mooring","seamark:mooring:category":"pile","seamark:type":"mooring"}},{"type":"Feature","geometry":{"type":"Point","coordinates":[3.131033,42.250298]},"properties":{"t":"node","id":13102681732,"kind":"mooring","seamark:mooring:category":"pile","seamark:type":"mooring"}},{"type":"Feature","geometry":{"type":"Point","coordinates":[3.131059,42.25026]},"properties":{"t":"node","id":13102681733,"kind":"mooring","seamark:mooring:category":"pile","seamark:type":"mooring"}},{"type":"Feature","geometry":{"type":"Point","coordinates":[3.131086,42.25022]},"properties":{"t":"node","id":13102681734,"kind":"mooring","seamark:mooring:category":"pile","seamark:type":"mooring"}},{"type":"Feature","geometry":{"type":"Point","coordinates":[3.131114,42.25018]},"properties":{"t":"node","id":13102681735,"kind":"mooring","seamark:mooring:category":"pile","seamark:type":"mooring"}},{"type":"Feature","geometry":{"type":"Point","coordinates":[3.131141,42.250139]},"properties":{"t":"node","id":13102681736,"kind":"mooring","seamark:mooring:category":"pile","seamark:type":"mooring"}},{"type":"Feature","geometry":{"type":"Point","coordinates":[3.131169,42.250098]},"properties":{"t":"node","id":13102681737,"kind":"mooring","seamark:mooring:category":"pile","seamark:type":"mooring"}},{"type":"Feature","geometry":{"type":"Point","coordinates":[3.131197,42.250056]},"properties":{"t":"node","id":13102681738,"kind":"mooring","seamark:mooring:category":"pile","seamark:type":"mooring"}},{"type":"Feature","geometry":{"type":"Point","coordinates":[3.131223,42.250018]},"properties":{"t":"node","id":13102681739,"kind":"mooring","seamark:mooring:category":"pile","seamark:type":"mooring"}},{"type":"Feature","geometry":{"type":"Point","coordinates":[3.131254,42.249973]},"properties":{"t":"node","id":13102681740,"kind":"mooring","seamark:mooring:category":"pile","seamark:type":"mooring"}},{"type":"Feature","geometry":{"type":"Point","coordinates":[3.130652,42.24995]},"properties":{"t":"node","id":13102681742,"kind":"mooring","seamark:mooring:category":"pile","seamark:type":"mooring"}},{"type":"Feature","geometry":{"type":"Point","coordinates":[3.130593,42.249922]},"properties":{"t":"node","id":13102681743,"kind":"mooring","seamark:mooring:category":"pile","seamark:type":"mooring"}},{"type":"Feature","geometry":{"type":"Point","coordinates":[3.130544,42.249895]},"properties":{"t":"node","id":13102681744,"kind":"mooring","seamark:mooring:category":"pile","seamark:type":"mooring"}},{"type":"Feature","geometry":{"type":"Point","coordinates":[3.130498,42.249871]},"properties":{"t":"node","id":13102681745,"kind":"mooring","seamark:mooring:category":"pile","seamark:type":"mooring"}},{"type":"Feature","geometry":{"type":"Point","coordinates":[3.130442,42.249836]},"properties":{"t":"node","id":13102681746,"kind":"mooring","seamark:mooring:category":"pile","seamark:type":"mooring"}},{"type":"Feature","geometry":{"type":"Point","coordinates":[3.130396,42.249809]},"properties":{"t":"node","id":13102681747,"kind":"mooring","seamark:mooring:category":"pile","seamark:type":"mooring"}},{"type":"Feature","geometry":{"type":"Point","coordinates":[3.130352,42.249783]},"properties":{"t":"node","id":13102681748,"kind":"mooring","seamark:mooring:category":"pile","seamark:type":"mooring"}},{"type":"Feature","geometry":{"type":"Point","coordinates":[3.130305,42.249753]},"properties":{"t":"node","id":13102681749,"kind":"mooring","seamark:mooring:category":"pile","seamark:type":"mooring"}},{"type":"Feature","geometry":{"type":"Point","coordinates":[3.130262,42.249723]},"properties":{"t":"node","id":13102681750,"kind":"mooring","seamark:mooring:category":"pile","seamark:type":"mooring"}},{"type":"Feature","geometry":{"type":"Point","coordinates":[3.130214,42.249693]},"properties":{"t":"node","id":13102681751,"kind":"mooring","seamark:mooring:category":"pile","seamark:type":"mooring"}},{"type":"Feature","geometry":{"type":"Point","coordinates":[3.130701,42.249975]},"properties":{"t":"node","id":13102681752,"kind":"mooring","seamark:mooring:category":"pile","seamark:type":"mooring"}},{"type":"Feature","geometry":{"type":"Point","coordinates":[3.130745,42.249997]},"properties":{"t":"node","id":13102681753,"kind":"mooring","seamark:mooring:category":"pile","seamark:type":"mooring"}},{"type":"Feature","geometry":{"type":"Point","coordinates":[3.130169,42.249664]},"properties":{"t":"node","id":13102681754,"kind":"mooring","seamark:mooring:category":"pile","seamark:type":"mooring"}},{"type":"Feature","geometry":{"type":"Point","coordinates":[3.13013,42.249632]},"properties":{"t":"node","id":13102681755,"kind":"mooring","seamark:mooring:category":"pile","seamark:type":"mooring"}},{"type":"Feature","geometry":{"type":"Point","coordinates":[3.130085,42.249598]},"properties":{"t":"node","id":13102681756,"kind":"mooring","seamark:mooring:category":"pile","seamark:type":"mooring"}},{"type":"Feature","geometry":{"type":"Point","coordinates":[3.130044,42.249567]},"properties":{"t":"node","id":13102681757,"kind":"mooring","seamark:mooring:category":"pile","seamark:type":"mooring"}},{"type":"Feature","geometry":{"type":"Point","coordinates":[3.130041,42.249499]},"properties":{"t":"node","id":13102681758,"kind":"mooring","seamark:mooring:category":"pile","seamark:type":"mooring"}},{"type":"Feature","geometry":{"type":"Point","coordinates":[3.129995,42.249467]},"properties":{"t":"node","id":13102681759,"kind":"mooring","seamark:mooring:category":"pile","seamark:type":"mooring"}},{"type":"Feature","geometry":{"type":"Point","coordinates":[3.129948,42.249434]},"properties":{"t":"node","id":13102681760,"kind":"mooring","seamark:mooring:category":"pile","seamark:type":"mooring"}},{"type":"Feature","geometry":{"type":"Point","coordinates":[3.128182,42.248956]},"properties":{"t":"node","id":13102681761,"kind":"mooring","seamark:mooring:category":"pile","seamark:type":"mooring"}},{"type":"Feature","geometry":{"type":"Point","coordinates":[3.128148,42.248928]},"properties":{"t":"node","id":13102681762,"kind":"mooring","seamark:mooring:category":"pile","seamark:type":"mooring"}},{"type":"Feature","geometry":{"type":"Point","coordinates":[3.128216,42.248983]},"properties":{"t":"node","id":13102681763,"kind":"mooring","seamark:mooring:category":"pile","seamark:type":"mooring"}},{"type":"Feature","geometry":{"type":"Point","coordinates":[3.128298,42.249008]},"properties":{"t":"node","id":13102681764,"kind":"mooring","seamark:mooring:category":"pile","seamark:type":"mooring"}},{"type":"Feature","geometry":{"type":"Point","coordinates":[3.128116,42.248885]},"properties":{"t":"node","id":13102681765,"kind":"mooring","seamark:mooring:category":"pile","seamark:type":"mooring"}},{"type":"Feature","geometry":{"type":"Point","coordinates":[3.128536,42.248749]},"properties":{"t":"node","id":13102681766,"kind":"mooring","seamark:mooring:category":"pile","seamark:type":"mooring"}},{"type":"Feature","geometry":{"type":"Point","coordinates":[3.128579,42.248781]},"properties":{"t":"node","id":13102681767,"kind":"mooring","seamark:mooring:category":"pile","seamark:type":"mooring"}},{"type":"Feature","geometry":{"type":"Point","coordinates":[3.128632,42.24882]},"properties":{"t":"node","id":13102681768,"kind":"mooring","seamark:mooring:category":"pile","seamark:type":"mooring"}},{"type":"Feature","geometry":{"type":"Point","coordinates":[3.128435,42.248672]},"properties":{"t":"node","id":13102681769,"kind":"mooring","seamark:mooring:category":"pile","seamark:type":"mooring"}},{"type":"Feature","geometry":{"type":"Point","coordinates":[3.128393,42.248635]},"properties":{"t":"node","id":13102681770,"kind":"mooring","seamark:mooring:category":"pile","seamark:type":"mooring"}},{"type":"Feature","geometry":{"type":"Point","coordinates":[3.12835,42.248598]},"properties":{"t":"node","id":13102681771,"kind":"mooring","seamark:mooring:category":"pile","seamark:type":"mooring"}},{"type":"Feature","geometry":{"type":"Point","coordinates":[3.127875,42.248682]},"properties":{"t":"node","id":13102681772,"kind":"mooring","seamark:mooring:category":"pile","seamark:type":"mooring"}},{"type":"Feature","geometry":{"type":"Point","coordinates":[3.127886,42.248717]},"properties":{"t":"node","id":13102681773,"kind":"mooring","seamark:mooring:category":"pile","seamark:type":"mooring"}},{"type":"Feature","geometry":{"type":"Point","coordinates":[3.12792,42.248744]},"properties":{"t":"node","id":13102681774,"kind":"mooring","seamark:mooring:category":"pile","seamark:type":"mooring"}},{"type":"Feature","geometry":{"type":"Point","coordinates":[3.127956,42.248772]},"properties":{"t":"node","id":13102681775,"kind":"mooring","seamark:mooring:category":"pile","seamark:type":"mooring"}},{"type":"Feature","geometry":{"type":"Point","coordinates":[3.127987,42.248797]},"properties":{"t":"node","id":13102681776,"kind":"mooring","seamark:mooring:category":"pile","seamark:type":"mooring"}},{"type":"Feature","geometry":{"type":"Point","coordinates":[3.128026,42.248826]},"properties":{"t":"node","id":13102681777,"kind":"mooring","seamark:mooring:category":"pile","seamark:type":"mooring"}},{"type":"Feature","geometry":{"type":"Point","coordinates":[3.127996,42.248601]},"properties":{"t":"node","id":13102681778,"kind":"mooring","seamark:mooring:category":"pile","seamark:type":"mooring"}},{"type":"Feature","geometry":{"type":"Point","coordinates":[3.128233,42.248791]},"properties":{"t":"node","id":13102681779,"kind":"mooring","seamark:mooring:category":"pile","seamark:type":"mooring"}},{"type":"Feature","geometry":{"type":"Point","coordinates":[3.127656,42.248537]},"properties":{"t":"node","id":13102681780,"kind":"mooring","seamark:mooring:category":"pile","seamark:type":"mooring"}},{"type":"Feature","geometry":{"type":"Point","coordinates":[3.127689,42.248564]},"properties":{"t":"node","id":13102681781,"kind":"mooring","seamark:mooring:category":"pile","seamark:type":"mooring"}},{"type":"Feature","geometry":{"type":"Point","coordinates":[3.127722,42.24859]},"properties":{"t":"node","id":13102681782,"kind":"mooring","seamark:mooring:category":"pile","seamark:type":"mooring"}},{"type":"Feature","geometry":{"type":"Point","coordinates":[3.12776,42.248619]},"properties":{"t":"node","id":13102681783,"kind":"mooring","seamark:mooring:category":"pile","seamark:type":"mooring"}},{"type":"Feature","geometry":{"type":"Point","coordinates":[3.127794,42.248647]},"properties":{"t":"node","id":13102681784,"kind":"mooring","seamark:mooring:category":"pile","seamark:type":"mooring"}},{"type":"Feature","geometry":{"type":"Point","coordinates":[3.127604,42.24847]},"properties":{"t":"node","id":13102681785,"kind":"mooring","seamark:mooring:category":"pile","seamark:type":"mooring"}},{"type":"Feature","geometry":{"type":"Point","coordinates":[3.127648,42.248504]},"properties":{"t":"node","id":13102681786,"kind":"mooring","seamark:mooring:category":"pile","seamark:type":"mooring"}},{"type":"Feature","geometry":{"type":"Point","coordinates":[3.127425,42.248358]},"properties":{"t":"node","id":13102681787,"kind":"mooring","seamark:mooring:category":"pile","seamark:type":"mooring"}},{"type":"Feature","geometry":{"type":"Point","coordinates":[3.127456,42.248382]},"properties":{"t":"node","id":13102681788,"kind":"mooring","seamark:mooring:category":"pile","seamark:type":"mooring"}},{"type":"Feature","geometry":{"type":"Point","coordinates":[3.127487,42.248408]},"properties":{"t":"node","id":13102681789,"kind":"mooring","seamark:mooring:category":"pile","seamark:type":"mooring"}},{"type":"Feature","geometry":{"type":"Point","coordinates":[3.12752,42.248433]},"properties":{"t":"node","id":13102681790,"kind":"mooring","seamark:mooring:category":"pile","seamark:type":"mooring"}},{"type":"Feature","geometry":{"type":"Point","coordinates":[3.127554,42.248461]},"properties":{"t":"node","id":13102681791,"kind":"mooring","seamark:mooring:category":"pile","seamark:type":"mooring"}},{"type":"Feature","geometry":{"type":"Point","coordinates":[3.127416,42.248324]},"properties":{"t":"node","id":13102681792,"kind":"mooring","seamark:mooring:category":"pile","seamark:type":"mooring"}},{"type":"Feature","geometry":{"type":"Point","coordinates":[3.127371,42.248289]},"properties":{"t":"node","id":13102681793,"kind":"mooring","seamark:mooring:category":"pile","seamark:type":"mooring"}},{"type":"Feature","geometry":{"type":"Point","coordinates":[3.127025,42.248041]},"properties":{"t":"node","id":13102681794,"kind":"mooring","seamark:mooring:category":"pile","seamark:type":"mooring"}},{"type":"Feature","geometry":{"type":"Point","coordinates":[3.127059,42.248067]},"properties":{"t":"node","id":13102681795,"kind":"mooring","seamark:mooring:category":"pile","seamark:type":"mooring"}},{"type":"Feature","geometry":{"type":"Point","coordinates":[3.127093,42.248093]},"properties":{"t":"node","id":13102681796,"kind":"mooring","seamark:mooring:category":"pile","seamark:type":"mooring"}},{"type":"Feature","geometry":{"type":"Point","coordinates":[3.127124,42.248118]},"properties":{"t":"node","id":13102681797,"kind":"mooring","seamark:mooring:category":"pile","seamark:type":"mooring"}},{"type":"Feature","geometry":{"type":"Point","coordinates":[3.127159,42.248144]},"properties":{"t":"node","id":13102681798,"kind":"mooring","seamark:mooring:category":"pile","seamark:type":"mooring"}},{"type":"Feature","geometry":{"type":"Point","coordinates":[3.127193,42.24817]},"properties":{"t":"node","id":13102681799,"kind":"mooring","seamark:mooring:category":"pile","seamark:type":"mooring"}},{"type":"Feature","geometry":{"type":"Point","coordinates":[3.127227,42.248197]},"properties":{"t":"node","id":13102681800,"kind":"mooring","seamark:mooring:category":"pile","seamark:type":"mooring"}},{"type":"Feature","geometry":{"type":"Point","coordinates":[3.130353,42.250681]},"properties":{"t":"node","id":13102717074,"kind":"mooring","seamark:mooring:category":"pile","seamark:type":"mooring"}},{"type":"Feature","geometry":{"type":"Point","coordinates":[3.130375,42.250654]},"properties":{"t":"node","id":13102717075,"kind":"mooring","seamark:mooring:category":"pile","seamark:type":"mooring"}},{"type":"Feature","geometry":{"type":"Point","coordinates":[3.130418,42.250634]},"properties":{"t":"node","id":13102717076,"kind":"mooring","seamark:mooring:category":"pile","seamark:type":"mooring"}},{"type":"Feature","geometry":{"type":"Point","coordinates":[3.13044,42.250606]},"properties":{"t":"node","id":13102717077,"kind":"mooring","seamark:mooring:category":"pile","seamark:type":"mooring"}},{"type":"Feature","geometry":{"type":"Point","coordinates":[3.130462,42.250579]},"properties":{"t":"node","id":13102717078,"kind":"mooring","seamark:mooring:category":"pile","seamark:type":"mooring"}},{"type":"Feature","geometry":{"type":"Point","coordinates":[3.130485,42.250549]},"properties":{"t":"node","id":13102717079,"kind":"mooring","seamark:mooring:category":"pile","seamark:type":"mooring"}},{"type":"Feature","geometry":{"type":"Point","coordinates":[3.130757,42.250675]},"properties":{"t":"node","id":13102717080,"kind":"mooring","seamark:mooring:category":"pile","seamark:type":"mooring"}},{"type":"Feature","geometry":{"type":"Point","coordinates":[3.130731,42.250706]},"properties":{"t":"node","id":13102717081,"kind":"mooring","seamark:mooring:category":"pile","seamark:type":"mooring"}},{"type":"Feature","geometry":{"type":"Point","coordinates":[3.130712,42.25074]},"properties":{"t":"node","id":13102717082,"kind":"mooring","seamark:mooring:category":"pile","seamark:type":"mooring"}},{"type":"Feature","geometry":{"type":"Point","coordinates":[3.130682,42.250777]},"properties":{"t":"node","id":13102717083,"kind":"mooring","seamark:mooring:category":"pile","seamark:type":"mooring"}},{"type":"Feature","geometry":{"type":"Point","coordinates":[3.130657,42.250808]},"properties":{"t":"node","id":13102717084,"kind":"mooring","seamark:mooring:category":"pile","seamark:type":"mooring"}},{"type":"Feature","geometry":{"type":"Point","coordinates":[3.130329,42.250709]},"properties":{"t":"node","id":13102717085,"kind":"mooring","seamark:mooring:category":"pile","seamark:type":"mooring"}},{"type":"Feature","geometry":{"type":"Point","coordinates":[3.130292,42.250553]},"properties":{"t":"node","id":13102717086,"kind":"mooring","seamark:mooring:category":"pile","seamark:type":"mooring"}},{"type":"Feature","geometry":{"type":"Point","coordinates":[3.130272,42.250577]},"properties":{"t":"node","id":13102717087,"kind":"mooring","seamark:mooring:category":"pile","seamark:type":"mooring"}},{"type":"Feature","geometry":{"type":"Point","coordinates":[3.130316,42.250527]},"properties":{"t":"node","id":13102717088,"kind":"mooring","seamark:mooring:category":"pile","seamark:type":"mooring"}},{"type":"Feature","geometry":{"type":"Point","coordinates":[3.130344,42.250495]},"properties":{"t":"node","id":13102717089,"kind":"mooring","seamark:mooring:category":"pile","seamark:type":"mooring"}},{"type":"Feature","geometry":{"type":"Point","coordinates":[3.130251,42.250599]},"properties":{"t":"node","id":13102717090,"kind":"mooring","seamark:mooring:category":"pile","seamark:type":"mooring"}},{"type":"Feature","geometry":{"type":"Point","coordinates":[3.130229,42.250624]},"properties":{"t":"node","id":13102717091,"kind":"mooring","seamark:mooring:category":"pile","seamark:type":"mooring"}},{"type":"Feature","geometry":{"type":"Point","coordinates":[3.130203,42.250654]},"properties":{"t":"node","id":13102717092,"kind":"mooring","seamark:mooring:category":"pile","seamark:type":"mooring"}},{"type":"Feature","geometry":{"type":"Point","coordinates":[3.13008,42.250354]},"properties":{"t":"node","id":13102717093,"kind":"mooring","seamark:mooring:category":"pile","seamark:type":"mooring"}},{"type":"Feature","geometry":{"type":"Point","coordinates":[3.130048,42.250387]},"properties":{"t":"node","id":13102717094,"kind":"mooring","seamark:mooring:category":"pile","seamark:type":"mooring"}},{"type":"Feature","geometry":{"type":"Point","coordinates":[3.130018,42.25042]},"properties":{"t":"node","id":13102717095,"kind":"mooring","seamark:mooring:category":"pile","seamark:type":"mooring"}},{"type":"Feature","geometry":{"type":"Point","coordinates":[3.129988,42.250451]},"properties":{"t":"node","id":13102717096,"kind":"mooring","seamark:mooring:category":"pile","seamark:type":"mooring"}},{"type":"Feature","geometry":{"type":"Point","coordinates":[3.129958,42.250483]},"properties":{"t":"node","id":13102717097,"kind":"mooring","seamark:mooring:category":"pile","seamark:type":"mooring"}},{"type":"Feature","geometry":{"type":"Point","coordinates":[3.12993,42.250512]},"properties":{"t":"node","id":13102717098,"kind":"mooring","seamark:mooring:category":"pile","seamark:type":"mooring"}},{"type":"Feature","geometry":{"type":"Point","coordinates":[3.129779,42.250425]},"properties":{"t":"node","id":13102717099,"kind":"mooring","seamark:mooring:category":"pile","seamark:type":"mooring"}},{"type":"Feature","geometry":{"type":"Point","coordinates":[3.129812,42.250393]},"properties":{"t":"node","id":13102717100,"kind":"mooring","seamark:mooring:category":"pile","seamark:type":"mooring"}},{"type":"Feature","geometry":{"type":"Point","coordinates":[3.129848,42.250365]},"properties":{"t":"node","id":13102722101,"kind":"mooring","seamark:mooring:category":"pile","seamark:type":"mooring"}},{"type":"Feature","geometry":{"type":"Point","coordinates":[3.129877,42.250337]},"properties":{"t":"node","id":13102722102,"kind":"mooring","seamark:mooring:category":"pile","seamark:type":"mooring"}},{"type":"Feature","geometry":{"type":"Point","coordinates":[3.129909,42.250304]},"properties":{"t":"node","id":13102722103,"kind":"mooring","seamark:mooring:category":"pile","seamark:type":"mooring"}},{"type":"Feature","geometry":{"type":"Point","coordinates":[3.129937,42.250276]},"properties":{"t":"node","id":13102722104,"kind":"mooring","seamark:mooring:category":"pile","seamark:type":"mooring"}},{"type":"Feature","geometry":{"type":"Point","coordinates":[3.129668,42.250109]},"properties":{"t":"node","id":13102722105,"kind":"mooring","seamark:mooring:category":"pile","seamark:type":"mooring"}},{"type":"Feature","geometry":{"type":"Point","coordinates":[3.129637,42.250135]},"properties":{"t":"node","id":13102722106,"kind":"mooring","seamark:mooring:category":"pile","seamark:type":"mooring"}},{"type":"Feature","geometry":{"type":"Point","coordinates":[3.129609,42.250162]},"properties":{"t":"node","id":13102722107,"kind":"mooring","seamark:mooring:category":"pile","seamark:type":"mooring"}},{"type":"Feature","geometry":{"type":"Point","coordinates":[3.129574,42.25019]},"properties":{"t":"node","id":13102722108,"kind":"mooring","seamark:mooring:category":"pile","seamark:type":"mooring"}},{"type":"Feature","geometry":{"type":"Point","coordinates":[3.129543,42.25022]},"properties":{"t":"node","id":13102722109,"kind":"mooring","seamark:mooring:category":"pile","seamark:type":"mooring"}},{"type":"Feature","geometry":{"type":"Point","coordinates":[3.129509,42.250248]},"properties":{"t":"node","id":13102722110,"kind":"mooring","seamark:mooring:category":"pile","seamark:type":"mooring"}},{"type":"Feature","geometry":{"type":"Point","coordinates":[3.129528,42.250018]},"properties":{"t":"node","id":13102722111,"kind":"mooring","seamark:mooring:category":"pile","seamark:type":"mooring"}},{"type":"Feature","geometry":{"type":"Point","coordinates":[3.129491,42.250039]},"properties":{"t":"node","id":13102722112,"kind":"mooring","seamark:mooring:category":"pile","seamark:type":"mooring"}},{"type":"Feature","geometry":{"type":"Point","coordinates":[3.129457,42.250062]},"properties":{"t":"node","id":13102722113,"kind":"mooring","seamark:mooring:category":"pile","seamark:type":"mooring"}},{"type":"Feature","geometry":{"type":"Point","coordinates":[3.129419,42.250086]},"properties":{"t":"node","id":13102722114,"kind":"mooring","seamark:mooring:category":"pile","seamark:type":"mooring"}},{"type":"Feature","geometry":{"type":"Point","coordinates":[3.129384,42.250116]},"properties":{"t":"node","id":13102722115,"kind":"mooring","seamark:mooring:category":"pile","seamark:type":"mooring"}},{"type":"Feature","geometry":{"type":"Point","coordinates":[3.129345,42.250143]},"properties":{"t":"node","id":13102722116,"kind":"mooring","seamark:mooring:category":"pile","seamark:type":"mooring"}},{"type":"Feature","geometry":{"type":"Point","coordinates":[3.129197,42.249964]},"properties":{"t":"node","id":13102722117,"kind":"mooring","seamark:mooring:category":"pile","seamark:type":"mooring"}},{"type":"Feature","geometry":{"type":"Point","coordinates":[3.129148,42.249927]},"properties":{"t":"node","id":13102722118,"kind":"mooring","seamark:mooring:category":"pile","seamark:type":"mooring"}},{"type":"Feature","geometry":{"type":"Point","coordinates":[3.129098,42.24989]},"properties":{"t":"node","id":13102722119,"kind":"mooring","seamark:mooring:category":"pile","seamark:type":"mooring"}},{"type":"Feature","geometry":{"type":"Point","coordinates":[3.129043,42.249848]},"properties":{"t":"node","id":13102722120,"kind":"mooring","seamark:mooring:category":"pile","seamark:type":"mooring"}},{"type":"Feature","geometry":{"type":"Point","coordinates":[3.128995,42.249808]},"properties":{"t":"node","id":13102722121,"kind":"mooring","seamark:mooring:category":"pile","seamark:type":"mooring"}},{"type":"Feature","geometry":{"type":"Point","coordinates":[3.128945,42.249766]},"properties":{"t":"node","id":13102722122,"kind":"mooring","seamark:mooring:category":"pile","seamark:type":"mooring"}},{"type":"Feature","geometry":{"type":"Point","coordinates":[3.128902,42.249733]},"properties":{"t":"node","id":13102722123,"kind":"mooring","seamark:mooring:category":"pile","seamark:type":"mooring"}},{"type":"Feature","geometry":{"type":"Point","coordinates":[3.128854,42.249685]},"properties":{"t":"node","id":13102722124,"kind":"mooring","seamark:mooring:category":"pile","seamark:type":"mooring"}},{"type":"Feature","geometry":{"type":"Point","coordinates":[3.128809,42.249639]},"properties":{"t":"node","id":13102722125,"kind":"mooring","seamark:mooring:category":"pile","seamark:type":"mooring"}},{"type":"Feature","geometry":{"type":"Point","coordinates":[3.128763,42.249592]},"properties":{"t":"node","id":13102722126,"kind":"mooring","seamark:mooring:category":"pile","seamark:type":"mooring"}},{"type":"Feature","geometry":{"type":"Point","coordinates":[3.128722,42.249549]},"properties":{"t":"node","id":13102722127,"kind":"mooring","seamark:mooring:category":"pile","seamark:type":"mooring"}},{"type":"Feature","geometry":{"type":"Point","coordinates":[3.128677,42.249501]},"properties":{"t":"node","id":13102722128,"kind":"mooring","seamark:mooring:category":"pile","seamark:type":"mooring"}},{"type":"Feature","geometry":{"type":"Point","coordinates":[3.128641,42.249463]},"properties":{"t":"node","id":13102722129,"kind":"mooring","seamark:mooring:category":"pile","seamark:type":"mooring"}},{"type":"Feature","geometry":{"type":"Point","coordinates":[3.128594,42.249414]},"properties":{"t":"node","id":13102722130,"kind":"mooring","seamark:mooring:category":"pile","seamark:type":"mooring"}},{"type":"Feature","geometry":{"type":"Point","coordinates":[3.128549,42.249367]},"properties":{"t":"node","id":13102722131,"kind":"mooring","seamark:mooring:category":"pile","seamark:type":"mooring"}},{"type":"Feature","geometry":{"type":"Point","coordinates":[3.128508,42.249322]},"properties":{"t":"node","id":13102722132,"kind":"mooring","seamark:mooring:category":"pile","seamark:type":"mooring"}},{"type":"Feature","geometry":{"type":"Point","coordinates":[3.128462,42.249274]},"properties":{"t":"node","id":13102722133,"kind":"mooring","seamark:mooring:category":"pile","seamark:type":"mooring"}},{"type":"Feature","geometry":{"type":"Point","coordinates":[3.12843,42.249233]},"properties":{"t":"node","id":13102722134,"kind":"mooring","seamark:mooring:category":"pile","seamark:type":"mooring"}},{"type":"Feature","geometry":{"type":"Point","coordinates":[3.128384,42.249177]},"properties":{"t":"node","id":13102722135,"kind":"mooring","seamark:mooring:category":"pile","seamark:type":"mooring"}},{"type":"Feature","geometry":{"type":"Point","coordinates":[3.12836,42.249148]},"properties":{"t":"node","id":13102722136,"kind":"mooring","seamark:mooring:category":"pile","seamark:type":"mooring"}},{"type":"Feature","geometry":{"type":"Point","coordinates":[3.128328,42.249111]},"properties":{"t":"node","id":13102722137,"kind":"mooring","seamark:mooring:category":"pile","seamark:type":"mooring"}},{"type":"Feature","geometry":{"type":"Point","coordinates":[3.12881,42.250042]},"properties":{"t":"node","id":13102722138,"kind":"mooring","seamark:mooring:category":"pile","seamark:type":"mooring"}},{"type":"Feature","geometry":{"type":"Point","coordinates":[3.128859,42.250079]},"properties":{"t":"node","id":13102722139,"kind":"mooring","seamark:mooring:category":"pile","seamark:type":"mooring"}},{"type":"Feature","geometry":{"type":"Point","coordinates":[3.1289,42.250111]},"properties":{"t":"node","id":13102722140,"kind":"mooring","seamark:mooring:category":"pile","seamark:type":"mooring"}},{"type":"Feature","geometry":{"type":"Point","coordinates":[3.128948,42.250148]},"properties":{"t":"node","id":13102722141,"kind":"mooring","seamark:mooring:category":"pile","seamark:type":"mooring"}},{"type":"Feature","geometry":{"type":"Point","coordinates":[3.128993,42.250182]},"properties":{"t":"node","id":13102722142,"kind":"mooring","seamark:mooring:category":"pile","seamark:type":"mooring"}},{"type":"Feature","geometry":{"type":"Point","coordinates":[3.12904,42.25022]},"properties":{"t":"node","id":13102722143,"kind":"mooring","seamark:mooring:category":"pile","seamark:type":"mooring"}},{"type":"Feature","geometry":{"type":"Point","coordinates":[3.129078,42.25025]},"properties":{"t":"node","id":13102722144,"kind":"mooring","seamark:mooring:category":"pile","seamark:type":"mooring"}},{"type":"Feature","geometry":{"type":"Point","coordinates":[3.129118,42.250286]},"properties":{"t":"node","id":13102722145,"kind":"mooring","seamark:mooring:category":"pile","seamark:type":"mooring"}},{"type":"Feature","geometry":{"type":"Point","coordinates":[3.129282,42.250401]},"properties":{"t":"node","id":13102722146,"kind":"mooring","seamark:mooring:category":"pile","seamark:type":"mooring"}},{"type":"Feature","geometry":{"type":"Point","coordinates":[3.129326,42.25043]},"properties":{"t":"node","id":13102722147,"kind":"mooring","seamark:mooring:category":"pile","seamark:type":"mooring"}},{"type":"Feature","geometry":{"type":"Point","coordinates":[3.129375,42.250459]},"properties":{"t":"node","id":13102722148,"kind":"mooring","seamark:mooring:category":"pile","seamark:type":"mooring"}},{"type":"Feature","geometry":{"type":"Point","coordinates":[3.129432,42.250491]},"properties":{"t":"node","id":13102722149,"kind":"mooring","seamark:mooring:category":"pile","seamark:type":"mooring"}},{"type":"Feature","geometry":{"type":"Point","coordinates":[3.129477,42.250519]},"properties":{"t":"node","id":13102722150,"kind":"mooring","seamark:mooring:category":"pile","seamark:type":"mooring"}},{"type":"Feature","geometry":{"type":"Point","coordinates":[3.129528,42.250551]},"properties":{"t":"node","id":13102722151,"kind":"mooring","seamark:mooring:category":"pile","seamark:type":"mooring"}},{"type":"Feature","geometry":{"type":"Point","coordinates":[3.129593,42.250591]},"properties":{"t":"node","id":13102722152,"kind":"mooring","seamark:mooring:category":"pile","seamark:type":"mooring"}},{"type":"Feature","geometry":{"type":"Point","coordinates":[3.129158,42.250316]},"properties":{"t":"node","id":13102722153,"kind":"mooring","seamark:mooring:category":"pile","seamark:type":"mooring"}},{"type":"Feature","geometry":{"type":"Point","coordinates":[3.129202,42.250348]},"properties":{"t":"node","id":13102722154,"kind":"mooring","seamark:mooring:category":"pile","seamark:type":"mooring"}},{"type":"Feature","geometry":{"type":"Point","coordinates":[3.129236,42.250372]},"properties":{"t":"node","id":13102722155,"kind":"mooring","seamark:mooring:category":"pile","seamark:type":"mooring"}},{"type":"Feature","geometry":{"type":"Point","coordinates":[3.129649,42.250626]},"properties":{"t":"node","id":13102722156,"kind":"mooring","seamark:mooring:category":"pile","seamark:type":"mooring"}},{"type":"Feature","geometry":{"type":"Point","coordinates":[3.129711,42.250669]},"properties":{"t":"node","id":13102722157,"kind":"mooring","seamark:mooring:category":"pile","seamark:type":"mooring"}},{"type":"Feature","geometry":{"type":"Point","coordinates":[3.129772,42.250705]},"properties":{"t":"node","id":13102722158,"kind":"mooring","seamark:mooring:category":"pile","seamark:type":"mooring"}},{"type":"Feature","geometry":{"type":"Point","coordinates":[3.129835,42.250741]},"properties":{"t":"node","id":13102722159,"kind":"mooring","seamark:mooring:category":"pile","seamark:type":"mooring"}},{"type":"Feature","geometry":{"type":"Point","coordinates":[3.129896,42.250778]},"properties":{"t":"node","id":13102722160,"kind":"mooring","seamark:mooring:category":"pile","seamark:type":"mooring"}},{"type":"Feature","geometry":{"type":"Point","coordinates":[3.129957,42.25081]},"properties":{"t":"node","id":13102722161,"kind":"mooring","seamark:mooring:category":"pile","seamark:type":"mooring"}},{"type":"Feature","geometry":{"type":"Point","coordinates":[3.130021,42.250844]},"properties":{"t":"node","id":13102722162,"kind":"mooring","seamark:mooring:category":"pile","seamark:type":"mooring"}},{"type":"Feature","geometry":{"type":"Point","coordinates":[3.130085,42.250879]},"properties":{"t":"node","id":13102722163,"kind":"mooring","seamark:mooring:category":"pile","seamark:type":"mooring"}},{"type":"Feature","geometry":{"type":"Point","coordinates":[3.130141,42.25091]},"properties":{"t":"node","id":13102722164,"kind":"mooring","seamark:mooring:category":"pile","seamark:type":"mooring"}},{"type":"Feature","geometry":{"type":"Point","coordinates":[3.130204,42.250942]},"properties":{"t":"node","id":13102722165,"kind":"mooring","seamark:mooring:category":"pile","seamark:type":"mooring"}},{"type":"Feature","geometry":{"type":"Point","coordinates":[3.13027,42.250975]},"properties":{"t":"node","id":13102722166,"kind":"mooring","seamark:mooring:category":"pile","seamark:type":"mooring"}},{"type":"Feature","geometry":{"type":"Point","coordinates":[3.130342,42.25101]},"properties":{"t":"node","id":13102722167,"kind":"mooring","seamark:mooring:category":"pile","seamark:type":"mooring"}},{"type":"Feature","geometry":{"type":"Point","coordinates":[3.130408,42.251037]},"properties":{"t":"node","id":13102722168,"kind":"mooring","seamark:mooring:category":"pile","seamark:type":"mooring"}},{"type":"Feature","geometry":{"type":"Point","coordinates":[3.130485,42.25107]},"properties":{"t":"node","id":13102722169,"kind":"mooring","seamark:mooring:category":"pile","seamark:type":"mooring"}},{"type":"Feature","geometry":{"type":"Point","coordinates":[3.130559,42.251103]},"properties":{"t":"node","id":13102722170,"kind":"mooring","seamark:mooring:category":"pile","seamark:type":"mooring"}},{"type":"Feature","geometry":{"type":"Point","coordinates":[3.130636,42.251136]},"properties":{"t":"node","id":13102722171,"kind":"mooring","seamark:mooring:category":"pile","seamark:type":"mooring"}},{"type":"Feature","geometry":{"type":"Point","coordinates":[3.12726,42.248222]},"properties":{"t":"node","id":13102728701,"kind":"mooring","seamark:mooring:category":"pile","seamark:type":"mooring"}},{"type":"Feature","geometry":{"type":"Point","coordinates":[3.127294,42.248249]},"properties":{"t":"node","id":13102728702,"kind":"mooring","seamark:mooring:category":"pile","seamark:type":"mooring"}},{"type":"Feature","geometry":{"type":"Point","coordinates":[3.12733,42.248277]},"properties":{"t":"node","id":13102728703,"kind":"mooring","seamark:mooring:category":"pile","seamark:type":"mooring"}},{"type":"Feature","geometry":{"type":"Point","coordinates":[3.127381,42.247961]},"properties":{"t":"node","id":13102728704,"kind":"mooring","seamark:mooring:category":"pile","seamark:type":"mooring"}},{"type":"Feature","geometry":{"type":"Point","coordinates":[3.127358,42.247999]},"properties":{"t":"node","id":13102728705,"kind":"mooring","seamark:mooring:category":"pile","seamark:type":"mooring"}},{"type":"Feature","geometry":{"type":"Point","coordinates":[3.12733,42.248018]},"properties":{"t":"node","id":13102728706,"kind":"mooring","seamark:mooring:category":"pile","seamark:type":"mooring"}},{"type":"Feature","geometry":{"type":"Point","coordinates":[3.127464,42.247928]},"properties":{"t":"node","id":13102728707,"kind":"mooring","seamark:mooring:category":"pile","seamark:type":"mooring"}},{"type":"Feature","geometry":{"type":"Point","coordinates":[3.127497,42.247905]},"properties":{"t":"node","id":13102728708,"kind":"mooring","seamark:mooring:category":"pile","seamark:type":"mooring"}},{"type":"Feature","geometry":{"type":"Point","coordinates":[3.127526,42.247886]},"properties":{"t":"node","id":13102728709,"kind":"mooring","seamark:mooring:category":"pile","seamark:type":"mooring"}},{"type":"Feature","geometry":{"type":"Point","coordinates":[3.127552,42.247868]},"properties":{"t":"node","id":13102728710,"kind":"mooring","seamark:mooring:category":"pile","seamark:type":"mooring"}},{"type":"Feature","geometry":{"type":"Point","coordinates":[3.127432,42.247949]},"properties":{"t":"node","id":13102728711,"kind":"mooring","seamark:mooring:category":"pile","seamark:type":"mooring"}},{"type":"Feature","geometry":{"type":"Point","coordinates":[3.127757,42.247997]},"properties":{"t":"node","id":13102728712,"kind":"mooring","seamark:mooring:category":"pile","seamark:type":"mooring"}},{"type":"Feature","geometry":{"type":"Point","coordinates":[3.127725,42.248019]},"properties":{"t":"node","id":13102728713,"kind":"mooring","seamark:mooring:category":"pile","seamark:type":"mooring"}},{"type":"Feature","geometry":{"type":"Point","coordinates":[3.127694,42.24804]},"properties":{"t":"node","id":13102728714,"kind":"mooring","seamark:mooring:category":"pile","seamark:type":"mooring"}},{"type":"Feature","geometry":{"type":"Point","coordinates":[3.127665,42.248059]},"properties":{"t":"node","id":13102728715,"kind":"mooring","seamark:mooring:category":"pile","seamark:type":"mooring"}},{"type":"Feature","geometry":{"type":"Point","coordinates":[3.127635,42.24808]},"properties":{"t":"node","id":13102728716,"kind":"mooring","seamark:mooring:category":"pile","seamark:type":"mooring"}},{"type":"Feature","geometry":{"type":"Point","coordinates":[3.127603,42.248102]},"properties":{"t":"node","id":13102728717,"kind":"mooring","seamark:mooring:category":"pile","seamark:type":"mooring"}},{"type":"Feature","geometry":{"type":"Point","coordinates":[3.127572,42.248124]},"properties":{"t":"node","id":13102728718,"kind":"mooring","seamark:mooring:category":"pile","seamark:type":"mooring"}},{"type":"Feature","geometry":{"type":"Point","coordinates":[3.127539,42.248145]},"properties":{"t":"node","id":13102728719,"kind":"mooring","seamark:mooring:category":"pile","seamark:type":"mooring"}},{"type":"Feature","geometry":{"type":"Point","coordinates":[3.127507,42.248167]},"properties":{"t":"node","id":13102728720,"kind":"mooring","seamark:mooring:category":"pile","seamark:type":"mooring"}},{"type":"Feature","geometry":{"type":"Point","coordinates":[3.127991,42.2483]},"properties":{"t":"node","id":13102728721,"kind":"mooring","seamark:mooring:category":"pile","seamark:type":"mooring"}},{"type":"Feature","geometry":{"type":"Point","coordinates":[3.127949,42.248268]},"properties":{"t":"node","id":13102728722,"kind":"mooring","seamark:mooring:category":"pile","seamark:type":"mooring"}},{"type":"Feature","geometry":{"type":"Point","coordinates":[3.127909,42.248238]},"properties":{"t":"node","id":13102728723,"kind":"mooring","seamark:mooring:category":"pile","seamark:type":"mooring"}},{"type":"Feature","geometry":{"type":"Point","coordinates":[3.127862,42.248201]},"properties":{"t":"node","id":13102728724,"kind":"mooring","seamark:mooring:category":"pile","seamark:type":"mooring"}},{"type":"Feature","geometry":{"type":"Point","coordinates":[3.128222,42.248489]},"properties":{"t":"node","id":13102728725,"kind":"mooring","seamark:mooring:category":"pile","seamark:type":"mooring"}},{"type":"Feature","geometry":{"type":"Point","coordinates":[3.128179,42.248453]},"properties":{"t":"node","id":13102728726,"kind":"mooring","seamark:mooring:category":"pile","seamark:type":"mooring"}},{"type":"Feature","geometry":{"type":"Point","coordinates":[3.128135,42.248418]},"properties":{"t":"node","id":13102728727,"kind":"mooring","seamark:mooring:category":"pile","seamark:type":"mooring"}},{"type":"Feature","geometry":{"type":"Point","coordinates":[3.128086,42.248379]},"properties":{"t":"node","id":13102728728,"kind":"mooring","seamark:mooring:category":"pile","seamark:type":"mooring"}},{"type":"Feature","geometry":{"type":"Point","coordinates":[2.20046,41.385687]},"properties":{"t":"node","id":13318566190,"kind":"harbour","name":"Repsol","name:ca":"Repsol","seamark:type":"small_craft_facility","waterway":"fuel"}},{"type":"Feature","geometry":{"type":"Point","coordinates":[3.150094,42.402859]},"properties":{"t":"node","id":13325836973,"kind":"dive-centre","amenity":"dive_centre","name":"Diving center Colera"}},{"type":"Feature","geometry":{"type":"Point","coordinates":[3.275722,42.289899]},"properties":{"t":"node","id":13325891803,"kind":"dive-centre","amenity":"dive_centre","name":"Sotamar"}},{"type":"Feature","geometry":{"type":"Point","coordinates":[2.19894,41.383625]},"properties":{"t":"node","id":13373528597,"kind":"light","seamark:type":"beacon_lateral"}},{"type":"Feature","geometry":{"type":"Point","coordinates":[2.199905,41.388777]},"properties":{"t":"node","id":13576417703,"kind":"dive-centre","amenity":"dive_centre","name":"Barcelona Diving Club"}},{"type":"Feature","geometry":{"type":"Point","coordinates":[3.111975,42.152164]},"properties":{"t":"node","id":13756559396,"kind":"dive-centre","shop":"scuba_diving"}},{"type":"Feature","geometry":{"type":"Point","coordinates":[3.116032,42.158599]},"properties":{"t":"node","id":13756559476,"kind":"buoy","seamark:buoy_special_purpose:category":"recreation_zone","seamark:type":"buoy_special_purpose"}},{"type":"Feature","geometry":{"type":"Point","coordinates":[3.115626,42.158382]},"properties":{"t":"node","id":13756559477,"kind":"buoy","seamark:buoy_special_purpose:category":"recreation_zone","seamark:type":"buoy_special_purpose"}},{"type":"Feature","geometry":{"type":"Point","coordinates":[3.115367,42.158247]},"properties":{"t":"node","id":13756559478,"kind":"buoy","seamark:buoy_special_purpose:category":"recreation_zone","seamark:type":"buoy_special_purpose"}},{"type":"Feature","geometry":{"type":"Point","coordinates":[3.114979,42.158058]},"properties":{"t":"node","id":13756559479,"kind":"buoy","seamark:buoy_special_purpose:category":"recreation_zone","seamark:type":"buoy_special_purpose"}},{"type":"Feature","geometry":{"type":"Point","coordinates":[3.114579,42.157872]},"properties":{"t":"node","id":13756559480,"kind":"buoy","seamark:buoy_special_purpose:category":"recreation_zone","seamark:type":"buoy_special_purpose"}},{"type":"Feature","geometry":{"type":"Point","coordinates":[3.114216,42.15767]},"properties":{"t":"node","id":13756559481,"kind":"buoy","seamark:buoy_special_purpose:category":"recreation_zone","seamark:type":"buoy_special_purpose"}},{"type":"Feature","geometry":{"type":"Point","coordinates":[3.116387,42.157212]},"properties":{"t":"node","id":13756559482,"kind":"buoy","seamark:buoy_special_purpose:category":"recreation_zone","seamark:type":"buoy_special_purpose"}},{"type":"Feature","geometry":{"type":"Point","coordinates":[3.115821,42.157183]},"properties":{"t":"node","id":13756559483,"kind":"buoy","seamark:buoy_special_purpose:category":"recreation_zone","seamark:type":"buoy_special_purpose"}},{"type":"Feature","geometry":{"type":"Point","coordinates":[3.115458,42.157202]},"properties":{"t":"node","id":13756559484,"kind":"buoy","seamark:buoy_special_purpose:category":"recreation_zone","seamark:type":"buoy_special_purpose"}},{"type":"Feature","geometry":{"type":"Point","coordinates":[3.115116,42.157189]},"properties":{"t":"node","id":13756559485,"kind":"buoy","seamark:buoy_special_purpose:category":"recreation_zone","seamark:type":"buoy_special_purpose"}},{"type":"Feature","geometry":{"type":"Point","coordinates":[3.114616,42.15718]},"properties":{"t":"node","id":13756559486,"kind":"buoy","seamark:buoy_special_purpose:category":"recreation_zone","seamark:type":"buoy_special_purpose"}},{"type":"Feature","geometry":{"type":"Point","coordinates":[3.114221,42.157225]},"properties":{"t":"node","id":13756559487,"kind":"buoy","seamark:buoy_special_purpose:category":"recreation_zone","seamark:type":"buoy_special_purpose"}},{"type":"Feature","geometry":{"type":"Point","coordinates":[3.11209,42.152056]},"properties":{"t":"node","id":13768163737,"kind":"dive-centre","amenity":"dive_centre","name":"Scuba Alegre Diving Center"}},{"type":"Feature","geometry":{"type":"Point","coordinates":[1.607157,41.185312]},"properties":{"t":"node","id":13807194757,"kind":"light","seamark:type":"light_minor"}},{"type":"Feature","geometry":{"type":"Point","coordinates":[1.607587,41.184693]},"properties":{"t":"node","id":13807194761,"kind":"light","seamark:light:colour":"red","seamark:type":"light_minor"}},{"type":"Feature","geometry":{"type":"Point","coordinates":[1.607536,41.18617]},"properties":{"t":"node","id":13807194766,"kind":"light","seamark:type":"beacon_lateral"}},{"type":"Feature","geometry":{"type":"Point","coordinates":[3.133997,42.480159]},"properties":{"t":"node","id":13884693792,"kind":"dive-centre","amenity":"dive_centre","name":"Plongée Bleue","shop":"clothes"}},{"type":"Feature","geometry":{"type":"Point","coordinates":[3.206017,42.364133]},"properties":{"t":"node","id":13903531927,"kind":"buoy","seamark:light:character":"Fl","seamark:light:colour":"yellow","seamark:light:period":"11","seamark:light:range":"3","seamark:type":"buoy_special_purpose"}},{"type":"Feature","geometry":{"type":"Point","coordinates":[3.230333,42.360267]},"properties":{"t":"node","id":13903531928,"kind":"buoy","seamark:light:character":"Fl","seamark:light:colour":"yellow","seamark:light:period":"11","seamark:light:range":"3","seamark:type":"buoy_special_purpose"}},{"type":"Feature","geometry":{"type":"Point","coordinates":[2.131136,41.373084]},"properties":{"t":"node","id":14005090757,"kind":"dive-centre","name":"Badal Sub","shop":"scuba_diving"}},{"type":"Feature","geometry":{"type":"Point","coordinates":[1.426501,41.135577]},"properties":{"t":"node","id":14070824492,"kind":"dive-site","name":"El Biotop","name:ca":"El Biotop","name:es":"Biotopo Antina","scuba_diving:divespot":"yes","scuba_diving:entry":"boat","scuba_diving:maxdepth":"30","sport":"scuba_diving","maxDepth":30}},{"type":"Feature","geometry":{"type":"Point","coordinates":[1.431502,41.142256]},"properties":{"t":"node","id":14070850695,"kind":"dive-site","name":"El Brut","scuba_diving:divespot":"yes","scuba_diving:entry":"boat","scuba_diving:maxdepth":"22","sport":"scuba_diving","maxDepth":22}},{"type":"Feature","geometry":{"type":"Point","coordinates":[3.186524,41.862533]},"properties":{"t":"node","id":14071084203,"kind":"dive-site","name":"Illes Formigues","scuba_diving:divespot":"yes","scuba_diving:entry":"boat","scuba_diving:maxdepth":"20","sport":"scuba_diving","maxDepth":20}},{"type":"Feature","geometry":{"type":"Point","coordinates":[3.191832,42.103143]},"properties":{"t":"node","id":14133079399,"kind":"wreck","name":"El marmoler","seamark:type":"wreck"}},{"type":"Feature","geometry":{"type":"Point","coordinates":[2.226345,41.4084]},"properties":{"t":"node","id":14140959369,"kind":"ladder","highway":"ladder"}},{"type":"Feature","geometry":{"type":"Polygon","coordinates":[[[3.133344,42.24738],[3.134819,42.246113],[3.134834,42.246104],[3.134853,42.246097],[3.134867,42.246094],[3.134885,42.246093],[3.134898,42.246094],[3.134919,42.246099],[3.134937,42.246106],[3.135361,42.246381],[3.135411,42.246388],[3.135459,42.246385],[3.135499,42.246371],[3.135521,42.246333],[3.135532,42.246284],[3.135496,42.246235],[3.135102,42.245941],[3.135087,42.245912],[3.135105,42.245881],[3.135798,42.245267],[3.135848,42.245227],[3.135847,42.245188],[3.135838,42.245154],[3.136113,42.245404],[3.136412,42.245674],[3.136346,42.24566],[3.1363,42.245657],[3.136251,42.245676],[3.136189,42.245709],[3.136138,42.245756],[3.136134,42.245797],[3.136282,42.245964],[3.136337,42.246113],[3.136247,42.24637],[3.135941,42.246627],[3.135015,42.247362],[3.134583,42.247046],[3.134867,42.246814],[3.134883,42.246773],[3.134869,42.246724],[3.134817,42.246696],[3.134765,42.246692],[3.134703,42.246712],[3.134629,42.246756],[3.134545,42.246825],[3.13399,42.247287],[3.133705,42.247531],[3.133647,42.247565],[3.133334,42.247864],[3.132921,42.248293],[3.132737,42.248497],[3.132694,42.248546],[3.132684,42.24856],[3.132677,42.248574],[3.132671,42.248589],[3.132669,42.248602],[3.132669,42.248618],[3.13267,42.248634],[3.132674,42.248651],[3.132683,42.248672],[3.132692,42.248686],[3.13272,42.248714],[3.132777,42.248681],[3.132837,42.248732],[3.132795,42.248759],[3.132792,42.248764],[3.132792,42.24877],[3.132793,42.248773],[3.132797,42.248777],[3.132805,42.248781],[3.132812,42.248781],[3.132818,42.24878],[3.132996,42.248666],[3.132962,42.24863],[3.133096,42.248544],[3.133137,42.248579],[3.133246,42.248477],[3.133256,42.248471],[3.133078,42.248312],[3.133072,42.248315],[3.133028,42.248275],[3.133153,42.248146],[3.133629,42.248567],[3.133633,42.248565],[3.133796,42.248708],[3.13379,42.248713],[3.133919,42.24882],[3.133976,42.248874],[3.133982,42.248871],[3.134044,42.248926],[3.134054,42.24894],[3.134163,42.249033],[3.134067,42.249161],[3.13405,42.249162],[3.13396,42.249081],[3.133956,42.249084],[3.133941,42.249071],[3.133944,42.249068],[3.13365,42.248811],[3.133646,42.248813],[3.133621,42.248792],[3.133624,42.24879],[3.133372,42.24857],[3.133216,42.248639],[3.132937,42.248818],[3.133141,42.248994],[3.133267,42.249047],[3.133258,42.249052],[3.133292,42.249082],[3.133301,42.249077],[3.133477,42.249228],[3.133696,42.24942],[3.133606,42.249477],[3.133608,42.249478],[3.133603,42.249482],[3.133628,42.249502],[3.133633,42.249499],[3.133656,42.249519],[3.133636,42.249533],[3.133639,42.249536],[3.133612,42.249553],[3.133615,42.249555],[3.133569,42.249586],[3.133617,42.249631],[3.133574,42.249691],[3.133681,42.249731],[3.133284,42.250297],[3.133043,42.250201],[3.133037,42.250209],[3.132724,42.250639],[3.132709,42.250633],[3.132557,42.250841],[3.132478,42.25081],[3.132389,42.250937],[3.132172,42.250828],[3.131876,42.250678],[3.131983,42.250528],[3.132009,42.250491],[3.132035,42.250454],[3.132058,42.250422],[3.132081,42.250389],[3.132107,42.250353],[3.132132,42.250318],[3.132156,42.250284],[3.132174,42.250258],[3.132183,42.250247],[3.132209,42.25021],[3.132236,42.250174],[3.132262,42.250137],[3.132289,42.250101],[3.132312,42.250069],[3.132337,42.250034],[3.132363,42.249998],[3.132364,42.249997],[3.132389,42.24996],[3.132391,42.249958],[3.132418,42.24992],[3.132447,42.249881],[3.132475,42.249841],[3.13255,42.249871],[3.13258,42.249827],[3.132608,42.249789],[3.132609,42.249788],[3.132636,42.24975],[3.132662,42.249713],[3.132688,42.249676],[3.132714,42.249641],[3.132738,42.249608],[3.132764,42.249571],[3.13279,42.249535],[3.132816,42.249498],[3.132843,42.249462],[3.132869,42.249425],[3.132969,42.249286],[3.132944,42.249261],[3.13253,42.248905],[3.132582,42.248868],[3.132574,42.248861],[3.132561,42.248849],[3.132543,42.248839],[3.132527,42.248831],[3.132508,42.248825],[3.132488,42.248821],[3.132468,42.248817],[3.132408,42.248891],[3.132476,42.248923],[3.132273,42.249187],[3.132281,42.249191],[3.132037,42.249552],[3.132046,42.249556],[3.132053,42.249558],[3.132026,42.249594],[3.13203,42.249596],[3.131998,42.24964],[3.131994,42.249638],[3.131971,42.24967],[3.131975,42.249672],[3.131971,42.249678],[3.131966,42.249676],[3.131931,42.249722],[3.131938,42.249725],[3.131717,42.250047],[3.131701,42.25004],[3.131392,42.250498],[3.131322,42.250461],[3.131293,42.250495],[3.131088,42.250802],[3.131142,42.25083],[3.131341,42.250932],[3.131402,42.250965],[3.130938,42.251447],[3.130622,42.251328],[3.130435,42.251579],[3.130434,42.251583],[3.130435,42.251587],[3.130437,42.25159],[3.130881,42.251815],[3.130907,42.251796],[3.130922,42.251802],[3.130905,42.251827],[3.130918,42.251834],[3.13093,42.251825],[3.130953,42.251835],[3.130947,42.251849],[3.131285,42.252019],[3.131211,42.252103],[3.131207,42.252102],[3.131174,42.252126],[3.131111,42.252096],[3.131012,42.252199],[3.130947,42.252162],[3.130973,42.252136],[3.130825,42.25206],[3.130829,42.252056],[3.130781,42.252031],[3.130778,42.252035],[3.130645,42.251967],[3.130501,42.251895],[3.130495,42.251901],[3.130466,42.251884],[3.130462,42.251871],[3.13042,42.251852],[3.130426,42.251845],[3.130333,42.251801],[3.130327,42.251805],[3.130209,42.251742],[3.130191,42.251741],[3.129797,42.252001],[3.129797,42.252017],[3.129893,42.252093],[3.130101,42.252228],[3.1301,42.252247],[3.130291,42.252376],[3.130281,42.252385],[3.130281,42.252392],[3.130265,42.252406],[3.13034,42.252469],[3.130116,42.252613],[3.129915,42.252447],[3.129895,42.25246],[3.129877,42.252445],[3.129896,42.252432],[3.129844,42.25239],[3.129807,42.252414],[3.12978,42.252393],[3.129819,42.252367],[3.129708,42.252274],[3.129712,42.252265],[3.129709,42.252264],[3.129699,42.25227],[3.129686,42.252271],[3.129672,42.252268],[3.129671,42.252249],[3.129681,42.252241],[3.129677,42.252238],[3.129654,42.252256],[3.129578,42.252197],[3.129599,42.252182],[3.129457,42.252058],[3.129254,42.25189],[3.129025,42.251696],[3.129297,42.25152],[3.129469,42.251408],[3.129467,42.251406],[3.129564,42.251343],[3.129588,42.25136],[3.129873,42.251503],[3.130142,42.251623],[3.130168,42.251622],[3.1303,42.251533],[3.130492,42.251273],[3.130213,42.251145],[3.130157,42.251117],[3.12975,42.250909],[3.129725,42.250891],[3.129618,42.250827],[3.129372,42.250676],[3.129324,42.250648],[3.129165,42.250539],[3.129078,42.250479],[3.128943,42.250378],[3.128751,42.250229],[3.128592,42.250095],[3.128445,42.249964],[3.128361,42.249883],[3.128131,42.249648],[3.127967,42.249468],[3.127945,42.249469],[3.127933,42.24947],[3.12792,42.249474],[3.127545,42.249633],[3.127534,42.249642],[3.127527,42.249652],[3.127526,42.249657],[3.127525,42.249665],[3.127527,42.249671],[3.12753,42.249679],[3.127747,42.249902],[3.127735,42.250027],[3.128371,42.250564],[3.128416,42.250535],[3.128933,42.25097],[3.128743,42.251096],[3.128658,42.251018],[3.128366,42.251211],[3.127935,42.250847],[3.128007,42.250801],[3.127569,42.25043],[3.127565,42.250432],[3.127538,42.250407],[3.127546,42.250401],[3.127428,42.250301],[3.127358,42.250346],[3.127305,42.250302],[3.127296,42.250294],[3.127103,42.250414],[3.126164,42.249633],[3.12626,42.249566],[3.125744,42.249128],[3.126143,42.24886],[3.126338,42.24873],[3.127421,42.249569],[3.127896,42.249356],[3.127762,42.249186],[3.126891,42.248487],[3.126816,42.248528],[3.126433,42.248258],[3.126242,42.248377],[3.126,42.248519],[3.125718,42.248705],[3.125461,42.248888],[3.12523,42.24869],[3.12439,42.247963],[3.124055,42.248193],[3.123724,42.248421],[3.125337,42.249812],[3.125543,42.249987],[3.128734,42.252686],[3.128559,42.252801],[3.128436,42.252696],[3.128341,42.252758],[3.128296,42.252718],[3.12839,42.252658],[3.128362,42.252634],[3.128437,42.252584],[3.125433,42.25005],[3.125233,42.249882],[3.123573,42.248517],[3.123239,42.248695],[3.122895,42.248824],[3.122721,42.248949],[3.124456,42.250391],[3.124652,42.250556],[3.127459,42.25292],[3.127536,42.25287],[3.127764,42.253072],[3.127834,42.253131],[3.127851,42.253119],[3.128147,42.253372],[3.128074,42.25342],[3.127939,42.253307],[3.127746,42.253433],[3.12786,42.25353],[3.127793,42.253577],[3.127465,42.253299],[3.127603,42.253209],[3.124552,42.250627],[3.124348,42.250457],[3.12365,42.249867],[3.122587,42.248977],[3.122511,42.248968],[3.122075,42.249074],[3.12155,42.249142],[3.121527,42.24919],[3.121533,42.249229],[3.123573,42.250968],[3.12377,42.251133],[3.126604,42.253527],[3.126693,42.253603],[3.126804,42.253696],[3.126627,42.253812],[3.126427,42.253644],[3.126496,42.253599],[3.126296,42.253429],[3.12618,42.253331],[3.126063,42.253233],[3.125864,42.253064],[3.125758,42.252975],[3.125694,42.252922],[3.125621,42.25297],[3.125592,42.252946],[3.125666,42.252898],[3.125551,42.2528],[3.125465,42.252727],[3.125265,42.252559],[3.125153,42.252464],[3.125065,42.252389],[3.124865,42.25222],[3.124665,42.252051],[3.124531,42.251938],[3.124397,42.251825],[3.124264,42.251712],[3.124164,42.251627],[3.124064,42.251543],[3.123963,42.251459],[3.123863,42.251375],[3.123662,42.251206],[3.123465,42.251039],[3.123367,42.250956],[3.123264,42.250869],[3.123153,42.250776],[3.123064,42.250701],[3.122964,42.250616],[3.122865,42.250532],[3.122753,42.250438],[3.122665,42.250364],[3.122565,42.250279],[3.122466,42.250194],[3.122362,42.250107],[3.122268,42.250028],[3.122158,42.249936],[3.122067,42.24986],[3.121866,42.249691],[3.121766,42.249607],[3.121665,42.249522],[3.121655,42.249513],[3.121646,42.249518],[3.121571,42.249567],[3.121541,42.249541],[3.121615,42.249492],[3.121623,42.249487],[3.121465,42.249353],[3.121331,42.24924],[3.121316,42.249228],[3.121299,42.249218],[3.121286,42.249211],[3.121272,42.249205],[3.121256,42.2492],[3.121241,42.249195],[3.121224,42.249192],[3.121206,42.24919],[3.121189,42.249189],[3.121171,42.249188],[3.121159,42.249189],[3.121147,42.24919],[3.121036,42.249205],[3.120892,42.249227],[3.120755,42.249249],[3.120609,42.249271],[3.120548,42.249281],[3.120471,42.249293],[3.120365,42.249311],[3.120354,42.249313],[3.120344,42.249314],[3.120241,42.249331],[3.120232,42.249333],[3.120223,42.249336],[3.120216,42.249339],[3.120208,42.249342],[3.120202,42.249346],[3.120196,42.24935],[3.120191,42.249355],[3.120187,42.249359],[3.120181,42.249368],[3.120177,42.249377],[3.120175,42.249386],[3.120175,42.249394],[3.120175,42.249399],[3.120177,42.249405],[3.120178,42.24941],[3.120181,42.249415],[3.120184,42.24942],[3.120187,42.249424],[3.120191,42.249429],[3.120196,42.249433],[3.120295,42.249518],[3.120354,42.249568],[3.120407,42.249614],[3.120457,42.249656],[3.120512,42.249703],[3.120563,42.249747],[3.120692,42.249856],[3.120889,42.250025],[3.120989,42.250109],[3.121091,42.250195],[3.121191,42.250279],[3.121291,42.250364],[3.121393,42.25045],[3.12149,42.250532],[3.121691,42.250701],[3.121805,42.250797],[3.121891,42.25087],[3.121991,42.250955],[3.122091,42.251039],[3.122331,42.251242],[3.122471,42.251151],[3.122392,42.251084],[3.122553,42.250979],[3.12283,42.251214],[3.122669,42.251318],[3.12251,42.251183],[3.122369,42.251275],[3.12269,42.251545],[3.122885,42.251706],[3.122985,42.251791],[3.123085,42.251875],[3.123166,42.251944],[3.123286,42.252045],[3.123397,42.25214],[3.123445,42.252181],[3.123531,42.252125],[3.123571,42.252159],[3.123485,42.252214],[3.123601,42.252313],[3.123686,42.252384],[3.123787,42.252469],[3.123887,42.252554],[3.124088,42.252723],[3.124289,42.252892],[3.124403,42.252988],[3.124489,42.253061],[3.12459,42.253146],[3.12469,42.253231],[3.12479,42.253315],[3.124889,42.2534],[3.125001,42.253495],[3.125089,42.25357],[3.125189,42.253655],[3.125405,42.253836],[3.125521,42.253934],[3.125641,42.254036],[3.125724,42.254105],[3.125797,42.254059],[3.126001,42.254225],[3.126017,42.254214],[3.126095,42.25428],[3.126131,42.254311],[3.126172,42.254345],[3.126212,42.254379],[3.126258,42.254417],[3.126229,42.254437],[3.126183,42.254467],[3.126138,42.254497],[3.12609,42.254529],[3.126042,42.25456],[3.125996,42.254591],[3.12595,42.254621],[3.125917,42.254643],[3.12587,42.254603],[3.12583,42.254569],[3.125789,42.254534],[3.125752,42.254503],[3.125674,42.254437],[3.125815,42.254345],[3.125702,42.25425],[3.125614,42.254175],[3.125483,42.254064],[3.125382,42.253979],[3.125268,42.253882],[3.125183,42.253811],[3.125073,42.253718],[3.124983,42.253642],[3.124866,42.253543],[3.124783,42.253473],[3.124699,42.253402],[3.124582,42.253304],[3.124468,42.253207],[3.124382,42.253134],[3.124262,42.253033],[3.124222,42.252999],[3.124174,42.25303],[3.124146,42.253007],[3.124194,42.252975],[3.124182,42.252965],[3.123982,42.252796],[3.123782,42.252627],[3.122787,42.251784],[3.122587,42.251616],[3.120018,42.249445],[3.119982,42.249418],[3.119951,42.249403],[3.119915,42.249399],[3.119414,42.249515],[3.119015,42.249628],[3.118989,42.249654],[3.118974,42.249701],[3.118991,42.249747],[3.11901,42.249766],[3.11906,42.249807],[3.121812,42.252124],[3.122006,42.252287],[3.125064,42.254868],[3.125192,42.254784],[3.125326,42.254897],[3.125463,42.254807],[3.125541,42.254873],[3.125494,42.254903],[3.125532,42.254935],[3.125491,42.254961],[3.1255,42.254969],[3.125314,42.255091],[3.125267,42.255052],[3.125173,42.255114],[3.125126,42.255144],[3.125159,42.255172],[3.125023,42.255262],[3.124984,42.255227],[3.12498,42.255229],[3.124768,42.255051],[3.124877,42.254981],[3.12466,42.254798],[3.124732,42.254751],[3.121902,42.25236],[3.121703,42.252191],[3.118814,42.249746],[3.118773,42.249728],[3.118734,42.249721],[3.118692,42.249722],[3.117764,42.250055],[3.117752,42.25009],[3.123385,42.25484],[3.123392,42.254845],[3.1234,42.254849],[3.123409,42.254852],[3.123419,42.254853],[3.123429,42.254853],[3.123439,42.254852],[3.123449,42.254849],[3.123458,42.254844],[3.123515,42.254807],[3.123754,42.255009],[3.123623,42.255098],[3.123766,42.25522],[3.124082,42.255178],[3.124126,42.255304],[3.124143,42.255334],[3.124148,42.255351],[3.123937,42.255383],[3.123944,42.255412],[3.123763,42.255439],[3.123613,42.255536],[3.12335,42.255311],[3.123408,42.255274],[3.1234,42.255267],[3.123144,42.255052],[3.123198,42.255015],[3.123204,42.25501],[3.123208,42.255004],[3.123211,42.254997],[3.123212,42.25499],[3.123211,42.254983],[3.123209,42.254977],[3.123206,42.254971],[3.123201,42.254965],[3.119852,42.252138],[3.119657,42.251974],[3.117732,42.250356],[3.117552,42.250205],[3.117524,42.250186],[3.117494,42.250179],[3.117461,42.250188],[3.11658,42.250613],[3.116563,42.250642],[3.116572,42.250673],[3.118788,42.252541],[3.118981,42.252704],[3.122292,42.255496],[3.122403,42.255441],[3.122612,42.255634],[3.122538,42.255692],[3.122694,42.255837],[3.12284,42.255767],[3.12294,42.255918],[3.122497,42.256073],[3.122382,42.256025],[3.12251,42.255941],[3.122364,42.255821],[3.122266,42.255883],[3.122028,42.255679],[3.122106,42.255614],[3.118802,42.252832],[3.118601,42.252664],[3.116367,42.250779],[3.116335,42.250768],[3.116297,42.25077],[3.115578,42.251219],[3.115451,42.251299],[3.11773,42.253232],[3.117925,42.253394],[3.120917,42.255935],[3.121061,42.2559],[3.121371,42.256199],[3.121459,42.256154],[3.121701,42.256366],[3.121644,42.256409],[3.121513,42.256421],[3.121094,42.256639],[3.120947,42.256515],[3.121002,42.256479],[3.120879,42.256371],[3.120941,42.256335],[3.120696,42.256129],[3.120771,42.256073],[3.117738,42.253519],[3.117546,42.253357],[3.115265,42.251426],[3.114402,42.252004],[3.116678,42.253925],[3.116862,42.254083],[3.119777,42.256513],[3.119853,42.256467],[3.12006,42.256649],[3.120067,42.256656],[3.120126,42.256625],[3.120412,42.256847],[3.120129,42.257025],[3.120095,42.256996],[3.119814,42.25717],[3.119695,42.257064],[3.119712,42.257052],[3.119652,42.256926],[3.1197,42.256896],[3.119692,42.256889],[3.119453,42.256676],[3.119507,42.256639],[3.119518,42.256606],[3.119506,42.256585],[3.116682,42.254209],[3.116491,42.254046],[3.114253,42.252157],[3.113836,42.252456],[3.113796,42.252485],[3.113756,42.25251],[3.11372,42.252534],[3.113697,42.252548],[3.113307,42.252839],[3.115511,42.254684],[3.115703,42.254849],[3.118447,42.257159],[3.118533,42.257102],[3.118792,42.257309],[3.118427,42.25754],[3.118171,42.257337],[3.118255,42.257291],[3.115519,42.25497],[3.115326,42.254807],[3.113116,42.252981],[3.113045,42.253034],[3.112378,42.253631],[3.114456,42.255373],[3.114651,42.255538],[3.117126,42.257625],[3.117229,42.257557],[3.117565,42.257866],[3.117288,42.258032],[3.117126,42.258145],[3.117028,42.258057],[3.117113,42.25799],[3.116852,42.257791],[3.116937,42.257734],[3.114464,42.25566],[3.114272,42.255497],[3.112217,42.253763],[3.111474,42.254439],[3.11417,42.256712],[3.114293,42.256667],[3.114538,42.25687],[3.114344,42.256997],[3.114176,42.257107],[3.113946,42.256931],[3.11401,42.256848],[3.111327,42.254591],[3.110897,42.254844],[3.1108,42.254899],[3.110709,42.254952],[3.11066,42.254978],[3.110606,42.254998],[3.110549,42.255012],[3.11049,42.25502],[3.110431,42.255017],[3.110375,42.255007],[3.110322,42.25499],[3.110271,42.254969],[3.109412,42.254505],[3.109367,42.254475],[3.109234,42.254399],[3.109212,42.254396],[3.108789,42.254134],[3.108017,42.253653],[3.106953,42.253006],[3.106947,42.253003],[3.106939,42.253003],[3.106924,42.253003],[3.106917,42.253004],[3.106912,42.253006],[3.106909,42.253009],[3.106908,42.253014],[3.106871,42.253016],[3.106255,42.253564],[3.106247,42.253574],[3.106243,42.253584],[3.10624,42.253595],[3.106241,42.253605],[3.106244,42.253615],[3.10625,42.253625],[3.106258,42.253633],[3.106266,42.25364],[3.107247,42.254246],[3.10634,42.255214],[3.106175,42.255391],[3.105723,42.25587],[3.105652,42.25594],[3.105617,42.255974],[3.105572,42.256005],[3.105516,42.256029],[3.105458,42.256046],[3.105397,42.256054],[3.105335,42.256055],[3.105282,42.256047],[3.105231,42.256036],[3.105182,42.256017],[3.105138,42.255994],[3.105097,42.255967],[3.105062,42.255934],[3.105034,42.255896],[3.105016,42.255854],[3.105005,42.255809],[3.105005,42.255764],[3.105024,42.255674],[3.105268,42.254527],[3.105313,42.254317],[3.105449,42.253676],[3.105805,42.253356],[3.105961,42.253453],[3.106018,42.253453],[3.106682,42.252853],[3.10669,42.25284],[3.106692,42.252824],[3.106686,42.252809],[3.106673,42.252796],[3.106178,42.25249],[3.106124,42.252538],[3.104789,42.25172],[3.10484,42.251675],[3.104419,42.251414],[3.104498,42.251341],[3.104578,42.251266],[3.104672,42.251073],[3.10468,42.251063],[3.104689,42.251054],[3.1047,42.251047],[3.104712,42.251042],[3.104726,42.25104],[3.104741,42.251042],[3.104756,42.251047],[3.104837,42.2511],[3.10463,42.251282],[3.104624,42.2513],[3.106826,42.252656],[3.106846,42.252665],[3.106867,42.252667],[3.106889,42.252663],[3.106907,42.252652],[3.106995,42.25258],[3.107076,42.252519],[3.107162,42.252462],[3.107251,42.252407],[3.107357,42.252351],[3.107452,42.252307],[3.107558,42.252264],[3.107751,42.252191],[3.107765,42.252184],[3.107778,42.252176],[3.107785,42.252164],[3.107787,42.252151],[3.107785,42.252139],[3.107778,42.252128],[3.107768,42.252119],[3.107756,42.252109],[3.104926,42.250371],[3.105005,42.250301],[3.105085,42.250229],[3.108083,42.252063],[3.108644,42.251859],[3.109011,42.251514],[3.105556,42.249405],[3.105631,42.249336],[3.105708,42.249265],[3.10917,42.251367],[3.109805,42.250674],[3.106287,42.248491],[3.106365,42.24842],[3.106443,42.24835],[3.109971,42.250508],[3.110671,42.249777],[3.108077,42.248173],[3.107884,42.247897],[3.10796,42.247579],[3.108281,42.247253],[3.108706,42.247019],[3.109796,42.246446],[3.109609,42.246215],[3.110219,42.245963],[3.110367,42.246175],[3.110506,42.246374],[3.110217,42.246512],[3.110337,42.246671],[3.11044,42.246626],[3.110795,42.247067],[3.11049,42.2472],[3.11056,42.247282],[3.110445,42.247333],[3.110365,42.247213],[3.110415,42.247176],[3.109951,42.246632],[3.108893,42.247143],[3.108488,42.247387],[3.10826,42.247614],[3.108185,42.247836],[3.108294,42.248029],[3.110154,42.249187],[3.110822,42.249612],[3.111161,42.249263],[3.111417,42.249066],[3.112152,42.248588],[3.113014,42.248236],[3.113749,42.247917],[3.113729,42.24789],[3.113573,42.247677],[3.114497,42.247232],[3.114696,42.247425],[3.11472,42.247448],[3.115263,42.247159],[3.115834,42.246815],[3.116473,42.246374],[3.117011,42.245939],[3.117027,42.245927],[3.117405,42.245569],[3.117087,42.245413],[3.117313,42.245211],[3.117534,42.245005],[3.117804,42.245179],[3.118076,42.244962],[3.118723,42.244596],[3.119282,42.244377],[3.120024,42.244233],[3.120733,42.244182],[3.120733,42.243908],[3.121038,42.243927],[3.12135,42.243946],[3.121651,42.243989],[3.121971,42.244051],[3.121884,42.244303],[3.122481,42.244493],[3.123301,42.244889],[3.123759,42.245256],[3.12415,42.245652],[3.124372,42.245891],[3.124458,42.245854],[3.124526,42.245926],[3.124504,42.245938],[3.124561,42.245994],[3.124478,42.246039],[3.124468,42.246045],[3.12462,42.246214],[3.124721,42.246328],[3.125365,42.246993],[3.12617,42.247683],[3.126279,42.247758],[3.126343,42.247766],[3.126651,42.247733],[3.127386,42.247659],[3.127421,42.247692],[3.12747,42.24773],[3.127701,42.247909],[3.127933,42.248087],[3.128045,42.248171],[3.12816,42.248271],[3.12838,42.248452],[3.128604,42.248641],[3.12878,42.248789],[3.128613,42.248938],[3.128547,42.249013],[3.128669,42.249228],[3.129036,42.2496],[3.129285,42.249782],[3.129371,42.249849],[3.129458,42.249916],[3.12958,42.250002],[3.129707,42.250087],[3.129835,42.250169],[3.129964,42.250246],[3.130063,42.250302],[3.130156,42.250353],[3.130251,42.250402],[3.130349,42.250451],[3.130449,42.250498],[3.130611,42.25057],[3.130792,42.250645],[3.130883,42.250511],[3.130774,42.250469],[3.130872,42.250325],[3.130882,42.250329],[3.130903,42.250297],[3.130886,42.250291],[3.130961,42.250178],[3.130977,42.250184],[3.131005,42.250142],[3.131015,42.250145],[3.131041,42.250104],[3.131176,42.249903],[3.131264,42.249935],[3.131467,42.249629],[3.131381,42.249596],[3.131541,42.249355],[3.131531,42.249351],[3.131788,42.248994],[3.131786,42.248993],[3.131817,42.248954],[3.131818,42.248955],[3.131849,42.248916],[3.13186,42.248903],[3.131874,42.248885],[3.131872,42.248885],[3.131897,42.248854],[3.131908,42.248859],[3.131933,42.248828],[3.131912,42.248819],[3.131936,42.248788],[3.131946,42.248792],[3.13197,42.248761],[3.131972,42.248761],[3.132163,42.248527],[3.132247,42.248565],[3.132454,42.248322],[3.132457,42.248317],[3.132457,42.248311],[3.132452,42.248274],[3.132362,42.248238],[3.132268,42.248196],[3.132236,42.248185],[3.132177,42.248189],[3.13217,42.24819],[3.132166,42.248193],[3.131849,42.248387],[3.13182,42.248401],[3.131792,42.248416],[3.131751,42.248435],[3.131708,42.248454],[3.131667,42.248469],[3.131626,42.248482],[3.131594,42.248492],[3.131578,42.248499],[3.131562,42.248507],[3.131546,42.248516],[3.13153,42.248526],[3.131511,42.24854],[3.131494,42.248554],[3.131476,42.248573],[3.131465,42.248588],[3.131451,42.248609],[3.131443,42.248627],[3.131437,42.248644],[3.131433,42.248657],[3.13143,42.248673],[3.131429,42.248686],[3.131144,42.249056],[3.131102,42.249041],[3.130667,42.24969],[3.130661,42.24969],[3.130624,42.24975],[3.130623,42.249754],[3.130626,42.249758],[3.130739,42.249816],[3.130742,42.249811],[3.130882,42.249881],[3.130709,42.250151],[3.130628,42.250112],[3.130576,42.250086],[3.130526,42.25006],[3.130474,42.250033],[3.130424,42.250006],[3.130276,42.249923],[3.130229,42.249896],[3.130181,42.249868],[3.130132,42.249837],[3.130038,42.249775],[3.129991,42.249743],[3.129944,42.249711],[3.129898,42.249679],[3.129855,42.249648],[3.129762,42.249579],[3.12966,42.249501],[3.129878,42.249352],[3.129871,42.249346],[3.130042,42.249219],[3.130054,42.24923],[3.130114,42.249187],[3.130339,42.249051],[3.130344,42.249037],[3.130556,42.248907],[3.130795,42.248761],[3.131011,42.248627],[3.131089,42.248578],[3.131102,42.248568],[3.131117,42.248554],[3.131127,42.248539],[3.131135,42.248525],[3.13114,42.248509],[3.131142,42.248498],[3.131142,42.24848],[3.13114,42.248464],[3.131134,42.248446],[3.131126,42.248432],[3.131111,42.24841],[3.131095,42.248395],[3.130995,42.248329],[3.130828,42.248218],[3.130614,42.24807],[3.130639,42.248053],[3.130604,42.248063],[3.130467,42.248164],[3.130341,42.248071],[3.13035,42.248064],[3.130306,42.248032],[3.130301,42.248035],[3.130254,42.248],[3.130249,42.248003],[3.130202,42.247968],[3.130214,42.24796],[3.130203,42.247952],[3.129974,42.247765],[3.129966,42.24777],[3.129942,42.247749],[3.13005,42.247689],[3.130051,42.247686],[3.130051,42.247683],[3.130028,42.247663],[3.130034,42.247659],[3.129732,42.247409],[3.129458,42.247172],[3.129455,42.247173],[3.129015,42.246776],[3.128772,42.24655],[3.12876,42.246547],[3.128752,42.24654],[3.12864,42.246605],[3.128569,42.24654],[3.128491,42.246467],[3.12842,42.246399],[3.128535,42.246335],[3.128524,42.246324],[3.128551,42.24631],[3.128544,42.246303],[3.128521,42.246317],[3.128291,42.246096],[3.128286,42.246098],[3.128045,42.245861],[3.128073,42.245845],[3.128058,42.245831],[3.127853,42.245938],[3.127503,42.245573],[3.127424,42.245488],[3.127533,42.245433],[3.127535,42.245423],[3.127536,42.24541],[3.127536,42.245394],[3.127534,42.245379],[3.12753,42.245363],[3.127524,42.245349],[3.127516,42.245334],[3.127507,42.245321],[3.127493,42.245306],[3.127475,42.245289],[3.127456,42.245276],[3.127434,42.245264],[3.127407,42.245253],[3.127377,42.245245],[3.127356,42.245242],[3.127241,42.2453],[3.127209,42.245265],[3.127218,42.24526],[3.127174,42.245215],[3.127165,42.24522],[3.127112,42.245165],[3.127738,42.244838],[3.128474,42.245621],[3.128732,42.245881],[3.128931,42.246085],[3.128776,42.246176],[3.128803,42.246199],[3.128925,42.246127],[3.128961,42.246163],[3.128837,42.246233],[3.128936,42.246325],[3.128951,42.246317],[3.129098,42.246453],[3.12924,42.246583],[3.129224,42.246593],[3.129286,42.246649],[3.129402,42.246583],[3.129436,42.246616],[3.129322,42.246681],[3.129338,42.246696],[3.129332,42.2467],[3.129475,42.24683],[3.12948,42.246826],[3.129493,42.246837],[3.129609,42.246774],[3.129633,42.246796],[3.129618,42.246804],[3.129657,42.24684],[3.129648,42.246845],[3.129687,42.24688],[3.129711,42.246865],[3.129765,42.246914],[3.129745,42.246925],[3.12979,42.246964],[3.129754,42.246984],[3.129768,42.246998],[3.129771,42.246996],[3.129814,42.247032],[3.129803,42.247039],[3.129842,42.247073],[3.129849,42.24707],[3.129881,42.247096],[3.129881,42.247107],[3.129887,42.247112],[3.129809,42.247161],[3.129821,42.24717],[3.129898,42.24712],[3.129932,42.247147],[3.129886,42.247177],[3.129895,42.247186],[3.1299,42.247184],[3.129903,42.247177],[3.129955,42.247166],[3.129969,42.247178],[3.130028,42.247309],[3.130078,42.247277],[3.130089,42.247287],[3.1301,42.247281],[3.130125,42.247304],[3.130069,42.247338],[3.130086,42.247353],[3.130199,42.247285],[3.130237,42.247318],[3.130123,42.247386],[3.130274,42.247504],[3.130451,42.2474],[3.130509,42.247455],[3.130352,42.247549],[3.130348,42.247557],[3.130349,42.247563],[3.130486,42.247669],[3.130566,42.247617],[3.130599,42.247645],[3.13052,42.247695],[3.130588,42.247754],[3.130689,42.247692],[3.13076,42.247755],[3.130669,42.247808],[3.130679,42.247817],[3.130724,42.24779],[3.130785,42.247774],[3.130816,42.247799],[3.130839,42.247813],[3.130832,42.247838],[3.130763,42.247879],[3.13077,42.247888],[3.130998,42.248049],[3.131021,42.248057],[3.131267,42.247916],[3.131312,42.24796],[3.1311,42.248078],[3.131089,42.248093],[3.131088,42.248105],[3.131174,42.248165],[3.131189,42.24817],[3.131201,42.248174],[3.131217,42.248176],[3.131235,42.248174],[3.13125,42.248169],[3.13126,42.248162],[3.131277,42.248153],[3.131323,42.248198],[3.131312,42.248204],[3.131304,42.248212],[3.1313,42.248225],[3.131302,42.248238],[3.131305,42.248251],[3.131314,42.248263],[3.131328,42.248269],[3.131362,42.24828],[3.131395,42.248287],[3.131426,42.248292],[3.131446,42.248293],[3.13147,42.248293],[3.131495,42.248291],[3.131532,42.248283],[3.131554,42.248278],[3.131572,42.248272],[3.131687,42.248205],[3.131784,42.248145],[3.132034,42.247989],[3.132045,42.247978],[3.132054,42.247967],[3.132059,42.247955],[3.132062,42.247944],[3.132062,42.247932],[3.132058,42.247921],[3.132051,42.247908],[3.132044,42.247899],[3.131754,42.247639],[3.131759,42.247635],[3.131289,42.247211],[3.131276,42.247211],[3.131233,42.247236],[3.1312,42.247204],[3.131245,42.247179],[3.131247,42.247175],[3.131224,42.247149],[3.131096,42.247227],[3.130982,42.247126],[3.131114,42.247051],[3.131042,42.246982],[3.131033,42.246982],[3.130884,42.247064],[3.13084,42.247021],[3.13099,42.246941],[3.130989,42.246935],[3.130862,42.246813],[3.130864,42.246811],[3.130692,42.246646],[3.130687,42.246648],[3.130434,42.246404],[3.130431,42.246404],[3.130309,42.246285],[3.130292,42.246265],[3.130298,42.246262],[3.130228,42.246194],[3.130091,42.246271],[3.130086,42.246266],[3.130077,42.246266],[3.130071,42.24627],[3.13005,42.24625],[3.13006,42.246244],[3.130056,42.246241],[3.130174,42.246173],[3.130183,42.246166],[3.130187,42.246158],[3.130044,42.246015],[3.130012,42.246016],[3.129881,42.246088],[3.129849,42.246089],[3.129829,42.246068],[3.129836,42.246048],[3.129975,42.245976],[3.129979,42.24595],[3.129969,42.245955],[3.129919,42.245903],[3.129749,42.245994],[3.12972,42.245982],[3.129677,42.245937],[3.129673,42.245914],[3.129845,42.245825],[3.129684,42.245661],[3.129549,42.245733],[3.129104,42.245281],[3.129097,42.245273],[3.129084,42.245281],[3.128837,42.24541],[3.128398,42.244946],[3.128538,42.244869],[3.128459,42.244788],[3.128937,42.244529],[3.129954,42.24556],[3.130393,42.245997],[3.130616,42.246217],[3.130628,42.246223],[3.130745,42.24618],[3.130837,42.246269],[3.130823,42.246305],[3.130742,42.246354],[3.13075,42.246361],[3.130843,42.246306],[3.130953,42.246416],[3.130863,42.246467],[3.130986,42.246582],[3.131092,42.246684],[3.131259,42.246844],[3.131268,42.246845],[3.131406,42.246763],[3.131446,42.246799],[3.131307,42.246884],[3.131321,42.246899],[3.131649,42.246707],[3.131664,42.246721],[3.131655,42.246727],[3.131669,42.24674],[3.131486,42.246845],[3.131514,42.246872],[3.131506,42.246877],[3.131513,42.246884],[3.131488,42.246897],[3.131513,42.246921],[3.131413,42.246984],[3.131429,42.246998],[3.131425,42.247001],[3.131532,42.247097],[3.131639,42.247032],[3.131773,42.24715],[3.131802,42.247139],[3.131892,42.247206],[3.131763,42.247284],[3.131776,42.247294],[3.131787,42.247303],[3.131941,42.247209],[3.132251,42.247495],[3.132294,42.247468],[3.1324,42.247563],[3.132209,42.247681],[3.132255,42.247723],[3.132356,42.247663],[3.132418,42.247715],[3.132497,42.247792],[3.132583,42.247874],[3.132551,42.247895],[3.132674,42.248003],[3.132678,42.248023],[3.132758,42.248],[3.133043,42.247712],[3.133036,42.247708],[3.133038,42.247706],[3.133363,42.247392],[3.133344,42.24738]],[[3.124501,42.247882],[3.124594,42.247817],[3.124599,42.247822],[3.124807,42.247681],[3.124805,42.247673],[3.125214,42.247395],[3.125219,42.247398],[3.12523,42.24739],[3.125226,42.247386],[3.125268,42.247357],[3.12528,42.247355],[3.125302,42.247348],[3.125323,42.247345],[3.125345,42.247343],[3.125366,42.247343],[3.125383,42.247344],[3.125403,42.247347],[3.125417,42.247355],[3.125728,42.24761],[3.125945,42.247847],[3.125732,42.24796],[3.125601,42.24794],[3.12546,42.247781],[3.125385,42.247719],[3.12495,42.248015],[3.125009,42.248065],[3.12505,42.248039],[3.125049,42.248036],[3.12505,42.248032],[3.125055,42.248026],[3.125062,42.248022],[3.125069,42.248021],[3.125076,42.248023],[3.125081,42.248025],[3.125113,42.248],[3.125332,42.248187],[3.125341,42.248187],[3.125395,42.248232],[3.12539,42.248235],[3.125508,42.248336],[3.125516,42.248336],[3.125564,42.248294],[3.125472,42.248218],[3.125663,42.248095],[3.125691,42.248118],[3.125718,42.248117],[3.125739,42.248122],[3.12576,42.248131],[3.125869,42.248193],[3.125903,42.24817],[3.125916,42.248116],[3.126078,42.248122],[3.126172,42.248201],[3.126082,42.24826],[3.126057,42.24824],[3.125991,42.248282],[3.126019,42.248304],[3.125953,42.248342],[3.125807,42.248446],[3.125748,42.248397],[3.125532,42.248541],[3.125557,42.248562],[3.125561,42.248558],[3.125582,42.248574],[3.125577,42.248577],[3.1256,42.248596],[3.125461,42.248688],[3.125363,42.248608],[3.124652,42.248009],[3.124501,42.247882]],[[3.125101,42.247202],[3.125124,42.247173],[3.125142,42.247139],[3.125131,42.2471],[3.124808,42.246773],[3.124777,42.246764],[3.124652,42.246828],[3.124615,42.246785],[3.124738,42.24673],[3.124745,42.246709],[3.124603,42.246555],[3.124566,42.246514],[3.124271,42.246192],[3.124118,42.246022],[3.124085,42.245985],[3.12398,42.24587],[3.123841,42.245716],[3.123701,42.245561],[3.123609,42.245471],[3.123518,42.245381],[3.123425,42.24529],[3.123323,42.245207],[3.123222,42.245139],[3.12304,42.245018],[3.122607,42.244794],[3.122347,42.244679],[3.12207,42.244592],[3.121796,42.244506],[3.121783,42.244511],[3.121761,42.244519],[3.12164,42.244808],[3.121345,42.244755],[3.121034,42.244719],[3.12073,42.244709],[3.12073,42.244427],[3.120725,42.244407],[3.120706,42.244402],[3.1207,42.244402],[3.120689,42.244402],[3.120529,42.244403],[3.120394,42.244411],[3.120226,42.244424],[3.120093,42.244438],[3.119797,42.244488],[3.119508,42.244554],[3.119232,42.244637],[3.118956,42.244738],[3.118771,42.244822],[3.118838,42.244899],[3.118797,42.244919],[3.118741,42.244854],[3.11871,42.244854],[3.118701,42.244859],[3.118567,42.244929],[3.118456,42.24499],[3.118325,42.245077],[3.118235,42.24514],[3.118032,42.245308],[3.11802,42.24532],[3.118019,42.245332],[3.118027,42.245344],[3.118321,42.245531],[3.118153,42.24568],[3.117999,42.245822],[3.117637,42.245678],[3.117628,42.245687],[3.11737,42.245911],[3.117279,42.245991],[3.116928,42.246287],[3.116735,42.24644],[3.116545,42.24658],[3.116354,42.246721],[3.116219,42.24682],[3.116165,42.246859],[3.115966,42.246989],[3.11577,42.247115],[3.115559,42.247242],[3.115349,42.247365],[3.115208,42.247448],[3.115141,42.247486],[3.115015,42.247558],[3.114883,42.247633],[3.114863,42.247645],[3.114887,42.24767],[3.115114,42.2479],[3.114704,42.248095],[3.114102,42.248384],[3.113907,42.24813],[3.113888,42.248109],[3.113406,42.248316],[3.112534,42.248678],[3.112116,42.248886],[3.111833,42.249061],[3.111444,42.249356],[3.111076,42.249733],[3.110626,42.250218],[3.110232,42.250624],[3.110219,42.250647],[3.110227,42.250671],[3.110256,42.250694],[3.112006,42.25177],[3.111919,42.251843],[3.11184,42.251908],[3.110095,42.250839],[3.11006,42.250835],[3.110036,42.25084],[3.110008,42.25086],[3.109412,42.251486],[3.109406,42.251508],[3.109415,42.251534],[3.109442,42.251557],[3.111062,42.252555],[3.110978,42.252627],[3.11089,42.252702],[3.109248,42.251672],[3.108969,42.251905],[3.108776,42.252013],[3.108358,42.252212],[3.110155,42.253361],[3.110083,42.253429],[3.110011,42.253498],[3.108112,42.252327],[3.108094,42.252321],[3.108077,42.252318],[3.108058,42.252317],[3.10804,42.252321],[3.107859,42.252383],[3.107637,42.252467],[3.107499,42.252528],[3.107353,42.252613],[3.107244,42.252688],[3.107119,42.252792],[3.107111,42.252806],[3.10711,42.25282],[3.107118,42.252833],[3.107132,42.252844],[3.107854,42.253284],[3.108686,42.2538],[3.10915,42.254077],[3.109369,42.254218],[3.109463,42.254267],[3.109559,42.254317],[3.109658,42.25437],[3.109727,42.254407],[3.109821,42.254457],[3.109948,42.254526],[3.110062,42.254589],[3.110187,42.254657],[3.110312,42.254726],[3.110429,42.25479],[3.11044,42.254794],[3.110451,42.254797],[3.110464,42.254799],[3.110477,42.254799],[3.110487,42.254798],[3.110498,42.254795],[3.110508,42.254792],[3.110517,42.254787],[3.110609,42.254735],[3.110741,42.25466],[3.110872,42.254585],[3.110995,42.2545],[3.111062,42.254454],[3.111072,42.254446],[3.11108,42.254436],[3.111084,42.254427],[3.111086,42.254417],[3.111086,42.254407],[3.111083,42.254397],[3.111078,42.254388],[3.11107,42.25438],[3.110975,42.254299],[3.110833,42.254179],[3.110694,42.25406],[3.11056,42.253946],[3.110401,42.25381],[3.11027,42.253698],[3.110345,42.253629],[3.110425,42.253555],[3.110446,42.253572],[3.110481,42.253601],[3.110516,42.25363],[3.110592,42.253693],[3.110694,42.25378],[3.110764,42.253838],[3.110832,42.253896],[3.110903,42.253955],[3.111,42.254037],[3.111234,42.254235],[3.111244,42.254242],[3.111256,42.254247],[3.111269,42.25425],[3.111283,42.254251],[3.111297,42.254249],[3.11131,42.254246],[3.111322,42.25424],[3.111332,42.254233],[3.111627,42.253954],[3.111986,42.253624],[3.11199,42.25362],[3.111994,42.253615],[3.111997,42.25361],[3.111998,42.253604],[3.111998,42.253598],[3.111997,42.253592],[3.111994,42.253586],[3.11199,42.253581],[3.111985,42.253576],[3.111804,42.253422],[3.111708,42.25334],[3.111636,42.253279],[3.111565,42.253218],[3.111494,42.253158],[3.111405,42.253082],[3.111326,42.253015],[3.111271,42.252968],[3.111218,42.252923],[3.111169,42.252881],[3.111249,42.252806],[3.111333,42.252737],[3.111486,42.252868],[3.111618,42.252979],[3.111749,42.253094],[3.111883,42.253208],[3.111979,42.253285],[3.112017,42.253317],[3.112056,42.253349],[3.112142,42.253418],[3.112148,42.253422],[3.112154,42.253425],[3.112163,42.253427],[3.112174,42.253428],[3.112184,42.253428],[3.112195,42.253427],[3.112204,42.253425],[3.112213,42.253422],[3.112219,42.253419],[3.112224,42.253416],[3.112374,42.253286],[3.112451,42.253219],[3.112537,42.253144],[3.112632,42.253065],[3.112722,42.252991],[3.112798,42.252928],[3.112913,42.252833],[3.112919,42.252827],[3.112923,42.25282],[3.112925,42.252813],[3.112926,42.252805],[3.112925,42.252797],[3.112922,42.252789],[3.112916,42.252782],[3.11291,42.252776],[3.112754,42.252643],[3.112734,42.252625],[3.112696,42.252648],[3.112463,42.252453],[3.112452,42.25246],[3.112308,42.252339],[3.112359,42.252305],[3.11235,42.252298],[3.112285,42.252242],[3.112261,42.252221],[3.112235,42.252199],[3.112232,42.252201],[3.112224,42.252195],[3.112228,42.252193],[3.112223,42.252189],[3.112195,42.252166],[3.112107,42.252088],[3.112184,42.252026],[3.112272,42.251957],[3.112337,42.252011],[3.112446,42.252102],[3.11255,42.252187],[3.112653,42.252271],[3.112742,42.252346],[3.112869,42.252452],[3.113085,42.252634],[3.113093,42.25264],[3.113103,42.252644],[3.11311,42.252646],[3.113118,42.252647],[3.113126,42.252648],[3.113135,42.252647],[3.113144,42.252646],[3.113152,42.252643],[3.11316,42.25264],[3.113167,42.252635],[3.113271,42.252552],[3.113402,42.252461],[3.113475,42.252416],[3.113506,42.252385],[3.113529,42.25237],[3.113564,42.252347],[3.113605,42.252321],[3.113634,42.252302],[3.114071,42.251971],[3.114103,42.251942],[3.114107,42.251928],[3.114089,42.251907],[3.11399,42.251826],[3.113978,42.251812],[3.113437,42.251769],[3.11301,42.25141],[3.113383,42.251149],[3.114214,42.25185],[3.114231,42.251858],[3.114249,42.251853],[3.115107,42.251252],[3.115127,42.251229],[3.115129,42.251211],[3.115114,42.251186],[3.114785,42.2509],[3.114724,42.25094],[3.114755,42.250964],[3.11417,42.251349],[3.11379,42.251033],[3.113819,42.251016],[3.114014,42.250909],[3.113967,42.250872],[3.114122,42.250774],[3.114161,42.250803],[3.114374,42.250675],[3.114225,42.250554],[3.114461,42.250409],[3.114951,42.250833],[3.114915,42.250856],[3.115212,42.251114],[3.115239,42.251127],[3.115275,42.251127],[3.115306,42.251113],[3.11559,42.250927],[3.116161,42.250578],[3.116193,42.250558],[3.116206,42.250543],[3.116201,42.250522],[3.11586,42.250236],[3.115804,42.250274],[3.115827,42.250294],[3.115444,42.250543],[3.115045,42.250191],[3.115198,42.250102],[3.115351,42.250228],[3.115569,42.250093],[3.115333,42.249911],[3.115557,42.249778],[3.116082,42.250215],[3.116053,42.250236],[3.116312,42.250456],[3.116331,42.250468],[3.116349,42.250473],[3.116379,42.25047],[3.116793,42.250257],[3.117357,42.249999],[3.117374,42.249978],[3.117384,42.249945],[3.117354,42.249914],[3.117284,42.249855],[3.117119,42.249718],[3.116463,42.250033],[3.116044,42.249692],[3.116178,42.249626],[3.11638,42.249527],[3.116587,42.249424],[3.116713,42.249362],[3.116908,42.249283],[3.117157,42.249182],[3.117388,42.249088],[3.117623,42.248993],[3.117737,42.248946],[3.117988,42.248845],[3.118165,42.248772],[3.118595,42.248598],[3.118965,42.248447],[3.119152,42.248371],[3.11923,42.24834],[3.119515,42.248794],[3.1184,42.249215],[3.117291,42.249628],[3.11728,42.249635],[3.117287,42.249646],[3.117356,42.249746],[3.117487,42.249865],[3.117528,42.249899],[3.117551,42.249908],[3.117587,42.249902],[3.117924,42.249764],[3.118831,42.24946],[3.119168,42.24936],[3.119531,42.249268],[3.119889,42.249186],[3.120202,42.249122],[3.120208,42.24912],[3.120214,42.249117],[3.120219,42.249114],[3.120223,42.24911],[3.120226,42.249105],[3.120228,42.2491],[3.120228,42.249095],[3.120228,42.249091],[3.120226,42.249086],[3.120196,42.249034],[3.120084,42.248996],[3.120064,42.248986],[3.120046,42.248973],[3.120029,42.248958],[3.120014,42.248941],[3.12,42.248922],[3.119988,42.2489],[3.119978,42.24888],[3.119971,42.248859],[3.119968,42.248841],[3.119966,42.248818],[3.119966,42.248797],[3.119967,42.248776],[3.119966,42.24876],[3.119965,42.248746],[3.119961,42.248715],[3.119956,42.248688],[3.119949,42.248663],[3.119936,42.248633],[3.119904,42.248572],[3.119881,42.248538],[3.119856,42.248505],[3.119827,42.248472],[3.119803,42.248447],[3.119773,42.248422],[3.119743,42.248397],[3.119687,42.248355],[3.119618,42.248305],[3.119597,42.248288],[3.119578,42.248271],[3.119561,42.248252],[3.119545,42.24823],[3.119531,42.248207],[3.119524,42.24819],[3.119517,42.248174],[3.119512,42.248159],[3.119509,42.248143],[3.119507,42.248127],[3.119505,42.248109],[3.119505,42.248092],[3.119508,42.248074],[3.119511,42.248056],[3.119515,42.248039],[3.11952,42.248024],[3.119526,42.24801],[3.119534,42.247995],[3.119543,42.247981],[3.119552,42.24797],[3.119562,42.247959],[3.119574,42.247948],[3.119587,42.247939],[3.119602,42.24793],[3.119621,42.247921],[3.119641,42.247913],[3.119663,42.247907],[3.119686,42.247901],[3.11971,42.247898],[3.119734,42.247897],[3.119755,42.247898],[3.119776,42.247901],[3.119797,42.247906],[3.119818,42.247912],[3.119835,42.247919],[3.119897,42.247951],[3.119998,42.248006],[3.120012,42.248015],[3.120021,42.248026],[3.12003,42.248037],[3.120035,42.248049],[3.120036,42.248063],[3.120034,42.248078],[3.120028,42.248091],[3.120019,42.248103],[3.11993,42.248195],[3.119916,42.248213],[3.119908,42.248232],[3.119903,42.248253],[3.119901,42.248277],[3.119902,42.248298],[3.119905,42.248316],[3.119912,42.248334],[3.119921,42.248351],[3.119934,42.248367],[3.119948,42.248381],[3.119963,42.248393],[3.119979,42.248404],[3.119996,42.248413],[3.120016,42.248422],[3.120035,42.248429],[3.120056,42.248434],[3.120077,42.248438],[3.120099,42.248442],[3.12023,42.248456],[3.120261,42.24846],[3.120291,42.248467],[3.120319,42.248478],[3.120344,42.24849],[3.120461,42.248674],[3.120462,42.248685],[3.120457,42.248695],[3.12045,42.248705],[3.120439,42.248712],[3.120423,42.248717],[3.120406,42.248716],[3.120392,42.248713],[3.12038,42.248706],[3.120205,42.248529],[3.120195,42.248521],[3.120183,42.248513],[3.120169,42.248505],[3.120154,42.248499],[3.120138,42.248496],[3.12012,42.248494],[3.1201,42.248494],[3.120082,42.248496],[3.120065,42.248502],[3.120052,42.248511],[3.120041,42.248522],[3.120035,42.248533],[3.120031,42.248545],[3.120029,42.248558],[3.12003,42.248571],[3.120033,42.248583],[3.120039,42.248594],[3.120052,42.248614],[3.120263,42.248827],[3.120271,42.248837],[3.120278,42.24885],[3.120283,42.248862],[3.120298,42.248964],[3.12031,42.249055],[3.120312,42.249066],[3.120315,42.249071],[3.12032,42.249076],[3.120325,42.249081],[3.120332,42.249085],[3.12034,42.249087],[3.120348,42.249089],[3.120357,42.249089],[3.120365,42.249089],[3.120689,42.249035],[3.121103,42.248977],[3.121053,42.248877],[3.121045,42.248861],[3.120927,42.248892],[3.120574,42.248148],[3.120509,42.248161],[3.120303,42.24773],[3.120727,42.247609],[3.121355,42.248882],[3.121232,42.248913],[3.121258,42.248967],[3.121373,42.248954],[3.121653,42.248917],[3.122018,42.248869],[3.122103,42.248844],[3.122126,42.24882],[3.122036,42.248637],[3.122018,42.248622],[3.122,42.248615],[3.121959,42.248618],[3.121705,42.24869],[3.121641,42.248568],[3.121779,42.248524],[3.121472,42.247896],[3.12126,42.247491],[3.121627,42.2474],[3.121768,42.247746],[3.121744,42.247754],[3.121872,42.248035],[3.121971,42.248209],[3.121979,42.248228],[3.122017,42.248225],[3.122336,42.248132],[3.122411,42.248325],[3.122428,42.248342],[3.122446,42.248344],[3.122688,42.248276],[3.122808,42.248384],[3.122179,42.248558],[3.122167,42.24857],[3.122164,42.248592],[3.122184,42.248638],[3.122256,42.248783],[3.122288,42.248804],[3.122342,42.248798],[3.122483,42.248759],[3.123097,42.248517],[3.123327,42.248397],[3.123406,42.248351],[3.123407,42.248339],[3.123344,42.248288],[3.123293,42.248317],[3.123193,42.248236],[3.123178,42.248249],[3.123115,42.248194],[3.123102,42.248202],[3.12277,42.247917],[3.122669,42.247975],[3.122628,42.247941],[3.122595,42.247957],[3.122584,42.247954],[3.122591,42.247886],[3.122634,42.24767],[3.122671,42.247673],[3.122679,42.247631],[3.122715,42.247634],[3.122723,42.247634],[3.122768,42.247638],[3.122765,42.24766],[3.122758,42.247709],[3.122762,42.247761],[3.122933,42.247775],[3.123474,42.248245],[3.123499,42.248252],[3.123535,42.248243],[3.123909,42.248005],[3.124535,42.247606],[3.125101,42.247202]]]},"properties":{"t":"relation","id":1991328,"kind":"harbour","name":"Canals d'Empuriabrava","name:ca":"Canals d'Empuriabrava","natural":"water","seamark:harbour:category":"marina","seamark:type":"harbour"}},{"type":"Feature","geometry":{"type":"Polygon","coordinates":[[[3.136745,42.481725],[3.136727,42.481717],[3.13631,42.48139],[3.135512,42.481426],[3.134592,42.481783],[3.134498,42.481818],[3.134478,42.481869],[3.134505,42.48191],[3.134493,42.481975],[3.134437,42.482023],[3.134349,42.482036],[3.13427,42.482011],[3.134222,42.481956],[3.134229,42.48189],[3.134289,42.48184],[3.134326,42.481833],[3.134358,42.481748],[3.13445,42.481671],[3.134895,42.481496],[3.134749,42.481289],[3.134779,42.481279],[3.134937,42.481495],[3.13521,42.481388],[3.135047,42.481175],[3.135073,42.481166],[3.13524,42.481377],[3.135442,42.481296],[3.135524,42.481294],[3.135343,42.481056],[3.135369,42.481045],[3.135563,42.481293],[3.135887,42.481287],[3.135663,42.480946],[3.13569,42.480937],[3.13593,42.481286],[3.136009,42.481283],[3.136573,42.480851],[3.136572,42.480832],[3.13617,42.480513],[3.135903,42.480617],[3.135739,42.480378],[3.135778,42.480362],[3.135744,42.480315],[3.135708,42.480328],[3.135661,42.480255],[3.135627,42.480269],[3.13557,42.480228],[3.135238,42.480169],[3.135635,42.480713],[3.135609,42.480725],[3.135191,42.480162],[3.13501,42.48015],[3.134776,42.480149],[3.135291,42.480847],[3.135259,42.480857],[3.134738,42.480152],[3.134536,42.480168],[3.134353,42.480192],[3.134228,42.480218],[3.134821,42.481028],[3.134796,42.48104],[3.134195,42.480226],[3.133705,42.480366],[3.134346,42.481241],[3.134319,42.481252],[3.133675,42.480376],[3.13328,42.480505],[3.133689,42.481065],[3.13366,42.481077],[3.133246,42.480516],[3.13304,42.480586],[3.133033,42.480599],[3.132939,42.480638],[3.133379,42.481237],[3.134026,42.481534],[3.134034,42.481569],[3.134014,42.481582],[3.133974,42.481591],[3.133869,42.481542],[3.133856,42.481564],[3.133822,42.481584],[3.133384,42.481369],[3.133325,42.481296],[3.132805,42.480555],[3.133197,42.480431],[3.133634,42.48029],[3.134383,42.480091],[3.134856,42.480061],[3.135293,42.480074],[3.135707,42.480164],[3.136386,42.480164],[3.136508,42.480334],[3.136865,42.480872],[3.136938,42.481552],[3.136745,42.481725]]]},"properties":{"t":"relation","id":2151649,"kind":"harbour","seamark:harbour:category":"marina","seamark:type":"harbour"}},{"type":"Feature","geometry":{"type":"Polygon","coordinates":[[[3.149421,42.259551],[3.149624,42.259669],[3.149911,42.259754],[3.149888,42.259778],[3.149769,42.259896],[3.149443,42.260262],[3.149525,42.260309],[3.149398,42.260437],[3.149303,42.26039],[3.149127,42.260567],[3.149154,42.260581],[3.149007,42.260725],[3.148945,42.260692],[3.148815,42.260815],[3.148846,42.260831],[3.148782,42.260908],[3.148762,42.261113],[3.148762,42.26114],[3.148688,42.261148],[3.14869,42.261169],[3.148664,42.261173],[3.14869,42.261262],[3.148705,42.261255],[3.148707,42.261261],[3.148793,42.261231],[3.148828,42.261282],[3.148859,42.261359],[3.148913,42.261458],[3.148843,42.261476],[3.148885,42.261573],[3.14894,42.26156],[3.149008,42.26171],[3.148952,42.261725],[3.148968,42.261757],[3.149048,42.261733],[3.149075,42.261784],[3.148996,42.261804],[3.149,42.261815],[3.149009,42.261814],[3.149069,42.261935],[3.149165,42.261908],[3.149178,42.261929],[3.149163,42.261935],[3.14929,42.262189],[3.149209,42.26221],[3.14921,42.262215],[3.149265,42.262201],[3.149278,42.262235],[3.149215,42.262251],[3.149299,42.262423],[3.14931,42.262421],[3.149324,42.262446],[3.149427,42.262423],[3.149436,42.262437],[3.149429,42.262439],[3.149412,42.262455],[3.149428,42.262482],[3.149351,42.262501],[3.14941,42.262617],[3.149493,42.2626],[3.149516,42.262642],[3.149433,42.262663],[3.149482,42.26276],[3.149505,42.2628],[3.149583,42.262778],[3.149604,42.262818],[3.149521,42.262839],[3.149593,42.262974],[3.149672,42.262953],[3.149689,42.262987],[3.149692,42.262994],[3.149611,42.263013],[3.149654,42.263099],[3.149678,42.263142],[3.149732,42.263126],[3.149751,42.263165],[3.149692,42.26318],[3.149724,42.26325],[3.14976,42.263306],[3.149857,42.263278],[3.14988,42.263332],[3.149782,42.263359],[3.149821,42.263441],[3.149897,42.263422],[3.149947,42.263525],[3.149973,42.263516],[3.150008,42.263506],[3.150069,42.263624],[3.150032,42.263651],[3.150015,42.263656],[3.150066,42.263753],[3.14999,42.263772],[3.150001,42.26379],[3.150069,42.263774],[3.150121,42.263852],[3.150171,42.263914],[3.150176,42.263912],[3.150188,42.263925],[3.150212,42.26395],[3.150327,42.264042],[3.150268,42.264081],[3.150345,42.264161],[3.150342,42.264163],[3.150433,42.264247],[3.15053,42.264322],[3.150557,42.264302],[3.150562,42.264308],[3.150588,42.26429],[3.150749,42.264425],[3.150885,42.264522],[3.150825,42.264563],[3.150954,42.264671],[3.151079,42.264593],[3.151277,42.264768],[3.151235,42.264797],[3.151266,42.264824],[3.151198,42.26487],[3.151268,42.264985],[3.151228,42.265061],[3.15121,42.265106],[3.151173,42.265137],[3.151149,42.265159],[3.15099,42.265033],[3.150917,42.265078],[3.150188,42.26643],[3.150112,42.266404],[3.150102,42.266418],[3.15008,42.266431],[3.150134,42.266483],[3.150112,42.266497],[3.150103,42.266489],[3.150052,42.266518],[3.150016,42.266532],[3.149947,42.266554],[3.14987,42.266576],[3.149819,42.266582],[3.149806,42.266557],[3.149767,42.266569],[3.149742,42.266532],[3.14967,42.266551],[3.149707,42.26662],[3.149676,42.266629],[3.149667,42.266616],[3.149593,42.266636],[3.149567,42.266571],[3.149468,42.266597],[3.14947,42.266602],[3.149453,42.266606],[3.14945,42.266598],[3.149338,42.266626],[3.149341,42.266634],[3.149335,42.266635],[3.149357,42.266691],[3.14926,42.266714],[3.149236,42.26666],[3.149167,42.266675],[3.14921,42.26675],[3.149129,42.266769],[3.149116,42.266743],[3.149011,42.266772],[3.148989,42.266723],[3.148972,42.266726],[3.148969,42.266719],[3.148738,42.266777],[3.14874,42.266782],[3.148705,42.26679],[3.148733,42.266841],[3.148664,42.26686],[3.148642,42.266811],[3.148652,42.266808],[3.148649,42.266802],[3.148496,42.266838],[3.1485,42.266843],[3.148479,42.266848],[3.148478,42.266844],[3.14825,42.266899],[3.148252,42.266904],[3.148225,42.266911],[3.148245,42.266963],[3.147835,42.267063],[3.147813,42.26701],[3.147516,42.267084],[3.147529,42.267116],[3.147031,42.267239],[3.147023,42.267222],[3.146902,42.267252],[3.146879,42.267246],[3.146863,42.26724],[3.146668,42.267171],[3.146611,42.267171],[3.146496,42.267086],[3.146403,42.267025],[3.146347,42.267071],[3.146301,42.267038],[3.146352,42.266994],[3.146098,42.266821],[3.14601,42.266893],[3.145846,42.266784],[3.145939,42.26671],[3.145929,42.266703],[3.145926,42.266705],[3.145915,42.2667],[3.145833,42.266767],[3.145813,42.266753],[3.145807,42.266713],[3.145793,42.266705],[3.145803,42.266691],[3.145784,42.266679],[3.145795,42.266671],[3.145698,42.266606],[3.145688,42.266615],[3.145675,42.266606],[3.145612,42.266661],[3.145579,42.266639],[3.145599,42.266624],[3.145167,42.266335],[3.145199,42.26631],[3.145119,42.266253],[3.145171,42.266211],[3.145163,42.266204],[3.145123,42.266235],[3.14486,42.266058],[3.144899,42.266024],[3.144835,42.26598],[3.14468,42.266109],[3.144648,42.266088],[3.144652,42.266084],[3.144608,42.266061],[3.144542,42.266039],[3.144479,42.266026],[3.144415,42.266016],[3.144346,42.266015],[3.144256,42.266027],[3.144176,42.266045],[3.144109,42.266071],[3.144065,42.266103],[3.143924,42.265984],[3.143868,42.266022],[3.143858,42.266014],[3.143695,42.266133],[3.143582,42.266208],[3.143604,42.266228],[3.143402,42.266363],[3.143445,42.2664],[3.143251,42.266528],[3.143248,42.266525],[3.143049,42.266658],[3.143054,42.266659],[3.143044,42.266668],[3.143036,42.266662],[3.143027,42.266667],[3.143023,42.266664],[3.14298,42.266694],[3.14297,42.266686],[3.142905,42.266729],[3.14293,42.266747],[3.142918,42.266756],[3.142894,42.266738],[3.14282,42.266788],[3.142834,42.266799],[3.142652,42.26692],[3.142658,42.266925],[3.142503,42.267026],[3.142508,42.267031],[3.142434,42.267079],[3.142425,42.267073],[3.142288,42.267168],[3.142295,42.267174],[3.142267,42.267196],[3.142249,42.267187],[3.142141,42.26726],[3.142117,42.267269],[3.141991,42.267237],[3.141892,42.267264],[3.141804,42.26729],[3.141747,42.267377],[3.14151,42.267375],[3.141509,42.267379],[3.141138,42.267381],[3.141137,42.267374],[3.1411,42.267375],[3.141099,42.267379],[3.141035,42.26738],[3.141035,42.267376],[3.140166,42.267377],[3.140166,42.267382],[3.139888,42.267385],[3.139888,42.267376],[3.139619,42.267381],[3.139618,42.267378],[3.139372,42.267378],[3.139371,42.267374],[3.139064,42.267374],[3.139059,42.267381],[3.139005,42.267381],[3.139005,42.267358],[3.138955,42.267358],[3.137772,42.267364],[3.137772,42.267402],[3.13776,42.267403],[3.137763,42.26743],[3.137358,42.267482],[3.137363,42.26749],[3.137338,42.267495],[3.13731,42.267502],[3.13729,42.267511],[3.137252,42.267533],[3.137183,42.267581],[3.137132,42.267546],[3.137009,42.26772],[3.13694,42.267722],[3.136913,42.267831],[3.136956,42.267956],[3.136998,42.268035],[3.13712,42.268148],[3.137316,42.268252],[3.13735,42.268214],[3.137787,42.268405],[3.137752,42.268449],[3.13792,42.268526],[3.137974,42.268467],[3.138158,42.268246],[3.139377,42.268823],[3.139187,42.269044],[3.139127,42.269114],[3.139243,42.269169],[3.139242,42.269172],[3.139343,42.26922],[3.139405,42.269147],[3.139595,42.26893],[3.140727,42.269471],[3.140539,42.269685],[3.140482,42.269751],[3.140491,42.269756],[3.140489,42.269758],[3.140705,42.269856],[3.140761,42.269788],[3.140962,42.269561],[3.142015,42.270069],[3.141823,42.270291],[3.141785,42.270332],[3.141852,42.270361],[3.141898,42.270378],[3.141959,42.270393],[3.142023,42.270405],[3.142088,42.270413],[3.14213,42.270414],[3.142197,42.270417],[3.142196,42.27031],[3.142307,42.270322],[3.142352,42.270325],[3.142396,42.270326],[3.142434,42.270325],[3.142571,42.270313],[3.142593,42.270351],[3.142659,42.270343],[3.14274,42.270332],[3.142823,42.270311],[3.142825,42.270314],[3.143032,42.270236],[3.143085,42.270302],[3.143189,42.270264],[3.143185,42.270256],[3.143255,42.270229],[3.143148,42.270088],[3.143191,42.270069],[3.14325,42.270035],[3.1433,42.269996],[3.143332,42.269966],[3.143367,42.269924],[3.143403,42.269852],[3.143416,42.269814],[3.143419,42.269793],[3.143421,42.269728],[3.143405,42.269656],[3.143397,42.269628],[3.143386,42.269607],[3.14336,42.269568],[3.143319,42.269524],[3.143246,42.269465],[3.143395,42.269342],[3.143347,42.269309],[3.14335,42.269307],[3.143295,42.26927],[3.14325,42.269303],[3.143216,42.269278],[3.143205,42.269285],[3.142837,42.269043],[3.142849,42.269034],[3.142771,42.268983],[3.142761,42.268992],[3.14179,42.268307],[3.141369,42.268326],[3.141284,42.268244],[3.14126,42.26779],[3.141636,42.26779],[3.141997,42.268035],[3.141953,42.268073],[3.142004,42.268107],[3.14207,42.268054],[3.142126,42.26809],[3.142059,42.268147],[3.142114,42.268182],[3.142159,42.268142],[3.142222,42.268183],[3.142222,42.268196],[3.142413,42.26832],[3.142422,42.268319],[3.142602,42.26844],[3.142595,42.268447],[3.14266,42.268488],[3.142663,42.268495],[3.142667,42.268499],[3.142674,42.268505],[3.142681,42.268506],[3.142687,42.268506],[3.142768,42.26856],[3.142769,42.268567],[3.142773,42.268571],[3.14278,42.268575],[3.142787,42.268577],[3.142795,42.268577],[3.142895,42.268645],[3.142902,42.268641],[3.143021,42.268719],[3.143013,42.268727],[3.143644,42.269134],[3.143689,42.26909],[3.143935,42.269287],[3.144118,42.269499],[3.144485,42.269556],[3.144473,42.269607],[3.14457,42.269622],[3.144521,42.269789],[3.144444,42.270064],[3.144399,42.27023],[3.144303,42.270216],[3.144283,42.27027],[3.143991,42.270223],[3.143948,42.270261],[3.143891,42.270306],[3.14379,42.270372],[3.143777,42.270361],[3.143567,42.270472],[3.143471,42.270507],[3.143428,42.270449],[3.143418,42.270453],[3.143399,42.270429],[3.143271,42.270484],[3.143267,42.270518],[3.143281,42.270634],[3.143209,42.27064],[3.143191,42.270538],[3.14312,42.270544],[3.143131,42.270686],[3.14306,42.270689],[3.143059,42.270682],[3.143048,42.270572],[3.143035,42.270572],[3.143043,42.270647],[3.142974,42.270652],[3.142976,42.270664],[3.142932,42.270668],[3.142933,42.270689],[3.142912,42.27069],[3.142898,42.27069],[3.142899,42.270677],[3.141943,42.270714],[3.141934,42.270643],[3.141551,42.270576],[3.137563,42.268694],[3.137529,42.268735],[3.136887,42.268453],[3.136782,42.26858],[3.13699,42.268673],[3.136961,42.268719],[3.13732,42.268948],[3.137438,42.269135],[3.13736,42.269197],[3.137544,42.269534],[3.13767,42.269534],[3.137491,42.270044],[3.137467,42.270126],[3.137478,42.270127],[3.137505,42.27008],[3.138277,42.270164],[3.138294,42.270368],[3.137656,42.270415],[3.137604,42.270455],[3.137409,42.27032],[3.137386,42.270341],[3.137576,42.270469],[3.137519,42.270512],[3.137339,42.27039],[3.137313,42.270406],[3.137466,42.270514],[3.137056,42.270808],[3.136899,42.270723],[3.136832,42.270777],[3.136666,42.270845],[3.136731,42.270904],[3.136221,42.271033],[3.136066,42.27117],[3.136009,42.271142],[3.136142,42.271007],[3.136111,42.271007],[3.136036,42.271075],[3.135642,42.271111],[3.13512,42.271158],[3.135108,42.271085],[3.134953,42.27109],[3.134959,42.271142],[3.134417,42.271313],[3.134372,42.27126],[3.134247,42.271324],[3.134237,42.271416],[3.134054,42.271426],[3.134055,42.271478],[3.133865,42.271506],[3.133713,42.271621],[3.133649,42.271591],[3.133545,42.271557],[3.133637,42.271508],[3.133723,42.271462],[3.133625,42.271389],[3.133697,42.271337],[3.134561,42.270706],[3.134603,42.270423],[3.134567,42.270283],[3.134455,42.270228],[3.134311,42.270223],[3.133921,42.270272],[3.133288,42.270257],[3.132855,42.270006],[3.132505,42.269935],[3.132277,42.269949],[3.132052,42.269998],[3.13199,42.269883],[3.131835,42.269911],[3.131732,42.269984],[3.131474,42.26999],[3.131239,42.270036],[3.131093,42.269879],[3.130968,42.269855],[3.130832,42.269721],[3.130703,42.269563],[3.130725,42.269479],[3.131082,42.269326],[3.13123,42.269391],[3.13116,42.269438],[3.131259,42.269549],[3.131244,42.269607],[3.131325,42.269656],[3.131583,42.269596],[3.131631,42.269647],[3.131899,42.269631],[3.131741,42.269547],[3.131561,42.269427],[3.131509,42.269296],[3.131403,42.26922],[3.131123,42.268632],[3.130891,42.268112],[3.130903,42.267938],[3.13092,42.267723],[3.130976,42.267589],[3.130769,42.267471],[3.130659,42.267446],[3.130555,42.267409],[3.130418,42.267407],[3.130329,42.267459],[3.130254,42.267479],[3.130252,42.267596],[3.130175,42.267614],[3.130084,42.26753],[3.129925,42.267499],[3.129848,42.267503],[3.129748,42.267464],[3.12959,42.267391],[3.129577,42.267268],[3.129558,42.267139],[3.129536,42.26673],[3.129503,42.266502],[3.129576,42.26639],[3.129736,42.266242],[3.129699,42.266073],[3.12937,42.26589],[3.129139,42.265698],[3.129858,42.26607],[3.129955,42.266215],[3.129913,42.266286],[3.129673,42.266512],[3.129729,42.266581],[3.129742,42.266639],[3.129899,42.266737],[3.12998,42.266997],[3.130264,42.267205],[3.130539,42.267233],[3.130674,42.267204],[3.130807,42.267265],[3.130926,42.267308],[3.131039,42.26732],[3.131193,42.267335],[3.131471,42.267269],[3.131636,42.267206],[3.131876,42.267157],[3.132021,42.267082],[3.132056,42.266981],[3.131981,42.266844],[3.131884,42.26671],[3.131864,42.266477],[3.131918,42.266321],[3.131979,42.266204],[3.132042,42.266082],[3.132128,42.26601],[3.132264,42.265959],[3.132589,42.26596],[3.133321,42.266355],[3.133899,42.266883],[3.13423,42.267089],[3.13437,42.267118],[3.134539,42.267281],[3.134668,42.267435],[3.134768,42.267646],[3.134743,42.267962],[3.134841,42.268084],[3.135073,42.268144],[3.135344,42.26814],[3.135748,42.268119],[3.135966,42.268077],[3.136137,42.267948],[3.136193,42.267665],[3.136462,42.267336],[3.136904,42.266974],[3.136165,42.265933],[3.136219,42.265875],[3.136292,42.265979],[3.136489,42.26623],[3.136975,42.266766],[3.137101,42.266905],[3.137149,42.266954],[3.13727,42.266968],[3.137396,42.266943],[3.137495,42.266919],[3.137645,42.266829],[3.137796,42.26676],[3.137822,42.266689],[3.137914,42.266641],[3.137922,42.266581],[3.13808,42.266464],[3.138115,42.266417],[3.138299,42.265665],[3.139292,42.265206],[3.140356,42.264904],[3.140812,42.264587],[3.141408,42.264392],[3.141901,42.264206],[3.142396,42.263727],[3.142474,42.263479],[3.141576,42.263381],[3.141316,42.26318],[3.141422,42.263002],[3.141801,42.263217],[3.142334,42.263284],[3.142768,42.263406],[3.143006,42.263351],[3.143267,42.262883],[3.142145,42.262535],[3.141885,42.262495],[3.14192,42.262399],[3.142043,42.262467],[3.143283,42.262792],[3.143644,42.262761],[3.143949,42.262653],[3.144493,42.262769],[3.144858,42.262633],[3.145093,42.262392],[3.145284,42.2623],[3.145417,42.262283],[3.145818,42.262096],[3.146047,42.261869],[3.146147,42.261693],[3.146604,42.26151],[3.146842,42.261435],[3.147048,42.261173],[3.147347,42.260897],[3.147345,42.260422],[3.147415,42.26017],[3.147617,42.259955],[3.148059,42.259631],[3.148222,42.259627],[3.148268,42.259625],[3.148318,42.259623],[3.148364,42.259623],[3.148409,42.259633],[3.148455,42.259636],[3.148505,42.259644],[3.148549,42.259655],[3.148593,42.259671],[3.148635,42.259687],[3.148677,42.259704],[3.148724,42.259718],[3.148765,42.259731],[3.14881,42.259744],[3.148849,42.259756],[3.148888,42.259773],[3.148903,42.259805],[3.148881,42.259838],[3.148854,42.259866],[3.148827,42.259893],[3.148795,42.25992],[3.148765,42.259949],[3.148758,42.259984],[3.14879,42.260009],[3.148837,42.260006],[3.148871,42.259986],[3.148915,42.259964],[3.148955,42.259942],[3.148989,42.259922],[3.149134,42.259771],[3.149421,42.259551]],[[3.141919,42.266988],[3.142033,42.266913],[3.142016,42.2669],[3.142035,42.266888],[3.14208,42.266923],[3.142088,42.266917],[3.142055,42.26689],[3.142402,42.266654],[3.142404,42.266655],[3.142767,42.266408],[3.142764,42.266405],[3.143122,42.266163],[3.143076,42.266126],[3.143106,42.266106],[3.143128,42.26609],[3.143164,42.266123],[3.143178,42.266113],[3.143187,42.266119],[3.143218,42.266099],[3.143222,42.266101],[3.143406,42.265976],[3.143409,42.265978],[3.143719,42.265772],[3.143762,42.265747],[3.143792,42.26573],[3.143814,42.265714],[3.143834,42.265695],[3.14385,42.265676],[3.14388,42.265633],[3.143897,42.26561],[3.143946,42.265617],[3.143961,42.265588],[3.143967,42.26556],[3.143969,42.265521],[3.14396,42.265486],[3.143935,42.265475],[3.143895,42.265477],[3.143839,42.265345],[3.14366,42.265257],[3.143673,42.265206],[3.143523,42.265188],[3.143384,42.265197],[3.143377,42.265202],[3.14339,42.26522],[3.143147,42.265314],[3.143131,42.265291],[3.143124,42.26529],[3.143095,42.265311],[3.143104,42.265318],[3.143089,42.265319],[3.143037,42.265368],[3.142997,42.265422],[3.142998,42.26544],[3.14303,42.265465],[3.142772,42.265641],[3.142767,42.265638],[3.141649,42.266404],[3.141614,42.266379],[3.141526,42.266363],[3.141311,42.266339],[3.141161,42.266365],[3.14116,42.266373],[3.141301,42.266372],[3.141301,42.266417],[3.14116,42.266419],[3.141153,42.266423],[3.141161,42.266425],[3.141292,42.266427],[3.141292,42.266466],[3.1412,42.266467],[3.141138,42.266508],[3.14057,42.26651],[3.14057,42.266519],[3.140557,42.266519],[3.140558,42.266513],[3.140522,42.266512],[3.140522,42.266452],[3.140512,42.266452],[3.140509,42.266514],[3.140046,42.266512],[3.140045,42.26652],[3.1394,42.266524],[3.139402,42.26652],[3.139265,42.266519],[3.139264,42.266453],[3.139205,42.266453],[3.139206,42.266409],[3.139113,42.2664],[3.139114,42.266394],[3.139,42.266385],[3.139,42.266337],[3.138936,42.266334],[3.138934,42.26639],[3.138929,42.266393],[3.13892,42.266394],[3.138918,42.266383],[3.13872,42.266423],[3.138612,42.266493],[3.138619,42.266501],[3.138598,42.266501],[3.138483,42.266658],[3.138418,42.266646],[3.138409,42.26665],[3.138383,42.266728],[3.138371,42.266734],[3.138364,42.266815],[3.138288,42.266832],[3.13828,42.266846],[3.138337,42.266962],[3.138256,42.266998],[3.13827,42.267015],[3.138366,42.266974],[3.138377,42.266988],[3.138441,42.267059],[3.138466,42.267075],[3.138485,42.267078],[3.13881,42.267078],[3.138811,42.267068],[3.138836,42.267067],[3.138835,42.267078],[3.138844,42.267078],[3.139971,42.267072],[3.139971,42.267065],[3.140007,42.267064],[3.140007,42.267072],[3.141639,42.267068],[3.141639,42.267126],[3.141714,42.267124],[3.141802,42.267088],[3.141895,42.267051],[3.141933,42.267028],[3.141887,42.266986],[3.141907,42.266976],[3.141919,42.266988]],[[3.141266,42.266258],[3.141173,42.266259],[3.141176,42.266227],[3.140038,42.266233],[3.140039,42.266267],[3.13941,42.266266],[3.139329,42.266117],[3.139322,42.266101],[3.139317,42.266085],[3.139315,42.266061],[3.139351,42.266069],[3.139362,42.26604],[3.139316,42.266029],[3.139318,42.266015],[3.139331,42.265977],[3.139345,42.265958],[3.139369,42.265963],[3.13955,42.265902],[3.139641,42.265872],[3.139691,42.265855],[3.139768,42.26583],[3.139911,42.265784],[3.139898,42.26576],[3.140069,42.265707],[3.140068,42.265704],[3.140205,42.265663],[3.140203,42.265659],[3.140404,42.265543],[3.140407,42.265545],[3.140466,42.265536],[3.14047,42.265564],[3.14067,42.265557],[3.140747,42.265534],[3.140753,42.265544],[3.140839,42.265521],[3.140868,42.265573],[3.140891,42.265596],[3.140914,42.265609],[3.140933,42.265617],[3.140963,42.265623],[3.140995,42.265624],[3.141027,42.265617],[3.141061,42.265605],[3.141084,42.265588],[3.141099,42.265569],[3.141107,42.265546],[3.141109,42.265522],[3.141103,42.265498],[3.141052,42.26541],[3.141045,42.265383],[3.141046,42.265365],[3.141055,42.265343],[3.141072,42.265319],[3.141095,42.2653],[3.141123,42.265286],[3.141157,42.265273],[3.141196,42.265267],[3.141224,42.26527],[3.141255,42.26528],[3.141285,42.265296],[3.141309,42.265318],[3.141349,42.265374],[3.141462,42.265343],[3.141385,42.265187],[3.141433,42.265166],[3.141431,42.265162],[3.141589,42.26511],[3.141599,42.265106],[3.141596,42.265098],[3.141748,42.265053],[3.141955,42.264996],[3.142206,42.264925],[3.142211,42.264936],[3.142225,42.264932],[3.142252,42.264988],[3.142296,42.264976],[3.142269,42.264922],[3.14228,42.264918],[3.142276,42.264909],[3.142381,42.264877],[3.142387,42.264885],[3.14249,42.264854],[3.142593,42.264823],[3.142657,42.264809],[3.142721,42.264807],[3.14279,42.264814],[3.142821,42.264821],[3.142899,42.264844],[3.142937,42.264862],[3.142971,42.264885],[3.142992,42.264918],[3.143001,42.264923],[3.142997,42.264929],[3.142982,42.264927],[3.142967,42.264938],[3.14297,42.264944],[3.142912,42.264965],[3.142908,42.264961],[3.142856,42.264977],[3.142868,42.264996],[3.142809,42.265015],[3.142828,42.265052],[3.142963,42.265008],[3.142959,42.265001],[3.143068,42.264961],[3.143073,42.264969],[3.143115,42.264957],[3.143118,42.264962],[3.143059,42.264981],[3.143066,42.26499],[3.143067,42.264993],[3.143089,42.264989],[3.143111,42.265104],[3.142993,42.265102],[3.142651,42.265335],[3.14236,42.265533],[3.14235,42.265526],[3.142326,42.265543],[3.142336,42.265552],[3.142097,42.265711],[3.141918,42.26583],[3.14191,42.265825],[3.141876,42.26585],[3.141868,42.265856],[3.141874,42.265861],[3.141724,42.265962],[3.141718,42.265956],[3.141667,42.26599],[3.141678,42.265999],[3.141509,42.266113],[3.141548,42.266145],[3.141495,42.26618],[3.141484,42.266172],[3.141443,42.266203],[3.141266,42.266258]],[[3.145297,42.263628],[3.145536,42.263787],[3.145467,42.263843],[3.145495,42.263864],[3.145528,42.263838],[3.145554,42.263857],[3.145592,42.263828],[3.145822,42.263981],[3.145817,42.263987],[3.145833,42.263994],[3.14585,42.264009],[3.145777,42.264056],[3.145811,42.264074],[3.145817,42.26407],[3.145847,42.264087],[3.145895,42.264046],[3.145891,42.264043],[3.145895,42.26404],[3.146025,42.264125],[3.146022,42.264139],[3.146035,42.264144],[3.14605,42.264144],[3.145984,42.264193],[3.146008,42.264213],[3.146018,42.264206],[3.146047,42.264223],[3.146099,42.26418],[3.146113,42.264176],[3.146216,42.264249],[3.146209,42.264255],[3.146234,42.264274],[3.146186,42.264319],[3.146242,42.264354],[3.146282,42.264314],[3.146391,42.264386],[3.1464,42.26438],[3.146411,42.26439],[3.14635,42.264437],[3.146517,42.264564],[3.146585,42.264512],[3.146609,42.26453],[3.146531,42.264587],[3.146589,42.264627],[3.146672,42.264563],[3.146753,42.264619],[3.146747,42.264624],[3.146772,42.264641],[3.14668,42.264719],[3.146714,42.264739],[3.146731,42.264725],[3.146751,42.264715],[3.147005,42.264884],[3.147064,42.264837],[3.14713,42.264876],[3.147089,42.264912],[3.147134,42.264943],[3.147159,42.264943],[3.147162,42.264968],[3.147194,42.264969],[3.147227,42.264989],[3.147228,42.264994],[3.147275,42.265002],[3.147273,42.265011],[3.147281,42.265011],[3.147489,42.265001],[3.147529,42.264999],[3.147612,42.26497],[3.147618,42.26498],[3.147624,42.26498],[3.147627,42.264985],[3.147648,42.264978],[3.147644,42.264972],[3.147668,42.264965],[3.147666,42.264958],[3.147936,42.264872],[3.147967,42.264925],[3.148004,42.26491],[3.147977,42.26486],[3.148174,42.264809],[3.148203,42.264866],[3.148276,42.264847],[3.148246,42.264791],[3.148264,42.264786],[3.148258,42.264778],[3.148284,42.264771],[3.148288,42.264779],[3.148341,42.264763],[3.148336,42.264755],[3.148376,42.264744],[3.148379,42.264752],[3.148392,42.264748],[3.14839,42.264745],[3.148431,42.264732],[3.148463,42.264786],[3.148519,42.26477],[3.14849,42.264716],[3.148679,42.26466],[3.148708,42.264713],[3.148765,42.264696],[3.148737,42.264643],[3.148905,42.264593],[3.148933,42.264643],[3.148991,42.264627],[3.149025,42.264617],[3.149022,42.264611],[3.149055,42.264602],[3.149058,42.264606],[3.149145,42.26458],[3.149118,42.264529],[3.14913,42.264526],[3.149127,42.264521],[3.149369,42.264446],[3.149373,42.264451],[3.149386,42.264447],[3.149401,42.264472],[3.149495,42.264443],[3.149512,42.264471],[3.149616,42.264436],[3.149589,42.264382],[3.149691,42.264351],[3.149705,42.264376],[3.149788,42.264356],[3.149763,42.26432],[3.149769,42.264319],[3.149762,42.264309],[3.149978,42.264249],[3.149994,42.264249],[3.150014,42.264257],[3.150035,42.264268],[3.150301,42.264477],[3.15029,42.264486],[3.150158,42.264563],[3.150154,42.264576],[3.150176,42.264592],[3.150235,42.264605],[3.150305,42.264555],[3.150392,42.264574],[3.150406,42.264566],[3.15066,42.264757],[3.150662,42.264798],[3.150558,42.265004],[3.150538,42.265029],[3.150516,42.265028],[3.150504,42.265033],[3.150492,42.265046],[3.150488,42.26507],[3.150492,42.265113],[3.150435,42.265221],[3.150368,42.265202],[3.150336,42.26526],[3.150354,42.265266],[3.150143,42.265683],[3.149971,42.265726],[3.149755,42.265347],[3.149789,42.265326],[3.149602,42.265005],[3.149548,42.264973],[3.149464,42.264998],[3.149434,42.26495],[3.148923,42.265104],[3.148948,42.265151],[3.149068,42.265233],[3.14911,42.265228],[3.149145,42.265293],[3.149179,42.265311],[3.149221,42.265317],[3.149334,42.265285],[3.149359,42.265333],[3.14941,42.265319],[3.149418,42.265333],[3.149479,42.265435],[3.149483,42.265468],[3.149479,42.265492],[3.149469,42.265519],[3.149446,42.265552],[3.149369,42.265613],[3.149406,42.265638],[3.149395,42.265647],[3.149475,42.265701],[3.149287,42.265851],[3.149189,42.265926],[3.149181,42.26592],[3.149171,42.265929],[3.148991,42.2658],[3.149002,42.265792],[3.14897,42.265769],[3.148962,42.26578],[3.148806,42.265676],[3.148829,42.265658],[3.148801,42.265638],[3.148776,42.265658],[3.148437,42.265428],[3.148445,42.265423],[3.148357,42.265362],[3.148345,42.265371],[3.148233,42.265294],[3.148243,42.265283],[3.148216,42.265264],[3.147991,42.265331],[3.147984,42.26535],[3.148,42.265363],[3.147977,42.265381],[3.148018,42.265407],[3.147948,42.265463],[3.147982,42.265485],[3.148025,42.265452],[3.148233,42.265592],[3.148174,42.265639],[3.148224,42.26567],[3.148271,42.26563],[3.148279,42.265635],[3.148284,42.26563],[3.148322,42.265657],[3.148308,42.26567],[3.148333,42.265687],[3.148349,42.265673],[3.148906,42.266057],[3.149128,42.266212],[3.149152,42.266239],[3.149164,42.266265],[3.149167,42.266301],[3.149104,42.266303],[3.149104,42.266328],[3.149099,42.26635],[3.149079,42.266379],[3.149056,42.266396],[3.149031,42.266412],[3.149012,42.266421],[3.148975,42.266434],[3.149005,42.266494],[3.149006,42.266501],[3.14876,42.266556],[3.148757,42.26655],[3.148563,42.266595],[3.148561,42.266587],[3.148444,42.266616],[3.148422,42.266565],[3.147925,42.266683],[3.147947,42.266737],[3.14791,42.266743],[3.147686,42.266794],[3.147426,42.266862],[3.147408,42.266814],[3.147303,42.266842],[3.147324,42.266887],[3.147238,42.266909],[3.147207,42.266832],[3.147173,42.266838],[3.147181,42.266857],[3.147142,42.266867],[3.147169,42.266923],[3.146972,42.266966],[3.146937,42.26698],[3.146911,42.266979],[3.146833,42.266975],[3.146751,42.26697],[3.146725,42.266968],[3.146688,42.266942],[3.146684,42.266944],[3.146513,42.266823],[3.146528,42.26681],[3.146535,42.266815],[3.146584,42.266776],[3.146556,42.266756],[3.146546,42.266751],[3.146536,42.266749],[3.146528,42.26675],[3.146517,42.266754],[3.146484,42.266785],[3.146449,42.266763],[3.146436,42.266773],[3.146257,42.266653],[3.14627,42.266641],[3.146232,42.266616],[3.146236,42.266614],[3.146248,42.26662],[3.146334,42.266543],[3.146311,42.26653],[3.14627,42.266562],[3.14624,42.266544],[3.14619,42.266591],[3.146068,42.266506],[3.146062,42.266511],[3.145871,42.266373],[3.145937,42.266318],[3.145906,42.266299],[3.145897,42.266306],[3.145866,42.266288],[3.145818,42.266332],[3.14549,42.26611],[3.145493,42.266096],[3.145516,42.266074],[3.145217,42.265861],[3.145199,42.26583],[3.145198,42.265814],[3.145199,42.265792],[3.145208,42.265772],[3.14522,42.265753],[3.145226,42.265752],[3.14523,42.265743],[3.145223,42.265741],[3.145246,42.265702],[3.145266,42.265691],[3.146037,42.265464],[3.146055,42.265495],[3.146843,42.26526],[3.146824,42.265228],[3.146833,42.265225],[3.146798,42.265187],[3.146544,42.265011],[3.1463,42.265088],[3.146309,42.265094],[3.146324,42.265121],[3.146246,42.265144],[3.146228,42.265107],[3.146047,42.26516],[3.146043,42.265151],[3.146013,42.26516],[3.146016,42.265169],[3.145835,42.265223],[3.145866,42.265272],[3.145795,42.265289],[3.145764,42.265232],[3.145717,42.265246],[3.145749,42.265303],[3.145555,42.265361],[3.145526,42.265313],[3.145394,42.265353],[3.145395,42.265356],[3.145076,42.265452],[3.145087,42.265478],[3.144921,42.265534],[3.144868,42.265548],[3.144813,42.265557],[3.14481,42.265563],[3.144804,42.265569],[3.144784,42.26557],[3.144748,42.265565],[3.14471,42.265556],[3.144664,42.265536],[3.144594,42.265498],[3.144551,42.265471],[3.144602,42.265428],[3.144512,42.265372],[3.144484,42.265396],[3.144291,42.265271],[3.14431,42.265253],[3.144309,42.265243],[3.144131,42.26513],[3.144127,42.265134],[3.144022,42.265064],[3.144026,42.265061],[3.143994,42.26504],[3.143981,42.265052],[3.143922,42.265014],[3.143954,42.264986],[3.143922,42.264965],[3.143855,42.265021],[3.143477,42.26478],[3.143433,42.264752],[3.143315,42.264671],[3.143295,42.264651],[3.143275,42.264621],[3.14326,42.264591],[3.143255,42.264569],[3.143258,42.264532],[3.143298,42.264449],[3.14333,42.264408],[3.143398,42.264379],[3.143403,42.264386],[3.143409,42.264382],[3.143437,42.264419],[3.143481,42.264402],[3.143484,42.264407],[3.143602,42.264363],[3.143598,42.264356],[3.143676,42.264327],[3.143682,42.264334],[3.14372,42.26432],[3.14371,42.264306],[3.143752,42.264291],[3.143761,42.264306],[3.143804,42.264289],[3.143801,42.264284],[3.143835,42.264272],[3.143839,42.264277],[3.144039,42.264204],[3.144002,42.264158],[3.144089,42.264127],[3.144091,42.264132],[3.14408,42.264136],[3.144114,42.264185],[3.144156,42.264169],[3.144168,42.264186],[3.144198,42.264173],[3.144147,42.264105],[3.144203,42.264084],[3.144202,42.26408],[3.144318,42.264035],[3.144359,42.264094],[3.144445,42.26406],[3.14441,42.264007],[3.144554,42.263955],[3.14461,42.264035],[3.144648,42.264018],[3.144637,42.264003],[3.144676,42.263987],[3.144686,42.264002],[3.144792,42.263957],[3.144744,42.263889],[3.144757,42.263883],[3.144751,42.263876],[3.144785,42.263862],[3.144819,42.263913],[3.14499,42.263847],[3.14494,42.263785],[3.145009,42.263758],[3.145048,42.263811],[3.14512,42.263782],[3.145077,42.26372],[3.145297,42.263628]],[[3.146045,42.263457],[3.145891,42.263272],[3.145947,42.263231],[3.146013,42.263183],[3.146074,42.263227],[3.146134,42.263182],[3.146074,42.263137],[3.146196,42.263053],[3.146205,42.263059],[3.146148,42.263099],[3.146192,42.263134],[3.146279,42.263074],[3.146304,42.26309],[3.146348,42.263058],[3.146272,42.263002],[3.146412,42.2629],[3.146456,42.262923],[3.14666,42.262778],[3.146624,42.262738],[3.146689,42.262693],[3.146726,42.262714],[3.146823,42.262647],[3.146794,42.262624],[3.146806,42.262616],[3.146803,42.262613],[3.146891,42.262554],[3.146886,42.262551],[3.147064,42.262423],[3.147105,42.262456],[3.147156,42.262419],[3.147247,42.262487],[3.147246,42.262454],[3.14714,42.262376],[3.147162,42.26236],[3.147183,42.262376],[3.147314,42.262282],[3.147291,42.262264],[3.147344,42.262234],[3.147377,42.262259],[3.147444,42.26222],[3.147493,42.262262],[3.147541,42.262233],[3.147575,42.26226],[3.147681,42.262194],[3.147754,42.262162],[3.147763,42.262158],[3.147829,42.262137],[3.147915,42.262113],[3.148015,42.262099],[3.14813,42.262098],[3.148228,42.262107],[3.148285,42.262119],[3.14832,42.262121],[3.148438,42.262154],[3.148506,42.262182],[3.148576,42.262221],[3.14864,42.262267],[3.14869,42.262309],[3.148696,42.262314],[3.148703,42.26232],[3.148733,42.26235],[3.14877,42.262393],[3.148807,42.262447],[3.148944,42.262409],[3.148949,42.262405],[3.14898,42.262395],[3.149,42.262431],[3.148992,42.262437],[3.148996,42.262444],[3.148991,42.262445],[3.149018,42.262498],[3.149024,42.262497],[3.149038,42.262522],[3.148949,42.262544],[3.148979,42.262601],[3.149061,42.262751],[3.149067,42.262763],[3.149124,42.262869],[3.149209,42.262847],[3.149225,42.262885],[3.149178,42.262898],[3.149202,42.262952],[3.149207,42.262951],[3.149209,42.262953],[3.149251,42.262941],[3.149253,42.262946],[3.149261,42.262944],[3.149311,42.263036],[3.149304,42.263038],[3.149318,42.263062],[3.149157,42.263105],[3.149171,42.263139],[3.149278,42.26311],[3.149339,42.263232],[3.14935,42.263229],[3.149374,42.263275],[3.149423,42.263263],[3.149499,42.26341],[3.149427,42.263431],[3.149453,42.263479],[3.149518,42.26346],[3.149514,42.26345],[3.14952,42.263449],[3.149584,42.263567],[3.149552,42.263575],[3.149612,42.263695],[3.149644,42.263686],[3.149659,42.263712],[3.149818,42.264012],[3.14982,42.26402],[3.149819,42.264029],[3.149816,42.264038],[3.149808,42.264049],[3.149796,42.264058],[3.149357,42.264204],[3.14932,42.264217],[3.149307,42.26419],[3.149119,42.264249],[3.149137,42.264281],[3.149125,42.264285],[3.149121,42.264277],[3.147563,42.26475],[3.14736,42.264701],[3.147375,42.264639],[3.147255,42.264551],[3.147161,42.264561],[3.147149,42.26457],[3.14714,42.264564],[3.147015,42.264479],[3.147071,42.264433],[3.147026,42.264405],[3.146977,42.264446],[3.146934,42.264417],[3.146989,42.264373],[3.146954,42.264348],[3.146898,42.264393],[3.14669,42.264255],[3.146693,42.264252],[3.146678,42.264243],[3.146672,42.264247],[3.146535,42.264158],[3.14654,42.264153],[3.146536,42.264151],[3.146543,42.264133],[3.146611,42.26408],[3.146571,42.264055],[3.146548,42.264076],[3.146351,42.263949],[3.146329,42.263969],[3.146307,42.263961],[3.146283,42.26398],[3.146276,42.263976],[3.146271,42.26398],[3.146209,42.26394],[3.14614,42.263894],[3.146143,42.263892],[3.146098,42.263862],[3.146094,42.263865],[3.145977,42.263787],[3.145982,42.263781],[3.145892,42.263727],[3.145875,42.263707],[3.145921,42.263675],[3.145828,42.26359],[3.145934,42.263532],[3.145922,42.26352],[3.146045,42.263457]],[[3.134366,42.2674],[3.134462,42.267465],[3.13448,42.267839],[3.134355,42.268083],[3.134656,42.268362],[3.135061,42.26843],[3.135333,42.268362],[3.135935,42.268444],[3.136297,42.268508],[3.136355,42.268601],[3.13677,42.26911],[3.137059,42.269382],[3.137192,42.269683],[3.137098,42.270372],[3.136551,42.270662],[3.135853,42.270855],[3.135323,42.270867],[3.135219,42.270807],[3.135109,42.270591],[3.135137,42.270281],[3.135109,42.270055],[3.134981,42.269978],[3.134342,42.269968],[3.133561,42.270019],[3.133223,42.269761],[3.132844,42.269657],[3.132546,42.269676],[3.132041,42.26951],[3.131868,42.269137],[3.131482,42.268339],[3.131265,42.267887],[3.131287,42.267726],[3.131372,42.267623],[3.131566,42.267564],[3.131693,42.26748],[3.131867,42.267456],[3.132008,42.26741],[3.132115,42.267362],[3.132204,42.26736],[3.132306,42.267302],[3.132345,42.267213],[3.132355,42.267107],[3.132249,42.266979],[3.132177,42.266911],[3.132126,42.266445],[3.132303,42.266243],[3.132512,42.266207],[3.132981,42.266395],[3.133702,42.266926],[3.134133,42.267263],[3.134366,42.2674]],[[3.130082,42.267411],[3.130122,42.267349],[3.129983,42.267311],[3.12988,42.267223],[3.12988,42.266929],[3.129847,42.266837],[3.129807,42.266795],[3.129762,42.26684],[3.1298,42.266972],[3.129787,42.267254],[3.129999,42.267402],[3.130082,42.267411]],[[3.142729,42.2639],[3.14275,42.263903],[3.142771,42.263897],[3.142799,42.263899],[3.142807,42.26388],[3.142828,42.263861],[3.142855,42.263858],[3.142878,42.263835],[3.142908,42.26382],[3.14293,42.263812],[3.142936,42.263803],[3.142925,42.263796],[3.142924,42.263782],[3.142911,42.263755],[3.142891,42.263753],[3.142892,42.263735],[3.142878,42.26372],[3.14285,42.263673],[3.142822,42.263637],[3.142795,42.263606],[3.142761,42.263591],[3.14273,42.263566],[3.142701,42.263561],[3.142686,42.263594],[3.142677,42.26362],[3.142659,42.26363],[3.142646,42.263655],[3.142644,42.263684],[3.142642,42.263728],[3.142645,42.263746],[3.14266,42.263773],[3.142673,42.263788],[3.14268,42.263796],[3.142701,42.263812],[3.142744,42.263819],[3.142756,42.263823],[3.14276,42.263844],[3.142743,42.263859],[3.142739,42.263873],[3.142727,42.263883],[3.142729,42.2639]]]},"properties":{"t":"relation","id":2375525,"kind":"harbour","natural":"water","seamark:harbour:category":"marina","seamark:type":"harbour"}},{"type":"Feature","geometry":{"type":"Polygon","coordinates":[[[2.760031,42.130843],[2.759966,42.130875],[2.759951,42.130882],[2.759543,42.130828],[2.75953,42.130192],[2.759927,42.130255],[2.759974,42.130301],[2.759945,42.130287],[2.759924,42.130286],[2.759926,42.130312],[2.759903,42.130339],[2.759901,42.130462],[2.759876,42.130487],[2.759863,42.130484],[2.759828,42.130484],[2.759823,42.130518],[2.759827,42.130567],[2.759846,42.130596],[2.75986,42.13066],[2.759913,42.130724],[2.759886,42.130817],[2.759916,42.13082],[2.759926,42.130825],[2.759936,42.13083],[2.75996,42.130841],[2.760031,42.130843]]]},"properties":{"t":"relation","id":5873721,"kind":"restricted-area","seamark:type":"restricted_area","sport":"swimming"}},{"type":"Feature","geometry":{"type":"Polygon","coordinates":[[[3.135838,42.245154],[3.136113,42.245404],[3.136412,42.245674],[3.136346,42.24566],[3.1363,42.245657],[3.136251,42.245676],[3.136189,42.245709],[3.136138,42.245756],[3.136134,42.245797],[3.136282,42.245964],[3.136337,42.246113],[3.136247,42.24637],[3.135941,42.246627],[3.135015,42.247362],[3.134583,42.247046],[3.134867,42.246814],[3.134883,42.246773],[3.134869,42.246724],[3.134817,42.246696],[3.134765,42.246692],[3.134703,42.246712],[3.134629,42.246756],[3.134545,42.246825],[3.13399,42.247287],[3.133705,42.247531],[3.133647,42.247565],[3.133334,42.247864],[3.132921,42.248293],[3.132737,42.248497],[3.132694,42.248546],[3.132684,42.24856],[3.132677,42.248574],[3.132671,42.248589],[3.132669,42.248602],[3.132669,42.248618],[3.13267,42.248634],[3.132674,42.248651],[3.132683,42.248672],[3.132692,42.248686],[3.13272,42.248714],[3.132777,42.248681],[3.132837,42.248732],[3.132795,42.248759],[3.132792,42.248764],[3.132792,42.24877],[3.132793,42.248773],[3.132797,42.248777],[3.132805,42.248781],[3.132812,42.248781],[3.132818,42.24878],[3.132996,42.248666],[3.132962,42.24863],[3.133096,42.248544],[3.133137,42.248579],[3.133246,42.248477],[3.133256,42.248471],[3.133078,42.248312],[3.133072,42.248315],[3.133028,42.248275],[3.133153,42.248146],[3.133629,42.248567],[3.133633,42.248565],[3.133796,42.248708],[3.13379,42.248713],[3.133919,42.24882],[3.133976,42.248874],[3.133982,42.248871],[3.134044,42.248926],[3.134054,42.24894],[3.134163,42.249033],[3.134067,42.249161],[3.13405,42.249162],[3.13396,42.249081],[3.133956,42.249084],[3.133941,42.249071],[3.133944,42.249068],[3.13365,42.248811],[3.133646,42.248813],[3.133621,42.248792],[3.133624,42.24879],[3.133372,42.24857],[3.133216,42.248639],[3.132937,42.248818],[3.133141,42.248994],[3.133267,42.249047],[3.133258,42.249052],[3.133292,42.249082],[3.133301,42.249077],[3.133477,42.249228],[3.133696,42.24942],[3.133606,42.249477],[3.133608,42.249478],[3.133603,42.249482],[3.133628,42.249502],[3.133633,42.249499],[3.133656,42.249519],[3.133636,42.249533],[3.133639,42.249536],[3.133612,42.249553],[3.133615,42.249555],[3.133569,42.249586],[3.133617,42.249631],[3.133574,42.249691],[3.133681,42.249731],[3.133284,42.250297],[3.133043,42.250201],[3.133037,42.250209],[3.132724,42.250639],[3.132709,42.250633],[3.132557,42.250841],[3.132478,42.25081],[3.132389,42.250937],[3.132172,42.250828],[3.131876,42.250678],[3.131983,42.250528],[3.132009,42.250491],[3.132035,42.250454],[3.132058,42.250422],[3.132081,42.250389],[3.132107,42.250353],[3.132132,42.250318],[3.132156,42.250284],[3.132174,42.250258],[3.132183,42.250247],[3.132209,42.25021],[3.132236,42.250174],[3.132262,42.250137],[3.132289,42.250101],[3.132312,42.250069],[3.132337,42.250034],[3.132363,42.249998],[3.132364,42.249997],[3.132389,42.24996],[3.132391,42.249958],[3.132418,42.24992],[3.132447,42.249881],[3.132475,42.249841],[3.13255,42.249871],[3.13258,42.249827],[3.132608,42.249789],[3.132609,42.249788],[3.132636,42.24975],[3.132662,42.249713],[3.132688,42.249676],[3.132714,42.249641],[3.132738,42.249608],[3.132764,42.249571],[3.13279,42.249535],[3.132816,42.249498],[3.132843,42.249462],[3.132869,42.249425],[3.132969,42.249286],[3.132944,42.249261],[3.13253,42.248905],[3.132582,42.248868],[3.132574,42.248861],[3.132561,42.248849],[3.132543,42.248839],[3.132527,42.248831],[3.132508,42.248825],[3.132488,42.248821],[3.132468,42.248817],[3.132408,42.248891],[3.132476,42.248923],[3.132273,42.249187],[3.132281,42.249191],[3.132037,42.249552],[3.132046,42.249556],[3.132053,42.249558],[3.132026,42.249594],[3.13203,42.249596],[3.131998,42.24964],[3.131994,42.249638],[3.131971,42.24967],[3.131975,42.249672],[3.131971,42.249678],[3.131966,42.249676],[3.131931,42.249722],[3.131938,42.249725],[3.131717,42.250047],[3.131701,42.25004],[3.131392,42.250498],[3.131322,42.250461],[3.131293,42.250495],[3.131088,42.250802],[3.131142,42.25083],[3.131341,42.250932],[3.131402,42.250965],[3.130938,42.251447],[3.130622,42.251328],[3.130435,42.251579],[3.130434,42.251583],[3.130435,42.251587],[3.130437,42.25159],[3.130881,42.251815],[3.130907,42.251796],[3.130922,42.251802],[3.130905,42.251827],[3.130918,42.251834],[3.13093,42.251825],[3.130953,42.251835],[3.130947,42.251849],[3.131285,42.252019],[3.131211,42.252103],[3.131207,42.252102],[3.131174,42.252126],[3.131111,42.252096],[3.131012,42.252199],[3.130947,42.252162],[3.130973,42.252136],[3.130825,42.25206],[3.130829,42.252056],[3.130781,42.252031],[3.130778,42.252035],[3.130645,42.251967],[3.130501,42.251895],[3.130495,42.251901],[3.130466,42.251884],[3.130462,42.251871],[3.13042,42.251852],[3.130426,42.251845],[3.130333,42.251801],[3.130327,42.251805],[3.130209,42.251742],[3.130191,42.251741],[3.129797,42.252001],[3.129797,42.252017],[3.129893,42.252093],[3.130101,42.252228],[3.1301,42.252247],[3.130291,42.252376],[3.130281,42.252385],[3.130281,42.252392],[3.130265,42.252406],[3.13034,42.252469],[3.130116,42.252613],[3.129915,42.252447],[3.129895,42.25246],[3.129877,42.252445],[3.129896,42.252432],[3.129844,42.25239],[3.129807,42.252414],[3.12978,42.252393],[3.129819,42.252367],[3.129708,42.252274],[3.129712,42.252265],[3.129709,42.252264],[3.129699,42.25227],[3.129686,42.252271],[3.129672,42.252268],[3.129671,42.252249],[3.129681,42.252241],[3.129677,42.252238],[3.129654,42.252256],[3.129578,42.252197],[3.129599,42.252182],[3.129457,42.252058],[3.129254,42.25189],[3.129025,42.251696],[3.129297,42.25152],[3.129469,42.251408],[3.129467,42.251406],[3.129564,42.251343],[3.129588,42.25136],[3.129873,42.251503],[3.130142,42.251623],[3.130168,42.251622],[3.1303,42.251533],[3.130492,42.251273],[3.130213,42.251145],[3.130157,42.251117],[3.12975,42.250909],[3.129725,42.250891],[3.129618,42.250827],[3.129372,42.250676],[3.129324,42.250648],[3.129165,42.250539],[3.129078,42.250479],[3.128943,42.250378],[3.128751,42.250229],[3.128592,42.250095],[3.128445,42.249964],[3.128361,42.249883],[3.128131,42.249648],[3.127967,42.249468],[3.127945,42.249469],[3.127933,42.24947],[3.12792,42.249474],[3.127545,42.249633],[3.127534,42.249642],[3.127527,42.249652],[3.127526,42.249657],[3.127525,42.249665],[3.127527,42.249671],[3.12753,42.249679],[3.127747,42.249902],[3.127735,42.250027],[3.128371,42.250564],[3.128416,42.250535],[3.128933,42.25097],[3.128743,42.251096],[3.128658,42.251018],[3.128366,42.251211],[3.127935,42.250847],[3.128007,42.250801],[3.127569,42.25043],[3.127565,42.250432],[3.127538,42.250407],[3.127546,42.250401],[3.127428,42.250301],[3.127358,42.250346],[3.127305,42.250302],[3.127296,42.250294],[3.127103,42.250414],[3.126164,42.249633],[3.12626,42.249566],[3.125744,42.249128],[3.126143,42.24886],[3.126338,42.24873],[3.127421,42.249569],[3.127896,42.249356],[3.127762,42.249186],[3.126891,42.248487],[3.126816,42.248528],[3.126433,42.248258],[3.126242,42.248377],[3.126,42.248519],[3.125718,42.248705],[3.125461,42.248888],[3.12523,42.24869],[3.12439,42.247963],[3.124055,42.248193],[3.123724,42.248421],[3.125337,42.249812],[3.125543,42.249987],[3.128734,42.252686],[3.128559,42.252801],[3.128436,42.252696],[3.128341,42.252758],[3.128296,42.252718],[3.12839,42.252658],[3.128362,42.252634],[3.128437,42.252584],[3.125433,42.25005],[3.125233,42.249882],[3.123573,42.248517],[3.123239,42.248695],[3.122895,42.248824],[3.122721,42.248949],[3.124456,42.250391],[3.124652,42.250556],[3.127459,42.25292],[3.127536,42.25287],[3.127764,42.253072],[3.127834,42.253131],[3.127851,42.253119],[3.128147,42.253372],[3.128074,42.25342],[3.127939,42.253307],[3.127746,42.253433],[3.12786,42.25353],[3.127793,42.253577],[3.127465,42.253299],[3.127603,42.253209],[3.124552,42.250627],[3.124348,42.250457],[3.12365,42.249867],[3.122587,42.248977],[3.122511,42.248968],[3.122075,42.249074],[3.12155,42.249142],[3.121527,42.24919],[3.121533,42.249229],[3.123573,42.250968],[3.12377,42.251133],[3.126604,42.253527],[3.126693,42.253603],[3.126804,42.253696],[3.126627,42.253812],[3.126427,42.253644],[3.126496,42.253599],[3.126296,42.253429],[3.12618,42.253331],[3.126063,42.253233],[3.125864,42.253064],[3.125758,42.252975],[3.125694,42.252922],[3.125621,42.25297],[3.125592,42.252946],[3.125666,42.252898],[3.125551,42.2528],[3.125465,42.252727],[3.125265,42.252559],[3.125153,42.252464],[3.125065,42.252389],[3.124865,42.25222],[3.124665,42.252051],[3.124531,42.251938],[3.124397,42.251825],[3.124264,42.251712],[3.124164,42.251627],[3.124064,42.251543],[3.123963,42.251459],[3.123863,42.251375],[3.123662,42.251206],[3.123465,42.251039],[3.123367,42.250956],[3.123264,42.250869],[3.123153,42.250776],[3.123064,42.250701],[3.122964,42.250616],[3.122865,42.250532],[3.122753,42.250438],[3.122665,42.250364],[3.122565,42.250279],[3.122466,42.250194],[3.122362,42.250107],[3.122268,42.250028],[3.122158,42.249936],[3.122067,42.24986],[3.121866,42.249691],[3.121766,42.249607],[3.121665,42.249522],[3.121655,42.249513],[3.121646,42.249518],[3.121571,42.249567],[3.121541,42.249541],[3.121615,42.249492],[3.121623,42.249487],[3.121465,42.249353],[3.121331,42.24924],[3.121316,42.249228],[3.121299,42.249218],[3.121286,42.249211],[3.121272,42.249205],[3.121256,42.2492],[3.121241,42.249195],[3.121224,42.249192],[3.121206,42.24919],[3.121189,42.249189],[3.121171,42.249188],[3.121159,42.249189],[3.121147,42.24919],[3.121036,42.249205],[3.120892,42.249227],[3.120755,42.249249],[3.120609,42.249271],[3.120548,42.249281],[3.120471,42.249293],[3.120365,42.249311],[3.120354,42.249313],[3.120344,42.249314],[3.120241,42.249331],[3.120232,42.249333],[3.120223,42.249336],[3.120216,42.249339],[3.120208,42.249342],[3.120202,42.249346],[3.120196,42.24935],[3.120191,42.249355],[3.120187,42.249359],[3.120181,42.249368],[3.120177,42.249377],[3.120175,42.249386],[3.120175,42.249394],[3.120175,42.249399],[3.120177,42.249405],[3.120178,42.24941],[3.120181,42.249415],[3.120184,42.24942],[3.120187,42.249424],[3.120191,42.249429],[3.120196,42.249433],[3.120295,42.249518],[3.120354,42.249568],[3.120407,42.249614],[3.120457,42.249656],[3.120512,42.249703],[3.120563,42.249747],[3.120692,42.249856],[3.120889,42.250025],[3.120989,42.250109],[3.121091,42.250195],[3.121191,42.250279],[3.121291,42.250364],[3.121393,42.25045],[3.12149,42.250532],[3.121691,42.250701],[3.121805,42.250797],[3.121891,42.25087],[3.121991,42.250955],[3.122091,42.251039],[3.122331,42.251242],[3.122471,42.251151],[3.122392,42.251084],[3.122553,42.250979],[3.12283,42.251214],[3.122669,42.251318],[3.12251,42.251183],[3.122369,42.251275],[3.12269,42.251545],[3.122885,42.251706],[3.122985,42.251791],[3.123085,42.251875],[3.123166,42.251944],[3.123286,42.252045],[3.123397,42.25214],[3.123445,42.252181],[3.123531,42.252125],[3.123571,42.252159],[3.123485,42.252214],[3.123601,42.252313],[3.123686,42.252384],[3.123787,42.252469],[3.123887,42.252554],[3.124088,42.252723],[3.124289,42.252892],[3.124403,42.252988],[3.124489,42.253061],[3.12459,42.253146],[3.12469,42.253231],[3.12479,42.253315],[3.124889,42.2534],[3.125001,42.253495],[3.125089,42.25357],[3.125189,42.253655],[3.125405,42.253836],[3.125521,42.253934],[3.125641,42.254036],[3.125724,42.254105],[3.125797,42.254059],[3.126001,42.254225],[3.126017,42.254214],[3.126095,42.25428],[3.126131,42.254311],[3.126172,42.254345],[3.126212,42.254379],[3.126258,42.254417],[3.126229,42.254437],[3.126183,42.254467],[3.126138,42.254497],[3.12609,42.254529],[3.126042,42.25456],[3.125996,42.254591],[3.12595,42.254621],[3.125917,42.254643],[3.12587,42.254603],[3.12583,42.254569],[3.125789,42.254534],[3.125752,42.254503],[3.125674,42.254437],[3.125815,42.254345],[3.125702,42.25425],[3.125614,42.254175],[3.125483,42.254064],[3.125382,42.253979],[3.125268,42.253882],[3.125183,42.253811],[3.125073,42.253718],[3.124983,42.253642],[3.124866,42.253543],[3.124783,42.253473],[3.124699,42.253402],[3.124582,42.253304],[3.124468,42.253207],[3.124382,42.253134],[3.124262,42.253033],[3.124222,42.252999],[3.124174,42.25303],[3.124146,42.253007],[3.124194,42.252975],[3.124182,42.252965],[3.123982,42.252796],[3.123782,42.252627],[3.122787,42.251784],[3.122587,42.251616],[3.120018,42.249445],[3.119982,42.249418],[3.119951,42.249403],[3.119915,42.249399],[3.119414,42.249515],[3.119015,42.249628],[3.118989,42.249654],[3.118974,42.249701],[3.118991,42.249747],[3.11901,42.249766],[3.11906,42.249807],[3.121812,42.252124],[3.122006,42.252287],[3.125064,42.254868],[3.125192,42.254784],[3.125326,42.254897],[3.125463,42.254807],[3.125541,42.254873],[3.125494,42.254903],[3.125532,42.254935],[3.125491,42.254961],[3.1255,42.254969],[3.125314,42.255091],[3.125267,42.255052],[3.125173,42.255114],[3.125126,42.255144],[3.125159,42.255172],[3.125023,42.255262],[3.124984,42.255227],[3.12498,42.255229],[3.124768,42.255051],[3.124877,42.254981],[3.12466,42.254798],[3.124732,42.254751],[3.121902,42.25236],[3.121703,42.252191],[3.118814,42.249746],[3.118773,42.249728],[3.118734,42.249721],[3.118692,42.249722],[3.117764,42.250055],[3.117752,42.25009],[3.123385,42.25484],[3.123392,42.254845],[3.1234,42.254849],[3.123409,42.254852],[3.123419,42.254853],[3.123429,42.254853],[3.123439,42.254852],[3.123449,42.254849],[3.123458,42.254844],[3.123515,42.254807],[3.123754,42.255009],[3.123623,42.255098],[3.123766,42.25522],[3.124082,42.255178],[3.124126,42.255304],[3.124143,42.255334],[3.124148,42.255351],[3.123937,42.255383],[3.123944,42.255412],[3.123763,42.255439],[3.123613,42.255536],[3.12335,42.255311],[3.123408,42.255274],[3.1234,42.255267],[3.123144,42.255052],[3.123198,42.255015],[3.123204,42.25501],[3.123208,42.255004],[3.123211,42.254997],[3.123212,42.25499],[3.123211,42.254983],[3.123209,42.254977],[3.123206,42.254971],[3.123201,42.254965],[3.119852,42.252138],[3.119657,42.251974],[3.117732,42.250356],[3.117552,42.250205],[3.117524,42.250186],[3.117494,42.250179],[3.117461,42.250188],[3.11658,42.250613],[3.116563,42.250642],[3.116572,42.250673],[3.118788,42.252541],[3.118981,42.252704],[3.122292,42.255496],[3.122403,42.255441],[3.122612,42.255634],[3.122538,42.255692],[3.122694,42.255837],[3.12284,42.255767],[3.12294,42.255918],[3.122497,42.256073],[3.122382,42.256025],[3.12251,42.255941],[3.122364,42.255821],[3.122266,42.255883],[3.122028,42.255679],[3.122106,42.255614],[3.118802,42.252832],[3.118601,42.252664],[3.116367,42.250779],[3.116335,42.250768],[3.116297,42.25077],[3.115578,42.251219],[3.115451,42.251299],[3.11773,42.253232],[3.117925,42.253394],[3.120917,42.255935],[3.121061,42.2559],[3.121371,42.256199],[3.121459,42.256154],[3.121701,42.256366],[3.121644,42.256409],[3.121513,42.256421],[3.121094,42.256639],[3.120947,42.256515],[3.121002,42.256479],[3.120879,42.256371],[3.120941,42.256335],[3.120696,42.256129],[3.120771,42.256073],[3.117738,42.253519],[3.117546,42.253357],[3.115265,42.251426],[3.114402,42.252004],[3.116678,42.253925],[3.116862,42.254083],[3.119777,42.256513],[3.119853,42.256467],[3.12006,42.256649],[3.120067,42.256656],[3.120126,42.256625],[3.120412,42.256847],[3.120129,42.257025],[3.120095,42.256996],[3.119814,42.25717],[3.119695,42.257064],[3.119712,42.257052],[3.119652,42.256926],[3.1197,42.256896],[3.119692,42.256889],[3.119453,42.256676],[3.119507,42.256639],[3.119518,42.256606],[3.119506,42.256585],[3.116682,42.254209],[3.116491,42.254046],[3.114253,42.252157],[3.113836,42.252456],[3.113796,42.252485],[3.113756,42.25251],[3.11372,42.252534],[3.113697,42.252548],[3.113307,42.252839],[3.115511,42.254684],[3.115703,42.254849],[3.118447,42.257159],[3.118533,42.257102],[3.118792,42.257309],[3.118427,42.25754],[3.118171,42.257337],[3.118255,42.257291],[3.115519,42.25497],[3.115326,42.254807],[3.113116,42.252981],[3.113045,42.253034],[3.112378,42.253631],[3.114456,42.255373],[3.114651,42.255538],[3.117126,42.257625],[3.117229,42.257557],[3.117565,42.257866],[3.117288,42.258032],[3.117126,42.258145],[3.117028,42.258057],[3.117113,42.25799],[3.116852,42.257791],[3.116937,42.257734],[3.114464,42.25566],[3.114272,42.255497],[3.112217,42.253763],[3.111474,42.254439],[3.11417,42.256712],[3.114293,42.256667],[3.114538,42.25687],[3.114344,42.256997],[3.114176,42.257107],[3.113946,42.256931],[3.11401,42.256848],[3.111327,42.254591],[3.110897,42.254844],[3.1108,42.254899],[3.110709,42.254952],[3.11066,42.254978],[3.110606,42.254998],[3.110549,42.255012],[3.11049,42.25502],[3.110431,42.255017],[3.110375,42.255007],[3.110322,42.25499],[3.110271,42.254969],[3.109412,42.254505],[3.109367,42.254475],[3.109234,42.254399],[3.109212,42.254396],[3.108789,42.254134],[3.108017,42.253653],[3.106953,42.253006],[3.106947,42.253003],[3.106939,42.253003],[3.106924,42.253003],[3.106917,42.253004],[3.106912,42.253006],[3.106909,42.253009],[3.106908,42.253014],[3.106871,42.253016],[3.106255,42.253564],[3.106247,42.253574],[3.106243,42.253584],[3.10624,42.253595],[3.106241,42.253605],[3.106244,42.253615],[3.10625,42.253625],[3.106258,42.253633],[3.106266,42.25364],[3.107247,42.254246],[3.10634,42.255214],[3.106175,42.255391],[3.105723,42.25587],[3.105652,42.25594],[3.105617,42.255974],[3.105572,42.256005],[3.105516,42.256029],[3.105458,42.256046],[3.105397,42.256054],[3.105335,42.256055],[3.105282,42.256047],[3.105231,42.256036],[3.105182,42.256017],[3.105138,42.255994],[3.105097,42.255967],[3.105062,42.255934],[3.105034,42.255896],[3.105016,42.255854],[3.105005,42.255809],[3.105005,42.255764],[3.105024,42.255674],[3.105268,42.254527],[3.105313,42.254317],[3.105449,42.253676],[3.105805,42.253356],[3.105961,42.253453],[3.106018,42.253453],[3.106682,42.252853],[3.10669,42.25284],[3.106692,42.252824],[3.106686,42.252809],[3.106673,42.252796],[3.106178,42.25249],[3.106124,42.252538],[3.104789,42.25172],[3.10484,42.251675],[3.104419,42.251414],[3.104498,42.251341],[3.104578,42.251266],[3.104672,42.251073],[3.10468,42.251063],[3.104689,42.251054],[3.1047,42.251047],[3.104712,42.251042],[3.104726,42.25104],[3.104741,42.251042],[3.104756,42.251047],[3.104837,42.2511],[3.10463,42.251282],[3.104624,42.2513],[3.106826,42.252656],[3.106846,42.252665],[3.106867,42.252667],[3.106889,42.252663],[3.106907,42.252652],[3.106995,42.25258],[3.107076,42.252519],[3.107162,42.252462],[3.107251,42.252407],[3.107357,42.252351],[3.107452,42.252307],[3.107558,42.252264],[3.107751,42.252191],[3.107765,42.252184],[3.107778,42.252176],[3.107785,42.252164],[3.107787,42.252151],[3.107785,42.252139],[3.107778,42.252128],[3.107768,42.252119],[3.107756,42.252109],[3.104926,42.250371],[3.105005,42.250301],[3.105085,42.250229],[3.108083,42.252063],[3.108644,42.251859],[3.109011,42.251514],[3.105556,42.249405],[3.105631,42.249336],[3.105708,42.249265],[3.10917,42.251367],[3.109805,42.250674],[3.106287,42.248491],[3.106365,42.24842],[3.106443,42.24835],[3.109971,42.250508],[3.110671,42.249777],[3.108077,42.248173],[3.107884,42.247897],[3.10796,42.247579],[3.108281,42.247253],[3.108706,42.247019],[3.109796,42.246446],[3.109609,42.246215],[3.110219,42.245963],[3.110367,42.246175],[3.110506,42.246374],[3.110217,42.246512],[3.110337,42.246671],[3.11044,42.246626],[3.110795,42.247067],[3.11049,42.2472],[3.11056,42.247282],[3.110445,42.247333],[3.110365,42.247213],[3.110415,42.247176],[3.109951,42.246632],[3.108893,42.247143],[3.108488,42.247387],[3.10826,42.247614],[3.108185,42.247836],[3.108294,42.248029],[3.110154,42.249187],[3.110822,42.249612],[3.111161,42.249263],[3.111417,42.249066],[3.112152,42.248588],[3.113014,42.248236],[3.113749,42.247917],[3.113729,42.24789],[3.113573,42.247677],[3.114497,42.247232],[3.114696,42.247425],[3.11472,42.247448],[3.115263,42.247159],[3.115834,42.246815],[3.116473,42.246374],[3.117011,42.245939],[3.117027,42.245927],[3.117405,42.245569],[3.117087,42.245413],[3.117313,42.245211],[3.117534,42.245005],[3.117804,42.245179],[3.118076,42.244962],[3.118723,42.244596],[3.119282,42.244377],[3.120024,42.244233],[3.120733,42.244182],[3.120733,42.243908],[3.121038,42.243927],[3.12135,42.243946],[3.121651,42.243989],[3.121971,42.244051],[3.121884,42.244303],[3.122481,42.244493],[3.123301,42.244889],[3.123759,42.245256],[3.12415,42.245652],[3.124372,42.245891],[3.124458,42.245854],[3.124526,42.245926],[3.124504,42.245938],[3.124561,42.245994],[3.124478,42.246039],[3.124468,42.246045],[3.12462,42.246214],[3.124721,42.246328],[3.125365,42.246993],[3.12617,42.247683],[3.126279,42.247758],[3.126343,42.247766],[3.126651,42.247733],[3.127386,42.247659],[3.127421,42.247692],[3.12747,42.24773],[3.127701,42.247909],[3.127933,42.248087],[3.128045,42.248171],[3.12816,42.248271],[3.12838,42.248452],[3.128604,42.248641],[3.12878,42.248789],[3.128613,42.248938],[3.128547,42.249013],[3.128669,42.249228],[3.129036,42.2496],[3.129285,42.249782],[3.129371,42.249849],[3.129458,42.249916],[3.12958,42.250002],[3.129707,42.250087],[3.129835,42.250169],[3.129964,42.250246],[3.130063,42.250302],[3.130156,42.250353],[3.130251,42.250402],[3.130349,42.250451],[3.130449,42.250498],[3.130611,42.25057],[3.130792,42.250645],[3.130883,42.250511],[3.130774,42.250469],[3.130872,42.250325],[3.130882,42.250329],[3.130903,42.250297],[3.130886,42.250291],[3.130961,42.250178],[3.130977,42.250184],[3.131005,42.250142],[3.131015,42.250145],[3.131041,42.250104],[3.131176,42.249903],[3.131264,42.249935],[3.131467,42.249629],[3.131381,42.249596],[3.131541,42.249355],[3.131531,42.249351],[3.131788,42.248994],[3.131786,42.248993],[3.131817,42.248954],[3.131818,42.248955],[3.131849,42.248916],[3.13186,42.248903],[3.131874,42.248885],[3.131872,42.248885],[3.131897,42.248854],[3.131908,42.248859],[3.131933,42.248828],[3.131912,42.248819],[3.131936,42.248788],[3.131946,42.248792],[3.13197,42.248761],[3.131972,42.248761],[3.132163,42.248527],[3.132247,42.248565],[3.132454,42.248322],[3.132457,42.248317],[3.132457,42.248311],[3.132452,42.248274],[3.132362,42.248238],[3.132268,42.248196],[3.132236,42.248185],[3.132177,42.248189],[3.13217,42.24819],[3.132166,42.248193],[3.131849,42.248387],[3.13182,42.248401],[3.131792,42.248416],[3.131751,42.248435],[3.131708,42.248454],[3.131667,42.248469],[3.131626,42.248482],[3.131594,42.248492],[3.131578,42.248499],[3.131562,42.248507],[3.131546,42.248516],[3.13153,42.248526],[3.131511,42.24854],[3.131494,42.248554],[3.131476,42.248573],[3.131465,42.248588],[3.131451,42.248609],[3.131443,42.248627],[3.131437,42.248644],[3.131433,42.248657],[3.13143,42.248673],[3.131429,42.248686],[3.131144,42.249056],[3.131102,42.249041],[3.130667,42.24969],[3.130661,42.24969],[3.130624,42.24975],[3.130623,42.249754],[3.130626,42.249758],[3.130739,42.249816],[3.130742,42.249811],[3.130882,42.249881],[3.130709,42.250151],[3.130628,42.250112],[3.130576,42.250086],[3.130526,42.25006],[3.130474,42.250033],[3.130424,42.250006],[3.130276,42.249923],[3.130229,42.249896],[3.130181,42.249868],[3.130132,42.249837],[3.130038,42.249775],[3.129991,42.249743],[3.129944,42.249711],[3.129898,42.249679],[3.129855,42.249648],[3.129762,42.249579],[3.12966,42.249501],[3.129878,42.249352],[3.129871,42.249346],[3.130042,42.249219],[3.130054,42.24923],[3.130114,42.249187],[3.130339,42.249051],[3.130344,42.249037],[3.130556,42.248907],[3.130795,42.248761],[3.131011,42.248627],[3.131089,42.248578],[3.131102,42.248568],[3.131117,42.248554],[3.131127,42.248539],[3.131135,42.248525],[3.13114,42.248509],[3.131142,42.248498],[3.131142,42.24848],[3.13114,42.248464],[3.131134,42.248446],[3.131126,42.248432],[3.131111,42.24841],[3.131095,42.248395],[3.130995,42.248329],[3.130828,42.248218],[3.130614,42.24807],[3.130639,42.248053],[3.130604,42.248063],[3.130467,42.248164],[3.130341,42.248071],[3.13035,42.248064],[3.130306,42.248032],[3.130301,42.248035],[3.130254,42.248],[3.130249,42.248003],[3.130202,42.247968],[3.130214,42.24796],[3.130203,42.247952],[3.129974,42.247765],[3.129966,42.24777],[3.129942,42.247749],[3.13005,42.247689],[3.130051,42.247686],[3.130051,42.247683],[3.130028,42.247663],[3.130034,42.247659],[3.129732,42.247409],[3.129458,42.247172],[3.129455,42.247173],[3.129015,42.246776],[3.128772,42.24655],[3.12876,42.246547],[3.128752,42.24654],[3.12864,42.246605],[3.128569,42.24654],[3.128491,42.246467],[3.12842,42.246399],[3.128535,42.246335],[3.128524,42.246324],[3.128551,42.24631],[3.128544,42.246303],[3.128521,42.246317],[3.128291,42.246096],[3.128286,42.246098],[3.128045,42.245861],[3.128073,42.245845],[3.128058,42.245831],[3.127853,42.245938],[3.127503,42.245573],[3.127424,42.245488],[3.127533,42.245433],[3.127535,42.245423],[3.127536,42.24541],[3.127536,42.245394],[3.127534,42.245379],[3.12753,42.245363],[3.127524,42.245349],[3.127516,42.245334],[3.127507,42.245321],[3.127493,42.245306],[3.127475,42.245289],[3.127456,42.245276],[3.127434,42.245264],[3.127407,42.245253],[3.127377,42.245245],[3.127356,42.245242],[3.127241,42.2453],[3.127209,42.245265],[3.127218,42.24526],[3.127174,42.245215],[3.127165,42.24522],[3.127112,42.245165],[3.127738,42.244838],[3.128474,42.245621],[3.128732,42.245881],[3.128931,42.246085],[3.128776,42.246176],[3.128803,42.246199],[3.128925,42.246127],[3.128961,42.246163],[3.128837,42.246233],[3.128936,42.246325],[3.128951,42.246317],[3.129098,42.246453],[3.12924,42.246583],[3.129224,42.246593],[3.129286,42.246649],[3.129402,42.246583],[3.129436,42.246616],[3.129322,42.246681],[3.129338,42.246696],[3.129332,42.2467],[3.129475,42.24683],[3.12948,42.246826],[3.129493,42.246837],[3.129609,42.246774],[3.129633,42.246796],[3.129618,42.246804],[3.129657,42.24684],[3.129648,42.246845],[3.129687,42.24688],[3.129711,42.246865],[3.129765,42.246914],[3.129745,42.246925],[3.12979,42.246964],[3.129754,42.246984],[3.129768,42.246998],[3.129771,42.246996],[3.129814,42.247032],[3.129803,42.247039],[3.129842,42.247073],[3.129849,42.24707],[3.129881,42.247096],[3.129881,42.247107],[3.129887,42.247112],[3.129809,42.247161],[3.129821,42.24717],[3.129898,42.24712],[3.129932,42.247147],[3.129886,42.247177],[3.129895,42.247186],[3.1299,42.247184],[3.129903,42.247177],[3.129955,42.247166],[3.129969,42.247178],[3.130028,42.247309],[3.130078,42.247277],[3.130089,42.247287],[3.1301,42.247281],[3.130125,42.247304],[3.130069,42.247338],[3.130086,42.247353],[3.130199,42.247285],[3.130237,42.247318],[3.130123,42.247386],[3.130274,42.247504],[3.130451,42.2474],[3.130509,42.247455],[3.130352,42.247549],[3.130348,42.247557],[3.130349,42.247563],[3.130486,42.247669],[3.130566,42.247617],[3.130599,42.247645],[3.13052,42.247695],[3.130588,42.247754],[3.130689,42.247692],[3.13076,42.247755],[3.130669,42.247808],[3.130679,42.247817],[3.130724,42.24779],[3.130785,42.247774],[3.130816,42.247799],[3.130839,42.247813],[3.130832,42.247838],[3.130763,42.247879],[3.13077,42.247888],[3.130998,42.248049],[3.131021,42.248057],[3.131267,42.247916],[3.131312,42.24796],[3.1311,42.248078],[3.131089,42.248093],[3.131088,42.248105],[3.131174,42.248165],[3.131189,42.24817],[3.131201,42.248174],[3.131217,42.248176],[3.131235,42.248174],[3.13125,42.248169],[3.13126,42.248162],[3.131277,42.248153],[3.131323,42.248198],[3.131312,42.248204],[3.131304,42.248212],[3.1313,42.248225],[3.131302,42.248238],[3.131305,42.248251],[3.131314,42.248263],[3.131328,42.248269],[3.131362,42.24828],[3.131395,42.248287],[3.131426,42.248292],[3.131446,42.248293],[3.13147,42.248293],[3.131495,42.248291],[3.131532,42.248283],[3.131554,42.248278],[3.131572,42.248272],[3.131687,42.248205],[3.131784,42.248145],[3.132034,42.247989],[3.132045,42.247978],[3.132054,42.247967],[3.132059,42.247955],[3.132062,42.247944],[3.132062,42.247932],[3.132058,42.247921],[3.132051,42.247908],[3.132044,42.247899],[3.131754,42.247639],[3.131759,42.247635],[3.131289,42.247211],[3.131276,42.247211],[3.131233,42.247236],[3.1312,42.247204],[3.131245,42.247179],[3.131247,42.247175],[3.131224,42.247149],[3.131096,42.247227],[3.130982,42.247126],[3.131114,42.247051],[3.131042,42.246982],[3.131033,42.246982],[3.130884,42.247064],[3.13084,42.247021],[3.13099,42.246941],[3.130989,42.246935],[3.130862,42.246813],[3.130864,42.246811],[3.130692,42.246646],[3.130687,42.246648],[3.130434,42.246404],[3.130431,42.246404],[3.130309,42.246285],[3.130292,42.246265],[3.130298,42.246262],[3.130228,42.246194],[3.130091,42.246271],[3.130086,42.246266],[3.130077,42.246266],[3.130071,42.24627],[3.13005,42.24625],[3.13006,42.246244],[3.130056,42.246241],[3.130174,42.246173],[3.130183,42.246166],[3.130187,42.246158],[3.130044,42.246015],[3.130012,42.246016],[3.129881,42.246088],[3.129849,42.246089],[3.129829,42.246068],[3.129836,42.246048],[3.129975,42.245976],[3.129979,42.24595],[3.129969,42.245955],[3.129919,42.245903],[3.129749,42.245994],[3.12972,42.245982],[3.129677,42.245937],[3.129673,42.245914],[3.129845,42.245825],[3.129684,42.245661],[3.129549,42.245733],[3.129104,42.245281],[3.129097,42.245273],[3.129084,42.245281],[3.128837,42.24541],[3.128398,42.244946],[3.128538,42.244869],[3.128459,42.244788],[3.128937,42.244529],[3.129954,42.24556],[3.130393,42.245997],[3.130616,42.246217],[3.130628,42.246223],[3.130745,42.24618],[3.130837,42.246269],[3.130823,42.246305],[3.130742,42.246354],[3.13075,42.246361],[3.130843,42.246306],[3.130953,42.246416],[3.130863,42.246467],[3.130986,42.246582],[3.131092,42.246684],[3.131259,42.246844],[3.131268,42.246845],[3.131406,42.246763],[3.131446,42.246799],[3.131307,42.246884],[3.131321,42.246899],[3.131649,42.246707],[3.131664,42.246721],[3.131655,42.246727],[3.131669,42.24674],[3.131486,42.246845],[3.131514,42.246872],[3.131506,42.246877],[3.131513,42.246884],[3.131488,42.246897],[3.131513,42.246921],[3.131413,42.246984],[3.131429,42.246998],[3.131425,42.247001],[3.131532,42.247097],[3.131639,42.247032],[3.131773,42.24715],[3.131802,42.247139],[3.131892,42.247206],[3.131763,42.247284],[3.131776,42.247294],[3.131787,42.247303],[3.131941,42.247209],[3.132251,42.247495],[3.132294,42.247468],[3.1324,42.247563],[3.132209,42.247681],[3.132255,42.247723],[3.132356,42.247663],[3.132418,42.247715],[3.132497,42.247792],[3.132583,42.247874],[3.132551,42.247895],[3.132674,42.248003],[3.132678,42.248023],[3.132758,42.248],[3.133043,42.247712],[3.133036,42.247708],[3.133038,42.247706],[3.133363,42.247392],[3.133344,42.24738],[3.134819,42.246113],[3.134834,42.246104],[3.134853,42.246097],[3.134867,42.246094],[3.134885,42.246093],[3.134898,42.246094],[3.134919,42.246099],[3.134937,42.246106],[3.135361,42.246381],[3.135411,42.246388],[3.135459,42.246385],[3.135499,42.246371],[3.135521,42.246333],[3.135532,42.246284],[3.135496,42.246235],[3.135102,42.245941],[3.135087,42.245912],[3.135105,42.245881],[3.135798,42.245267],[3.135848,42.245227],[3.135847,42.245188],[3.135838,42.245154]],[[3.125101,42.247202],[3.125124,42.247173],[3.125142,42.247139],[3.125131,42.2471],[3.124808,42.246773],[3.124777,42.246764],[3.124652,42.246828],[3.124615,42.246785],[3.124738,42.24673],[3.124745,42.246709],[3.124603,42.246555],[3.124566,42.246514],[3.124271,42.246192],[3.124118,42.246022],[3.124085,42.245985],[3.12398,42.24587],[3.123841,42.245716],[3.123701,42.245561],[3.123609,42.245471],[3.123518,42.245381],[3.123425,42.24529],[3.123323,42.245207],[3.123222,42.245139],[3.12304,42.245018],[3.122607,42.244794],[3.122347,42.244679],[3.12207,42.244592],[3.121796,42.244506],[3.121783,42.244511],[3.121761,42.244519],[3.12164,42.244808],[3.121345,42.244755],[3.121034,42.244719],[3.12073,42.244709],[3.12073,42.244427],[3.120725,42.244407],[3.120706,42.244402],[3.1207,42.244402],[3.120689,42.244402],[3.120529,42.244403],[3.120394,42.244411],[3.120226,42.244424],[3.120093,42.244438],[3.119797,42.244488],[3.119508,42.244554],[3.119232,42.244637],[3.118956,42.244738],[3.118771,42.244822],[3.118838,42.244899],[3.118797,42.244919],[3.118741,42.244854],[3.11871,42.244854],[3.118701,42.244859],[3.118567,42.244929],[3.118456,42.24499],[3.118325,42.245077],[3.118235,42.24514],[3.118032,42.245308],[3.11802,42.24532],[3.118019,42.245332],[3.118027,42.245344],[3.118321,42.245531],[3.118153,42.24568],[3.117999,42.245822],[3.117637,42.245678],[3.117628,42.245687],[3.11737,42.245911],[3.117279,42.245991],[3.116928,42.246287],[3.116735,42.24644],[3.116545,42.24658],[3.116354,42.246721],[3.116219,42.24682],[3.116165,42.246859],[3.115966,42.246989],[3.11577,42.247115],[3.115559,42.247242],[3.115349,42.247365],[3.115208,42.247448],[3.115141,42.247486],[3.115015,42.247558],[3.114883,42.247633],[3.114863,42.247645],[3.114887,42.24767],[3.115114,42.2479],[3.114704,42.248095],[3.114102,42.248384],[3.113907,42.24813],[3.113888,42.248109],[3.113406,42.248316],[3.112534,42.248678],[3.112116,42.248886],[3.111833,42.249061],[3.111444,42.249356],[3.111076,42.249733],[3.110626,42.250218],[3.110232,42.250624],[3.110219,42.250647],[3.110227,42.250671],[3.110256,42.250694],[3.112006,42.25177],[3.111919,42.251843],[3.11184,42.251908],[3.110095,42.250839],[3.11006,42.250835],[3.110036,42.25084],[3.110008,42.25086],[3.109412,42.251486],[3.109406,42.251508],[3.109415,42.251534],[3.109442,42.251557],[3.111062,42.252555],[3.110978,42.252627],[3.11089,42.252702],[3.109248,42.251672],[3.108969,42.251905],[3.108776,42.252013],[3.108358,42.252212],[3.110155,42.253361],[3.110083,42.253429],[3.110011,42.253498],[3.108112,42.252327],[3.108094,42.252321],[3.108077,42.252318],[3.108058,42.252317],[3.10804,42.252321],[3.107859,42.252383],[3.107637,42.252467],[3.107499,42.252528],[3.107353,42.252613],[3.107244,42.252688],[3.107119,42.252792],[3.107111,42.252806],[3.10711,42.25282],[3.107118,42.252833],[3.107132,42.252844],[3.107854,42.253284],[3.108686,42.2538],[3.10915,42.254077],[3.109369,42.254218],[3.109463,42.254267],[3.109559,42.254317],[3.109658,42.25437],[3.109727,42.254407],[3.109821,42.254457],[3.109948,42.254526],[3.110062,42.254589],[3.110187,42.254657],[3.110312,42.254726],[3.110429,42.25479],[3.11044,42.254794],[3.110451,42.254797],[3.110464,42.254799],[3.110477,42.254799],[3.110487,42.254798],[3.110498,42.254795],[3.110508,42.254792],[3.110517,42.254787],[3.110609,42.254735],[3.110741,42.25466],[3.110872,42.254585],[3.110995,42.2545],[3.111062,42.254454],[3.111072,42.254446],[3.11108,42.254436],[3.111084,42.254427],[3.111086,42.254417],[3.111086,42.254407],[3.111083,42.254397],[3.111078,42.254388],[3.11107,42.25438],[3.110975,42.254299],[3.110833,42.254179],[3.110694,42.25406],[3.11056,42.253946],[3.110401,42.25381],[3.11027,42.253698],[3.110345,42.253629],[3.110425,42.253555],[3.110446,42.253572],[3.110481,42.253601],[3.110516,42.25363],[3.110592,42.253693],[3.110694,42.25378],[3.110764,42.253838],[3.110832,42.253896],[3.110903,42.253955],[3.111,42.254037],[3.111234,42.254235],[3.111244,42.254242],[3.111256,42.254247],[3.111269,42.25425],[3.111283,42.254251],[3.111297,42.254249],[3.11131,42.254246],[3.111322,42.25424],[3.111332,42.254233],[3.111627,42.253954],[3.111986,42.253624],[3.11199,42.25362],[3.111994,42.253615],[3.111997,42.25361],[3.111998,42.253604],[3.111998,42.253598],[3.111997,42.253592],[3.111994,42.253586],[3.11199,42.253581],[3.111985,42.253576],[3.111804,42.253422],[3.111708,42.25334],[3.111636,42.253279],[3.111565,42.253218],[3.111494,42.253158],[3.111405,42.253082],[3.111326,42.253015],[3.111271,42.252968],[3.111218,42.252923],[3.111169,42.252881],[3.111249,42.252806],[3.111333,42.252737],[3.111486,42.252868],[3.111618,42.252979],[3.111749,42.253094],[3.111883,42.253208],[3.111979,42.253285],[3.112017,42.253317],[3.112056,42.253349],[3.112142,42.253418],[3.112148,42.253422],[3.112154,42.253425],[3.112163,42.253427],[3.112174,42.253428],[3.112184,42.253428],[3.112195,42.253427],[3.112204,42.253425],[3.112213,42.253422],[3.112219,42.253419],[3.112224,42.253416],[3.112374,42.253286],[3.112451,42.253219],[3.112537,42.253144],[3.112632,42.253065],[3.112722,42.252991],[3.112798,42.252928],[3.112913,42.252833],[3.112919,42.252827],[3.112923,42.25282],[3.112925,42.252813],[3.112926,42.252805],[3.112925,42.252797],[3.112922,42.252789],[3.112916,42.252782],[3.11291,42.252776],[3.112754,42.252643],[3.112734,42.252625],[3.112696,42.252648],[3.112463,42.252453],[3.112452,42.25246],[3.112308,42.252339],[3.112359,42.252305],[3.11235,42.252298],[3.112285,42.252242],[3.112261,42.252221],[3.112235,42.252199],[3.112232,42.252201],[3.112224,42.252195],[3.112228,42.252193],[3.112223,42.252189],[3.112195,42.252166],[3.112107,42.252088],[3.112184,42.252026],[3.112272,42.251957],[3.112337,42.252011],[3.112446,42.252102],[3.11255,42.252187],[3.112653,42.252271],[3.112742,42.252346],[3.112869,42.252452],[3.113085,42.252634],[3.113093,42.25264],[3.113103,42.252644],[3.11311,42.252646],[3.113118,42.252647],[3.113126,42.252648],[3.113135,42.252647],[3.113144,42.252646],[3.113152,42.252643],[3.11316,42.25264],[3.113167,42.252635],[3.113271,42.252552],[3.113402,42.252461],[3.113475,42.252416],[3.113506,42.252385],[3.113529,42.25237],[3.113564,42.252347],[3.113605,42.252321],[3.113634,42.252302],[3.114071,42.251971],[3.114103,42.251942],[3.114107,42.251928],[3.114089,42.251907],[3.11399,42.251826],[3.113978,42.251812],[3.113437,42.251769],[3.11301,42.25141],[3.113383,42.251149],[3.114214,42.25185],[3.114231,42.251858],[3.114249,42.251853],[3.115107,42.251252],[3.115127,42.251229],[3.115129,42.251211],[3.115114,42.251186],[3.114785,42.2509],[3.114724,42.25094],[3.114755,42.250964],[3.11417,42.251349],[3.11379,42.251033],[3.113819,42.251016],[3.114014,42.250909],[3.113967,42.250872],[3.114122,42.250774],[3.114161,42.250803],[3.114374,42.250675],[3.114225,42.250554],[3.114461,42.250409],[3.114951,42.250833],[3.114915,42.250856],[3.115212,42.251114],[3.115239,42.251127],[3.115275,42.251127],[3.115306,42.251113],[3.11559,42.250927],[3.116161,42.250578],[3.116193,42.250558],[3.116206,42.250543],[3.116201,42.250522],[3.11586,42.250236],[3.115804,42.250274],[3.115827,42.250294],[3.115444,42.250543],[3.115045,42.250191],[3.115198,42.250102],[3.115351,42.250228],[3.115569,42.250093],[3.115333,42.249911],[3.115557,42.249778],[3.116082,42.250215],[3.116053,42.250236],[3.116312,42.250456],[3.116331,42.250468],[3.116349,42.250473],[3.116379,42.25047],[3.116793,42.250257],[3.117357,42.249999],[3.117374,42.249978],[3.117384,42.249945],[3.117354,42.249914],[3.117284,42.249855],[3.117119,42.249718],[3.116463,42.250033],[3.116044,42.249692],[3.116178,42.249626],[3.11638,42.249527],[3.116587,42.249424],[3.116713,42.249362],[3.116908,42.249283],[3.117157,42.249182],[3.117388,42.249088],[3.117623,42.248993],[3.117737,42.248946],[3.117988,42.248845],[3.118165,42.248772],[3.118595,42.248598],[3.118965,42.248447],[3.119152,42.248371],[3.11923,42.24834],[3.119515,42.248794],[3.1184,42.249215],[3.117291,42.249628],[3.11728,42.249635],[3.117287,42.249646],[3.117356,42.249746],[3.117487,42.249865],[3.117528,42.249899],[3.117551,42.249908],[3.117587,42.249902],[3.117924,42.249764],[3.118831,42.24946],[3.119168,42.24936],[3.119531,42.249268],[3.119889,42.249186],[3.120202,42.249122],[3.120208,42.24912],[3.120214,42.249117],[3.120219,42.249114],[3.120223,42.24911],[3.120226,42.249105],[3.120228,42.2491],[3.120228,42.249095],[3.120228,42.249091],[3.120226,42.249086],[3.120196,42.249034],[3.120084,42.248996],[3.120064,42.248986],[3.120046,42.248973],[3.120029,42.248958],[3.120014,42.248941],[3.12,42.248922],[3.119988,42.2489],[3.119978,42.24888],[3.119971,42.248859],[3.119968,42.248841],[3.119966,42.248818],[3.119966,42.248797],[3.119967,42.248776],[3.119966,42.24876],[3.119965,42.248746],[3.119961,42.248715],[3.119956,42.248688],[3.119949,42.248663],[3.119936,42.248633],[3.119904,42.248572],[3.119881,42.248538],[3.119856,42.248505],[3.119827,42.248472],[3.119803,42.248447],[3.119773,42.248422],[3.119743,42.248397],[3.119687,42.248355],[3.119618,42.248305],[3.119597,42.248288],[3.119578,42.248271],[3.119561,42.248252],[3.119545,42.24823],[3.119531,42.248207],[3.119524,42.24819],[3.119517,42.248174],[3.119512,42.248159],[3.119509,42.248143],[3.119507,42.248127],[3.119505,42.248109],[3.119505,42.248092],[3.119508,42.248074],[3.119511,42.248056],[3.119515,42.248039],[3.11952,42.248024],[3.119526,42.24801],[3.119534,42.247995],[3.119543,42.247981],[3.119552,42.24797],[3.119562,42.247959],[3.119574,42.247948],[3.119587,42.247939],[3.119602,42.24793],[3.119621,42.247921],[3.119641,42.247913],[3.119663,42.247907],[3.119686,42.247901],[3.11971,42.247898],[3.119734,42.247897],[3.119755,42.247898],[3.119776,42.247901],[3.119797,42.247906],[3.119818,42.247912],[3.119835,42.247919],[3.119897,42.247951],[3.119998,42.248006],[3.120012,42.248015],[3.120021,42.248026],[3.12003,42.248037],[3.120035,42.248049],[3.120036,42.248063],[3.120034,42.248078],[3.120028,42.248091],[3.120019,42.248103],[3.11993,42.248195],[3.119916,42.248213],[3.119908,42.248232],[3.119903,42.248253],[3.119901,42.248277],[3.119902,42.248298],[3.119905,42.248316],[3.119912,42.248334],[3.119921,42.248351],[3.119934,42.248367],[3.119948,42.248381],[3.119963,42.248393],[3.119979,42.248404],[3.119996,42.248413],[3.120016,42.248422],[3.120035,42.248429],[3.120056,42.248434],[3.120077,42.248438],[3.120099,42.248442],[3.12023,42.248456],[3.120261,42.24846],[3.120291,42.248467],[3.120319,42.248478],[3.120344,42.24849],[3.120461,42.248674],[3.120462,42.248685],[3.120457,42.248695],[3.12045,42.248705],[3.120439,42.248712],[3.120423,42.248717],[3.120406,42.248716],[3.120392,42.248713],[3.12038,42.248706],[3.120205,42.248529],[3.120195,42.248521],[3.120183,42.248513],[3.120169,42.248505],[3.120154,42.248499],[3.120138,42.248496],[3.12012,42.248494],[3.1201,42.248494],[3.120082,42.248496],[3.120065,42.248502],[3.120052,42.248511],[3.120041,42.248522],[3.120035,42.248533],[3.120031,42.248545],[3.120029,42.248558],[3.12003,42.248571],[3.120033,42.248583],[3.120039,42.248594],[3.120052,42.248614],[3.120263,42.248827],[3.120271,42.248837],[3.120278,42.24885],[3.120283,42.248862],[3.120298,42.248964],[3.12031,42.249055],[3.120312,42.249066],[3.120315,42.249071],[3.12032,42.249076],[3.120325,42.249081],[3.120332,42.249085],[3.12034,42.249087],[3.120348,42.249089],[3.120357,42.249089],[3.120365,42.249089],[3.120689,42.249035],[3.121103,42.248977],[3.121053,42.248877],[3.121045,42.248861],[3.120927,42.248892],[3.120574,42.248148],[3.120509,42.248161],[3.120303,42.24773],[3.120727,42.247609],[3.121355,42.248882],[3.121232,42.248913],[3.121258,42.248967],[3.121373,42.248954],[3.121653,42.248917],[3.122018,42.248869],[3.122103,42.248844],[3.122126,42.24882],[3.122036,42.248637],[3.122018,42.248622],[3.122,42.248615],[3.121959,42.248618],[3.121705,42.24869],[3.121641,42.248568],[3.121779,42.248524],[3.121472,42.247896],[3.12126,42.247491],[3.121627,42.2474],[3.121768,42.247746],[3.121744,42.247754],[3.121872,42.248035],[3.121971,42.248209],[3.121979,42.248228],[3.122017,42.248225],[3.122336,42.248132],[3.122411,42.248325],[3.122428,42.248342],[3.122446,42.248344],[3.122688,42.248276],[3.122808,42.248384],[3.122179,42.248558],[3.122167,42.24857],[3.122164,42.248592],[3.122184,42.248638],[3.122256,42.248783],[3.122288,42.248804],[3.122342,42.248798],[3.122483,42.248759],[3.123097,42.248517],[3.123327,42.248397],[3.123406,42.248351],[3.123407,42.248339],[3.123344,42.248288],[3.123293,42.248317],[3.123193,42.248236],[3.123178,42.248249],[3.123115,42.248194],[3.123102,42.248202],[3.12277,42.247917],[3.122669,42.247975],[3.122628,42.247941],[3.122595,42.247957],[3.122584,42.247954],[3.122591,42.247886],[3.122634,42.24767],[3.122671,42.247673],[3.122679,42.247631],[3.122715,42.247634],[3.122723,42.247634],[3.122768,42.247638],[3.122765,42.24766],[3.122758,42.247709],[3.122762,42.247761],[3.122933,42.247775],[3.123474,42.248245],[3.123499,42.248252],[3.123535,42.248243],[3.123909,42.248005],[3.124535,42.247606],[3.125101,42.247202]]]},"properties":{"t":"relation","id":5928657,"kind":"harbour","name":"Marina Residencial D'Empuriabrava","name:ca":"Marina Residencial D'Empuriabrava","seamark:harbour:category":"marina","seamark:type":"harbour"}},{"type":"Feature","geometry":{"type":"Polygon","coordinates":[[[2.308327,41.476351],[2.308402,41.476207],[2.308382,41.476164],[2.308358,41.47612],[2.308241,41.475858],[2.308453,41.475356],[2.308567,41.475087],[2.308781,41.47454],[2.308773,41.474367],[2.308919,41.474219],[2.309108,41.474135],[2.310992,41.473542],[2.311029,41.473467],[2.311139,41.473402],[2.311497,41.473434],[2.312044,41.473519],[2.312433,41.473619],[2.31281,41.473773],[2.313157,41.474016],[2.313453,41.474309],[2.313747,41.474619],[2.313997,41.474894],[2.314283,41.475118],[2.31481,41.475303],[2.316136,41.475689],[2.316509,41.475854],[2.31658,41.47592],[2.316841,41.47632],[2.31698,41.477039],[2.317017,41.477336],[2.316738,41.478002],[2.316692,41.478281],[2.316211,41.478173],[2.315863,41.478093],[2.314751,41.477839],[2.313658,41.477535],[2.312085,41.47717],[2.309313,41.476534],[2.308849,41.476453],[2.308327,41.476351]]]},"properties":{"t":"relation","id":7301845,"kind":"harbour","name":"Port esportiu del Masnou","name:ca":"Port esportiu del Masnou","seamark:harbour:category":"marina","seamark:type":"harbour"}},{"type":"Feature","geometry":{"type":"Polygon","coordinates":[[[0.604689,40.609151],[0.6085,40.616602],[0.608386,40.618042],[0.608429,40.618081],[0.608485,40.618133],[0.608514,40.61822],[0.608474,40.61833],[0.60837,40.618404],[0.608341,40.618457],[0.608338,40.618485],[0.608324,40.618626],[0.60816,40.620216],[0.608103,40.620736],[0.60788,40.62274],[0.607857,40.622947],[0.606573,40.622868],[0.606539,40.622866],[0.606544,40.62282],[0.605006,40.622756],[0.603815,40.622589],[0.601831,40.621983],[0.601723,40.621797],[0.601958,40.621344],[0.601982,40.621173],[0.601536,40.62104],[0.601481,40.620776],[0.601395,40.620768],[0.600998,40.620675],[0.600823,40.620671],[0.600703,40.620701],[0.600394,40.620689],[0.600369,40.620591],[0.599916,40.620571],[0.599827,40.620561],[0.599162,40.620356],[0.59919,40.620273],[0.599014,40.620223],[0.597913,40.619881],[0.598682,40.619307],[0.595411,40.617026],[0.594223,40.617331],[0.59285,40.616317],[0.593969,40.615543],[0.594265,40.615292],[0.595047,40.614632],[0.596019,40.613826],[0.595965,40.613782],[0.596073,40.613743],[0.596771,40.613167],[0.59722,40.612796],[0.598617,40.611654],[0.598795,40.611503],[0.601475,40.610369],[0.602205,40.610046],[0.602814,40.609784],[0.603502,40.609475],[0.60386,40.609321],[0.604346,40.609107],[0.604553,40.609027],[0.604615,40.609042],[0.604675,40.60909],[0.604689,40.609151]]]},"properties":{"t":"relation","id":7330565,"kind":"harbour","name":"Port de la Ràpita","name:ca":"Port de la Ràpita","seamark:harbour:category":"marina","seamark:type":"harbour"}},{"type":"Feature","geometry":{"type":"Polygon","coordinates":[[[0.548383,40.57306],[0.550987,40.569897],[0.551109,40.569786],[0.551306,40.56971],[0.551516,40.56972],[0.554154,40.570641],[0.556406,40.57141],[0.556546,40.571509],[0.556513,40.571634],[0.556423,40.571734],[0.556283,40.571759],[0.552694,40.573837],[0.547936,40.573972],[0.547515,40.574455],[0.547439,40.574416],[0.547362,40.574378],[0.547304,40.574349],[0.548383,40.57306]]]},"properties":{"t":"relation","id":7330568,"kind":"harbour","name":"Port industrial d'Alcanar","name:ca":"Port industrial d'Alcanar","seamark:type":"harbour"}},{"type":"Feature","geometry":{"type":"Polygon","coordinates":[[[1.251275,41.106541],[1.251065,41.105781],[1.251067,41.105695],[1.251117,41.105643],[1.251203,41.105612],[1.251311,41.105629],[1.251458,41.105743],[1.252013,41.106098],[1.252384,41.106431],[1.252899,41.10701],[1.25348,41.107836],[1.253858,41.108258],[1.254074,41.108498],[1.254218,41.108644],[1.2543,41.108772],[1.254311,41.108932],[1.254259,41.109095],[1.254101,41.109291],[1.253408,41.109792],[1.253232,41.10991],[1.252935,41.110211],[1.252623,41.110028],[1.251865,41.109288],[1.251333,41.108623],[1.250896,41.108148],[1.25078,41.108205],[1.250337,41.107781],[1.249958,41.107419],[1.250089,41.107355],[1.250136,41.107402],[1.250225,41.107358],[1.250335,41.107293],[1.251105,41.106883],[1.251275,41.106541]]]},"properties":{"t":"relation","id":7331175,"kind":"harbour","name":"Port esportiu de Tarragona","name:ca":"Port esportiu de Tarragona","seamark:harbour:category":"marina","seamark:type":"harbour"}},{"type":"Feature","geometry":{"type":"Polygon","coordinates":[[[1.129727,41.073318],[1.129684,41.073288],[1.129661,41.073262],[1.129661,41.073208],[1.129712,41.073141],[1.130023,41.07305],[1.130294,41.072989],[1.130685,41.072923],[1.13118,41.072901],[1.131726,41.072923],[1.132034,41.072949],[1.132082,41.072939],[1.13206,41.073041],[1.131763,41.074389],[1.131568,41.074432],[1.131321,41.074468],[1.131159,41.074478],[1.130999,41.074473],[1.130811,41.074452],[1.130721,41.074465],[1.130703,41.074425],[1.130699,41.074394],[1.130713,41.07439],[1.13055,41.074013],[1.1305,41.074017],[1.130461,41.074006],[1.130424,41.073982],[1.130377,41.073941],[1.130238,41.073916],[1.129968,41.073875],[1.129933,41.073852],[1.129916,41.073806],[1.129727,41.073318]]]},"properties":{"t":"relation","id":7335946,"kind":"harbour","name":"Port de Salou","name:ca":"Port de Salou","seamark:harbour:category":"marina","seamark:type":"harbour"}},{"type":"Feature","geometry":{"type":"Polygon","coordinates":[[[1.064738,41.065798],[1.064785,41.065808],[1.065134,41.064529],[1.065335,41.063758],[1.063635,41.061872],[1.060469,41.059933],[1.060274,41.060102],[1.059376,41.062824],[1.059029,41.063075],[1.058683,41.063326],[1.058003,41.063816],[1.057706,41.06404],[1.057768,41.064049],[1.057966,41.064075],[1.058315,41.063846],[1.058521,41.063998],[1.05872,41.064554],[1.060771,41.06516],[1.061931,41.065339],[1.064594,41.065775],[1.064738,41.065798]]]},"properties":{"t":"relation","id":7335996,"kind":"harbour","name":"Port de Cambrils","name:ca":"Port de Cambrils","name:es":"puerto de Cambrils","seamark:harbour:category":"marina","seamark:type":"harbour"}},{"type":"Feature","geometry":{"type":"Polygon","coordinates":[[[0.836171,40.91574],[0.836288,40.91573],[0.83643,40.915718],[0.836608,40.9154],[0.836937,40.914996],[0.83693,40.914903],[0.8366,40.9147],[0.836163,40.914183],[0.835794,40.913508],[0.835682,40.913467],[0.835555,40.913497],[0.835468,40.913572],[0.835515,40.913677],[0.83558,40.913784],[0.835455,40.913832],[0.835344,40.913898],[0.834978,40.913973],[0.834541,40.914143],[0.834715,40.91455],[0.834747,40.914626],[0.834776,40.914827],[0.834224,40.915067],[0.834122,40.915124],[0.833483,40.916061],[0.833699,40.916145],[0.834188,40.915582],[0.834325,40.915447],[0.834444,40.9154],[0.834904,40.915507],[0.834935,40.915453],[0.835854,40.915341],[0.836171,40.91574]]]},"properties":{"t":"relation","id":7336009,"kind":"harbour","name":"Port de Sant Jordi d'Alfama","name:ca":"Port de Sant Jordi d'Alfama","seamark:harbour:category":"marina","seamark:type":"harbour"}},{"type":"Feature","geometry":{"type":"Polygon","coordinates":[[[0.802381,40.880099],[0.80243,40.880221],[0.801463,40.880456],[0.80138,40.880488],[0.801249,40.880517],[0.801173,40.880322],[0.801125,40.880209],[0.800871,40.880494],[0.800983,40.880546],[0.801267,40.881203],[0.801224,40.8813],[0.801118,40.881555],[0.801114,40.881593],[0.801126,40.881619],[0.801141,40.881637],[0.801164,40.881661],[0.801184,40.881675],[0.801208,40.881688],[0.801367,40.88177],[0.801389,40.881804],[0.801397,40.881842],[0.801405,40.881893],[0.801412,40.88194],[0.801429,40.882062],[0.801434,40.882095],[0.801422,40.882096],[0.80143,40.882142],[0.80144,40.882141],[0.801449,40.882193],[0.801453,40.882228],[0.80146,40.882247],[0.80148,40.88226],[0.801504,40.882273],[0.801537,40.882282],[0.801752,40.8823],[0.801835,40.88232],[0.801907,40.882361],[0.801943,40.882399],[0.801971,40.882435],[0.80198,40.882506],[0.801971,40.882535],[0.801938,40.882557],[0.801817,40.882784],[0.80183,40.88282],[0.80197,40.882914],[0.801989,40.88292],[0.802011,40.882923],[0.802027,40.882922],[0.802041,40.882917],[0.802439,40.88266],[0.802562,40.882591],[0.802588,40.882577],[0.80262,40.882566],[0.802655,40.882556],[0.802687,40.88255],[0.802801,40.882543],[0.803291,40.882513],[0.803386,40.882507],[0.803464,40.882515],[0.803561,40.882532],[0.803626,40.88255],[0.80369,40.882591],[0.803721,40.882626],[0.80377,40.882671],[0.803816,40.882734],[0.803873,40.882878],[0.803925,40.882988],[0.803951,40.883034],[0.803986,40.883083],[0.804022,40.883114],[0.804051,40.883134],[0.804161,40.88317],[0.804261,40.883187],[0.804315,40.883189],[0.804368,40.883181],[0.804789,40.883105],[0.805248,40.883024],[0.805481,40.882983],[0.805287,40.882237],[0.804811,40.881504],[0.80416,40.88083],[0.802958,40.877441],[0.802836,40.877395],[0.802761,40.877407],[0.802693,40.877463],[0.802682,40.877528],[0.800761,40.878478],[0.802048,40.879178],[0.802115,40.879191],[0.802139,40.879213],[0.802191,40.879269],[0.802211,40.879356],[0.802148,40.879422],[0.802111,40.879438],[0.802381,40.880099]]]},"properties":{"t":"relation","id":7336011,"kind":"harbour","name":"Port de l'Ametlla de Mar","name:ca":"Port de l'Ametlla de Mar","seamark:harbour:category":"marina","seamark:type":"harbour"}},{"type":"Feature","geometry":{"type":"Polygon","coordinates":[[[0.712884,40.811907],[0.712761,40.811969],[0.712657,40.811913],[0.712663,40.811944],[0.712642,40.81195],[0.712595,40.811814],[0.712233,40.811869],[0.712253,40.811953],[0.712157,40.81197],[0.71213,40.811939],[0.711818,40.812088],[0.711515,40.812233],[0.711443,40.812197],[0.711428,40.81219],[0.710977,40.811999],[0.710961,40.811769],[0.710815,40.811726],[0.710447,40.811611],[0.710003,40.811471],[0.709668,40.811213],[0.709048,40.810808],[0.708986,40.810766],[0.708922,40.810742],[0.708868,40.81074],[0.708816,40.81075],[0.708485,40.810841],[0.708269,40.810815],[0.708161,40.810802],[0.707967,40.810741],[0.707894,40.810706],[0.706959,40.810221],[0.707218,40.810148],[0.707276,40.810062],[0.708166,40.809763],[0.708206,40.809779],[0.709599,40.80933],[0.709797,40.807943],[0.709761,40.807886],[0.709778,40.807838],[0.709877,40.807818],[0.710245,40.807814],[0.710251,40.807646],[0.710483,40.807648],[0.710461,40.807616],[0.710468,40.807565],[0.710505,40.807531],[0.710565,40.807523],[0.71062,40.807533],[0.710668,40.807569],[0.710688,40.807617],[0.710667,40.807942],[0.710656,40.808152],[0.710629,40.808717],[0.71069,40.808855],[0.710925,40.809273],[0.711154,40.80968],[0.711275,40.809831],[0.711324,40.809982],[0.711418,40.810178],[0.711712,40.810489],[0.712108,40.810913],[0.712425,40.811276],[0.712725,40.811602],[0.712879,40.811755],[0.712935,40.81179],[0.71289,40.811892],[0.712884,40.811907]]]},"properties":{"t":"relation","id":7336027,"kind":"harbour","name":"Port de l'Ampolla","name:ca":"Port de l'Ampolla","seamark:harbour:category":"marina","seamark:type":"harbour"}},{"type":"Feature","geometry":{"type":"Polygon","coordinates":[[[0.739988,40.7665],[0.739866,40.766461],[0.739563,40.766335],[0.739329,40.766469],[0.738871,40.766627],[0.738522,40.766559],[0.737835,40.766368],[0.737622,40.766612],[0.73768,40.767632],[0.737791,40.767747],[0.737836,40.767749],[0.73787,40.76778],[0.737897,40.767924],[0.737945,40.768],[0.738062,40.768033],[0.738089,40.76807],[0.738152,40.768102],[0.738178,40.768076],[0.738239,40.768058],[0.738293,40.768076],[0.73853,40.768371],[0.738609,40.768433],[0.738662,40.768521],[0.738721,40.768536],[0.738973,40.768417],[0.739257,40.768231],[0.739355,40.768164],[0.739475,40.76803],[0.739554,40.767863],[0.739649,40.767725],[0.739692,40.767599],[0.739935,40.767568],[0.740056,40.767479],[0.739988,40.7665]]]},"properties":{"t":"relation","id":7336052,"kind":"harbour","name":"Port d'Illa de Mar","name:ca":"Port d'Illa de Mar","seamark:harbour:category":"marina","seamark:type":"harbour"}},{"type":"Feature","geometry":{"type":"Polygon","coordinates":[[[3.137188,41.847763],[3.137162,41.847788],[3.13714,41.847812],[3.137114,41.847834],[3.137086,41.847857],[3.137073,41.847872],[3.137064,41.847882],[3.137045,41.847908],[3.13703,41.847938],[3.13695,41.847962],[3.136708,41.848045],[3.136493,41.848084],[3.134581,41.847453],[3.134478,41.847407],[3.134177,41.847271],[3.132526,41.846681],[3.132164,41.846377],[3.13201,41.845827],[3.132544,41.844709],[3.132616,41.84446],[3.132495,41.84412],[3.132602,41.843515],[3.132692,41.843517],[3.132901,41.843457],[3.133061,41.843857],[3.133216,41.84408],[3.133392,41.844247],[3.133619,41.844398],[3.135133,41.844901],[3.135536,41.844219],[3.13557,41.844124],[3.135685,41.844055],[3.1358,41.844056],[3.136027,41.844158],[3.136379,41.84434],[3.136519,41.844415],[3.136857,41.84463],[3.137094,41.844847],[3.1373,41.84509],[3.137466,41.845339],[3.137646,41.845659],[3.137723,41.845953],[3.137766,41.846298],[3.137732,41.846701],[3.137629,41.847085],[3.137499,41.847533],[3.137296,41.847645],[3.137208,41.847697],[3.137188,41.847763]]]},"properties":{"t":"relation","id":8277292,"kind":"harbour","name":"Port Esportiu Marina Palamos","seamark:harbour:category":"marina","seamark:type":"harbour"}},{"type":"Feature","geometry":{"type":"Polygon","coordinates":[[[3.128492,41.842386],[3.128689,41.842415],[3.128833,41.842435],[3.128848,41.84258],[3.128555,41.842539],[3.128536,41.842605],[3.128581,41.842708],[3.128528,41.842869],[3.128193,41.844319],[3.128105,41.844428],[3.127644,41.844517],[3.127544,41.844539],[3.127481,41.844593],[3.127422,41.844723],[3.127395,41.844841],[3.12738,41.844908],[3.127363,41.844979],[3.127363,41.845039],[3.127386,41.845093],[3.127416,41.845129],[3.127335,41.845383],[3.12722,41.845367],[3.126909,41.845322],[3.126573,41.845275],[3.12619,41.845218],[3.123822,41.844867],[3.123352,41.845221],[3.12329,41.845174],[3.120086,41.84172],[3.120031,41.841614],[3.120215,41.841558],[3.120239,41.841482],[3.120347,41.841391],[3.120595,41.841318],[3.120907,41.841245],[3.128492,41.842386]]]},"properties":{"t":"relation","id":8277310,"kind":"harbour","name":"Port de Palamós","name:ca":"Port de Palamós","seamark:harbour:category":"marina","seamark:type":"harbour"}},{"type":"Feature","geometry":{"type":"Polygon","coordinates":[[[3.195675,41.893091],[3.195642,41.893077],[3.195616,41.893037],[3.195567,41.892964],[3.195564,41.892933],[3.195608,41.8929],[3.195888,41.892703],[3.19628,41.892451],[3.196686,41.892224],[3.196781,41.892205],[3.196926,41.892206],[3.197146,41.892324],[3.19755,41.892711],[3.197526,41.892765],[3.197501,41.892805],[3.197446,41.892889],[3.197185,41.893256],[3.197141,41.893305],[3.197091,41.893273],[3.196958,41.893433],[3.196933,41.893438],[3.196861,41.893451],[3.196872,41.893498],[3.196772,41.893528],[3.196669,41.893503],[3.196584,41.893471],[3.196501,41.893407],[3.196518,41.89339],[3.196397,41.893299],[3.195708,41.893106],[3.195675,41.893091]]]},"properties":{"t":"relation","id":8278414,"kind":"harbour","name":"Port de Llafranc","name:ca":"Port de Llafranc","seamark:harbour:category":"marina","seamark:type":"harbour"}},{"type":"Feature","geometry":{"type":"Polygon","coordinates":[[[3.065007,41.800847],[3.064988,41.800866],[3.064968,41.800886],[3.064948,41.800905],[3.064924,41.800924],[3.064895,41.800942],[3.06487,41.800957],[3.064843,41.800972],[3.064814,41.800985],[3.064777,41.800996],[3.064743,41.801001],[3.064711,41.801004],[3.064672,41.801004],[3.064641,41.801],[3.064607,41.800992],[3.064579,41.800981],[3.064555,41.800966],[3.064541,41.800942],[3.064539,41.800878],[3.064402,41.800803],[3.064354,41.800711],[3.064322,41.800607],[3.064214,41.800535],[3.063954,41.800534],[3.063828,41.800547],[3.063541,41.800538],[3.063337,41.800474],[3.062557,41.800223],[3.062315,41.800175],[3.0622,41.800222],[3.062104,41.800403],[3.062186,41.800434],[3.062309,41.800481],[3.062415,41.800593],[3.062387,41.800654],[3.062332,41.800771],[3.062712,41.800834],[3.062614,41.801222],[3.06212,41.801718],[3.06189,41.801789],[3.061369,41.802381],[3.061293,41.802445],[3.061439,41.802679],[3.061425,41.802859],[3.06141,41.80289],[3.061384,41.802907],[3.061354,41.802926],[3.061322,41.802952],[3.061295,41.802969],[3.061264,41.802991],[3.061244,41.803012],[3.061227,41.803034],[3.061205,41.80308],[3.061193,41.803106],[3.061186,41.803131],[3.06118,41.803162],[3.061169,41.803189],[3.061154,41.803213],[3.061141,41.803236],[3.061122,41.803258],[3.061102,41.803279],[3.06108,41.803296],[3.060736,41.803482],[3.060695,41.803498],[3.060661,41.80351],[3.060633,41.803521],[3.060597,41.803532],[3.06056,41.80354],[3.060528,41.803549],[3.060492,41.803554],[3.060438,41.803559],[3.060402,41.80356],[3.060368,41.80356],[3.060331,41.803555],[3.060302,41.803541],[3.060282,41.803522],[3.06026,41.803503],[3.060221,41.803494],[3.060184,41.8035],[3.060151,41.803505],[3.060116,41.803512],[3.060085,41.80352],[3.059892,41.803544],[3.059845,41.803548],[3.059809,41.803551],[3.059757,41.803545],[3.059725,41.803537],[3.059689,41.803527],[3.059654,41.803507],[3.059626,41.803493],[3.059598,41.803481],[3.059571,41.803463],[3.05955,41.803444],[3.059528,41.803428],[3.059499,41.803412],[3.059469,41.803395],[3.05944,41.803381],[3.059411,41.803372],[3.059298,41.803339],[3.059135,41.80335],[3.058877,41.803362],[3.05864,41.803384],[3.058336,41.803449],[3.058083,41.803594],[3.057846,41.803756],[3.057558,41.8039],[3.057556,41.803949],[3.057382,41.80403],[3.057282,41.804055],[3.05707,41.80409],[3.056833,41.804173],[3.056693,41.804219],[3.056663,41.804231],[3.056639,41.804248],[3.056616,41.804266],[3.056587,41.804287],[3.056564,41.804304],[3.056536,41.804325],[3.05651,41.804343],[3.056481,41.804358],[3.056453,41.80437],[3.056418,41.804386],[3.056389,41.804398],[3.05622,41.804403],[3.056212,41.804212],[3.055624,41.804204],[3.055624,41.804439],[3.055615,41.804467],[3.055604,41.804492],[3.05559,41.804515],[3.055576,41.804546],[3.055563,41.804571],[3.055549,41.804596],[3.055534,41.804618],[3.055509,41.804635],[3.055484,41.804654],[3.055461,41.80467],[3.055435,41.804684],[3.055403,41.804699],[3.055373,41.80471],[3.055334,41.804724],[3.055302,41.804726],[3.05506,41.804718],[3.055056,41.804825],[3.055098,41.805009],[3.055269,41.805169],[3.056156,41.805236],[3.056554,41.805158],[3.056629,41.80497],[3.057161,41.804725],[3.057358,41.804783],[3.057558,41.804809],[3.057709,41.804805],[3.057775,41.80487],[3.057868,41.804855],[3.05791,41.804843],[3.057912,41.804716],[3.058925,41.804432],[3.060092,41.804195],[3.060665,41.804194],[3.060748,41.804229],[3.060799,41.804323],[3.061082,41.804887],[3.061928,41.804702],[3.062775,41.80454],[3.063011,41.804442],[3.062793,41.804119],[3.062566,41.803663],[3.062425,41.803075],[3.062772,41.802945],[3.062794,41.80212],[3.063725,41.802203],[3.063782,41.802292],[3.063792,41.802369],[3.063858,41.802436],[3.063918,41.802463],[3.063986,41.802426],[3.064091,41.802187],[3.064637,41.802024],[3.064791,41.802013],[3.064776,41.802056],[3.064647,41.802114],[3.064595,41.802155],[3.064784,41.802162],[3.065416,41.80206],[3.065691,41.801965],[3.065961,41.801833],[3.06611,41.801717],[3.066201,41.801628],[3.066327,41.801476],[3.066417,41.801339],[3.06658,41.801189],[3.066696,41.801028],[3.066742,41.800878],[3.066722,41.800817],[3.066688,41.800748],[3.066625,41.80067],[3.066495,41.800633],[3.06635,41.800642],[3.066292,41.800662],[3.066232,41.800691],[3.066173,41.800752],[3.066131,41.800925],[3.065458,41.800904],[3.065558,41.800971],[3.065606,41.801004],[3.065628,41.801048],[3.065604,41.801095],[3.065542,41.801123],[3.06545,41.801122],[3.065404,41.80117],[3.065338,41.801201],[3.065264,41.801214],[3.065243,41.801186],[3.065496,41.801031],[3.065216,41.800987],[3.065202,41.800959],[3.065138,41.800952],[3.065061,41.800938],[3.065068,41.800871],[3.065007,41.800847]]]},"properties":{"t":"relation","id":8280341,"kind":"harbour","name":"Marina de Port d'Aro","name:ca":"Marina de Port d'Aro","seamark:harbour:category":"marina","seamark:type":"harbour"}},{"type":"Feature","geometry":{"type":"Polygon","coordinates":[[[3.033756,41.780778],[3.03378,41.78036],[3.033778,41.780227],[3.034537,41.780159],[3.034635,41.779986],[3.033594,41.779705],[3.033896,41.778992],[3.032835,41.776911],[3.032836,41.776846],[3.032864,41.77679],[3.032927,41.776738],[3.033009,41.776716],[3.033103,41.776716],[3.033154,41.776723],[3.03322,41.77675],[3.033292,41.776774],[3.033348,41.776797],[3.033406,41.776818],[3.03347,41.776834],[3.033559,41.776842],[3.033622,41.776845],[3.033667,41.776846],[3.033746,41.776883],[3.033821,41.776902],[3.033887,41.776912],[3.033992,41.776955],[3.034115,41.776993],[3.034226,41.777012],[3.034318,41.777],[3.034409,41.77701],[3.034454,41.777031],[3.034517,41.777065],[3.034625,41.777091],[3.034761,41.777128],[3.034879,41.777151],[3.034946,41.777152],[3.035004,41.777172],[3.035061,41.777191],[3.035119,41.777202],[3.035211,41.777213],[3.035296,41.77726],[3.035368,41.777292],[3.035451,41.777299],[3.035504,41.777298],[3.035563,41.7773],[3.035602,41.777321],[3.035658,41.777349],[3.035766,41.777364],[3.035823,41.777394],[3.035949,41.77744],[3.036047,41.777456],[3.036161,41.777456],[3.036226,41.777491],[3.036377,41.777516],[3.036619,41.777559],[3.036741,41.777594],[3.036852,41.777602],[3.036946,41.777645],[3.037011,41.777656],[3.037056,41.777653],[3.037105,41.777681],[3.037156,41.777691],[3.037425,41.777737],[3.037648,41.777813],[3.037754,41.777886],[3.037816,41.77791],[3.037974,41.777993],[3.038107,41.778118],[3.038177,41.778162],[3.038189,41.778192],[3.03822,41.778236],[3.038264,41.778239],[3.038295,41.77826],[3.038334,41.778316],[3.038393,41.778365],[3.038482,41.778404],[3.038555,41.778436],[3.038621,41.778455],[3.038663,41.778453],[3.038686,41.778442],[3.038692,41.778402],[3.038714,41.778379],[3.038765,41.778355],[3.038796,41.778324],[3.038786,41.778484],[3.038931,41.778456],[3.039102,41.778404],[3.039195,41.778501],[3.039269,41.778517],[3.039285,41.778534],[3.039303,41.778549],[3.039319,41.778566],[3.039381,41.778716],[3.039435,41.778748],[3.039472,41.778789],[3.039437,41.778922],[3.039122,41.779078],[3.038781,41.779453],[3.038483,41.779656],[3.03838,41.780065],[3.038107,41.780341],[3.037856,41.780727],[3.037556,41.780904],[3.037344,41.780932],[3.036703,41.780965],[3.036228,41.780989],[3.035592,41.781011],[3.035398,41.780893],[3.035327,41.780697],[3.035413,41.780342],[3.035462,41.780155],[3.035666,41.780092],[3.035647,41.779984],[3.035487,41.779856],[3.035582,41.779825],[3.035557,41.779749],[3.035627,41.779671],[3.03565,41.779598],[3.035674,41.779524],[3.035584,41.779472],[3.035558,41.779457],[3.035466,41.779555],[3.03545,41.779572],[3.035397,41.779714],[3.035351,41.779735],[3.035362,41.779611],[3.035281,41.779614],[3.035283,41.779804],[3.03523,41.779844],[3.03519,41.779915],[3.03522,41.77997],[3.035269,41.780006],[3.035101,41.780168],[3.034966,41.78031],[3.034886,41.780441],[3.034832,41.780579],[3.034816,41.780647],[3.03481,41.780702],[3.03481,41.780747],[3.034813,41.780793],[3.034812,41.780811],[3.034539,41.780801],[3.034183,41.780788],[3.033756,41.780778]]]},"properties":{"t":"relation","id":8281037,"kind":"harbour","name":"Port de Sant Feliu de Guíxols","name:ca":"Port de Sant Feliu de Guíxols","seamark:harbour:category":"marina","seamark:type":"harbour"}},{"type":"Feature","geometry":{"type":"Polygon","coordinates":[[[2.880384,41.703473],[2.880406,41.703483],[2.880431,41.703481],[2.880456,41.703477],[2.880478,41.703485],[2.880488,41.703503],[2.880499,41.703522],[2.880514,41.703537],[2.880528,41.703556],[2.88054,41.703573],[2.880551,41.703592],[2.880566,41.703607],[2.880588,41.703617],[2.88061,41.703627],[2.880623,41.703644],[2.880628,41.703664],[2.880591,41.703741],[2.880579,41.703757],[2.880506,41.703871],[2.880478,41.703875],[2.880372,41.704031],[2.880467,41.704072],[2.880463,41.704088],[2.880446,41.704142],[2.880328,41.704239],[2.880497,41.704346],[2.88068,41.704273],[2.881361,41.704399],[2.881379,41.704327],[2.881344,41.704242],[2.881486,41.704003],[2.881515,41.703936],[2.88159,41.703764],[2.881784,41.703391],[2.881799,41.703251],[2.880615,41.702957],[2.88053,41.703153],[2.880384,41.703473]]]},"properties":{"t":"relation","id":8286416,"kind":"harbour","name":"Port de Cala Canyelles","name:ca":"Port de Cala Canyelles","seamark:harbour:category":"marina","seamark:type":"harbour"}},{"type":"Feature","geometry":{"type":"Polygon","coordinates":[[[3.206771,42.053466],[3.208375,42.052377],[3.208327,42.05226],[3.208191,42.052122],[3.207931,42.051926],[3.206645,42.050857],[3.206424,42.050715],[3.206169,42.05071],[3.205964,42.050699],[3.205819,42.050712],[3.205728,42.050732],[3.205631,42.050711],[3.205474,42.051556],[3.205424,42.051499],[3.205271,42.051536],[3.205131,42.051524],[3.204001,42.050615],[3.20391,42.050604],[3.203846,42.050652],[3.203848,42.050728],[3.203902,42.050783],[3.202605,42.051635],[3.202503,42.051662],[3.202427,42.051706],[3.20197,42.05201],[3.201711,42.052184],[3.201186,42.052536],[3.201118,42.05262],[3.20027,42.053187],[3.200425,42.053298],[3.200498,42.053245],[3.201468,42.053687],[3.20151,42.053707],[3.201375,42.053866],[3.202319,42.054232],[3.203105,42.054538],[3.203564,42.054629],[3.203963,42.054703],[3.204346,42.054663],[3.204621,42.054596],[3.205554,42.054381],[3.205665,42.054363],[3.205698,42.054354],[3.205707,42.054343],[3.20568,42.054325],[3.205703,42.054306],[3.205764,42.05433],[3.206429,42.053788],[3.206406,42.053776],[3.206553,42.053653],[3.206578,42.053636],[3.206682,42.053546],[3.206724,42.05351],[3.206771,42.053466]]]},"properties":{"t":"relation","id":8288489,"kind":"harbour","name":"Port de l'Estartit","name:ca":"Port de l'Estartit","seamark:harbour:category":"marina","seamark:type":"harbour"}},{"type":"Feature","geometry":{"type":"Polygon","coordinates":[[[3.216924,41.938169],[3.216957,41.938166],[3.21697,41.938257],[3.216981,41.938257],[3.217023,41.938256],[3.217078,41.938255],[3.21709,41.938192],[3.217092,41.938155],[3.217381,41.937661],[3.217402,41.937746],[3.217204,41.938182],[3.217219,41.938343],[3.217229,41.938361],[3.217249,41.938378],[3.217262,41.938397],[3.217262,41.938416],[3.217264,41.938434],[3.21728,41.93845],[3.217299,41.938465],[3.217287,41.938482],[3.217264,41.938497],[3.217247,41.938522],[3.217265,41.938535],[3.217291,41.938544],[3.217308,41.938558],[3.217297,41.938577],[3.217251,41.938601],[3.217237,41.938618],[3.217237,41.93864],[3.217259,41.938651],[3.217216,41.938685],[3.217169,41.93869],[3.216677,41.938743],[3.21637,41.938783],[3.216269,41.938473],[3.216269,41.938458],[3.216274,41.938441],[3.216281,41.938426],[3.216296,41.938413],[3.216312,41.938414],[3.216339,41.938398],[3.216355,41.93839],[3.216378,41.938382],[3.216398,41.938376],[3.216419,41.93837],[3.216442,41.938362],[3.216461,41.938355],[3.216485,41.938351],[3.216504,41.938345],[3.216528,41.93834],[3.216548,41.938334],[3.216569,41.938324],[3.216681,41.938268],[3.216833,41.938196],[3.216924,41.938169]]]},"properties":{"t":"relation","id":8298092,"kind":"harbour","name":"Port de Fornells","name:ca":"Port de Fornells","seamark:harbour:category":"marina","seamark:type":"harbour"}},{"type":"Feature","geometry":{"type":"Polygon","coordinates":[[[3.143203,42.115771],[3.143244,42.115689],[3.143466,42.11575],[3.143743,42.115811],[3.143996,42.115766],[3.144229,42.115624],[3.144546,42.115533],[3.14493,42.115528],[3.145178,42.115588],[3.145754,42.115838],[3.145785,42.116473],[3.146438,42.116688],[3.147183,42.11634],[3.147539,42.116245],[3.14915,42.116705],[3.149211,42.116871],[3.1496,42.117237],[3.14989,42.117443],[3.149561,42.118178],[3.149521,42.118844],[3.149749,42.119019],[3.150234,42.119392],[3.150724,42.119059],[3.150874,42.118958],[3.151326,42.118955],[3.151974,42.119503],[3.152183,42.119679],[3.152095,42.119889],[3.151071,42.120619],[3.150413,42.120967],[3.149768,42.12116],[3.148957,42.121236],[3.148462,42.121263],[3.14756,42.121125],[3.147117,42.120982],[3.146393,42.120627],[3.145903,42.120345],[3.145534,42.119988],[3.14541,42.119835],[3.142647,42.116833],[3.143203,42.115771]]]},"properties":{"t":"relation","id":8299697,"kind":"harbour","name":"Port de la Clota Grossa","name:ca":"Port de la Clota Grossa","seamark:harbour:category":"marina","seamark:type":"harbour"}},{"type":"Feature","geometry":{"type":"Polygon","coordinates":[[[3.175521,42.254124],[3.175647,42.254055],[3.175822,42.254041],[3.175993,42.254051],[3.176162,42.254126],[3.176277,42.254233],[3.176405,42.254258],[3.176693,42.255234],[3.17817,42.255439],[3.178062,42.255867],[3.181425,42.256325],[3.181042,42.257942],[3.180682,42.258206],[3.179594,42.258099],[3.178946,42.258007],[3.178723,42.258082],[3.178661,42.257927],[3.177791,42.257802],[3.177607,42.257848],[3.177236,42.257672],[3.177648,42.257677],[3.178786,42.25784],[3.178794,42.2578],[3.178804,42.257754],[3.177618,42.257601],[3.177049,42.257547],[3.17667,42.257477],[3.17631,42.257377],[3.176153,42.257281],[3.175941,42.257151],[3.175789,42.25698],[3.175705,42.256839],[3.175601,42.256665],[3.175512,42.256344],[3.175419,42.255893],[3.175366,42.255451],[3.175343,42.255258],[3.175234,42.255191],[3.175255,42.25492],[3.175313,42.254579],[3.175348,42.254465],[3.175413,42.254253],[3.175521,42.254124]]]},"properties":{"t":"relation","id":8307317,"kind":"harbour","name":"Port esportiu de Roses","name:ca":"Port esportiu de Roses","seamark:harbour:category":"marina","seamark:type":"harbour"}},{"type":"Feature","geometry":{"type":"Polygon","coordinates":[[[3.18159,42.250957],[3.181656,42.250958],[3.181653,42.251038],[3.181649,42.255876],[3.18143,42.255879],[3.181425,42.256325],[3.178062,42.255867],[3.17817,42.255439],[3.176693,42.255234],[3.176405,42.254258],[3.176277,42.254233],[3.176162,42.254126],[3.175993,42.254051],[3.175822,42.254041],[3.175647,42.254055],[3.175521,42.254124],[3.176783,42.251489],[3.177083,42.251069],[3.177379,42.250936],[3.177914,42.250943],[3.178043,42.250989],[3.18159,42.250957]]]},"properties":{"t":"relation","id":8307318,"kind":"harbour","name":"Port de Roses","name:ca":"Port de Roses","seamark:harbour:category":"marina","seamark:type":"harbour"}},{"type":"Feature","geometry":{"type":"Polygon","coordinates":[[[3.203367,42.337121],[3.203005,42.33716],[3.202129,42.337251],[3.202139,42.337307],[3.199994,42.340796],[3.199989,42.340928],[3.200956,42.342462],[3.200967,42.34253],[3.201067,42.342497],[3.201758,42.342269],[3.201942,42.342455],[3.201957,42.34247],[3.20266,42.342211],[3.203297,42.341364],[3.203329,42.341304],[3.203456,42.341061],[3.203456,42.341051],[3.203445,42.340468],[3.20412,42.339606],[3.204149,42.339394],[3.20414,42.339304],[3.204111,42.339158],[3.20405,42.339041],[3.203834,42.338784],[3.203792,42.338731],[3.203621,42.338589],[3.203558,42.338567],[3.203519,42.338478],[3.203506,42.338433],[3.203377,42.338454],[3.202868,42.33854],[3.202766,42.338557],[3.202746,42.338498],[3.202554,42.337945],[3.20253,42.337874],[3.202669,42.337851],[3.203261,42.337754],[3.203395,42.337729],[3.20346,42.337121],[3.203367,42.337121]]]},"properties":{"t":"relation","id":8312190,"kind":"harbour","name":"Port del Port de la Selva","name:ca":"Port del Port de la Selva","seamark:harbour:category":"marina","seamark:type":"harbour"}},{"type":"Feature","geometry":{"type":"Polygon","coordinates":[[[3.164736,42.373219],[3.16487,42.373429],[3.164938,42.373479],[3.165011,42.373736],[3.165102,42.374046],[3.165045,42.374297],[3.164877,42.374456],[3.164405,42.374688],[3.162746,42.374928],[3.162577,42.374555],[3.162658,42.374383],[3.162975,42.373859],[3.161449,42.373256],[3.161208,42.373064],[3.161159,42.372963],[3.161196,42.372829],[3.161221,42.372635],[3.161741,42.371969],[3.162146,42.371456],[3.16237,42.371178],[3.162467,42.371073],[3.163366,42.371476],[3.163517,42.37126],[3.163526,42.371264],[3.163552,42.371275],[3.163873,42.371411],[3.163931,42.371538],[3.163933,42.371665],[3.16394,42.371776],[3.163965,42.371917],[3.163905,42.371991],[3.16394,42.372006],[3.163986,42.372022],[3.163546,42.372578],[3.163521,42.372669],[3.163539,42.372827],[3.163567,42.372901],[3.163616,42.372962],[3.163668,42.372993],[3.163756,42.372988],[3.163905,42.372978],[3.163957,42.372973],[3.164072,42.372982],[3.164115,42.372999],[3.164141,42.373051],[3.164169,42.373121],[3.164193,42.373169],[3.16421,42.373204],[3.164249,42.373235],[3.164303,42.373259],[3.164359,42.373272],[3.164416,42.373267],[3.164471,42.373244],[3.164736,42.373219]]]},"properties":{"t":"relation","id":8314129,"kind":"harbour","name":"Port de Llançà","name:ca":"Port de Llançà","seamark:harbour:category":"marina","seamark:type":"harbour"}},{"type":"Feature","geometry":{"type":"Polygon","coordinates":[[[1.483468,41.168896],[1.483411,41.169092],[1.483326,41.169277],[1.48316,41.169494],[1.483018,41.169597],[1.482912,41.16964],[1.482916,41.169673],[1.482928,41.16976],[1.482934,41.169792],[1.483656,41.16974],[1.484129,41.169707],[1.484271,41.16971],[1.48449,41.169749],[1.484936,41.169948],[1.4853,41.170202],[1.485708,41.170579],[1.486066,41.170807],[1.486365,41.170964],[1.48657,41.171018],[1.486769,41.171128],[1.486772,41.17105],[1.487199,41.170639],[1.487302,41.170488],[1.487347,41.170423],[1.487553,41.170189],[1.487913,41.169765],[1.488051,41.169675],[1.488307,41.169414],[1.48859,41.169127],[1.488749,41.16896],[1.488798,41.168881],[1.488827,41.16875],[1.48882,41.168641],[1.488766,41.168543],[1.488564,41.168384],[1.487358,41.167579],[1.486961,41.167303],[1.486929,41.167177],[1.486419,41.166841],[1.486268,41.166746],[1.486103,41.166651],[1.485954,41.166577],[1.485793,41.166494],[1.485525,41.166373],[1.485244,41.166253],[1.484737,41.166126],[1.484231,41.166018],[1.483858,41.165962],[1.483454,41.165929],[1.483217,41.16591],[1.483025,41.16592],[1.482903,41.165962],[1.482825,41.16606],[1.482807,41.166137],[1.482814,41.166239],[1.482967,41.167161],[1.482977,41.167469],[1.483043,41.167669],[1.483177,41.167963],[1.483249,41.168135],[1.483411,41.168495],[1.483453,41.168714],[1.483468,41.168896]]]},"properties":{"t":"relation","id":12046416,"kind":"harbour","name":"Port de Roda de Berà","name:ca":"Port de Roda de Berà","seamark:harbour:category":"marina","seamark:type":"harbour"}},{"type":"Feature","geometry":{"type":"Polygon","coordinates":[[[0.802381,40.880099],[0.80243,40.880221],[0.801463,40.880456],[0.80138,40.880488],[0.801249,40.880517],[0.801173,40.880322],[0.801125,40.880209],[0.800871,40.880494],[0.800739,40.880246],[0.80069,40.880154],[0.800656,40.88007],[0.800618,40.880079],[0.800574,40.87997],[0.800513,40.879754],[0.800347,40.879517],[0.800181,40.879321],[0.799933,40.879109],[0.799929,40.87907],[0.799938,40.87902],[0.799977,40.878987],[0.800146,40.878852],[0.800151,40.878841],[0.800338,40.878722],[0.80065,40.878524],[0.800761,40.878478],[0.802048,40.879178],[0.802115,40.879191],[0.802139,40.879213],[0.802191,40.879269],[0.802211,40.879356],[0.802148,40.879422],[0.802111,40.879438],[0.802381,40.880099]]]},"properties":{"t":"relation","id":13090362,"kind":"harbour","name":"Club Nàutic l'Ametlla de Mar","name:ca":"Club Nàutic l'Ametlla de Mar","seamark:harbour:category":"marina","seamark:type":"harbour"}},{"type":"Feature","geometry":{"type":"Polygon","coordinates":[[[0.850527,40.926272],[0.850567,40.926207],[0.850657,40.926174],[0.850771,40.926188],[0.852219,40.92854],[0.852604,40.929076],[0.852422,40.929187],[0.852122,40.92937],[0.851436,40.929789],[0.851307,40.929818],[0.851084,40.929861],[0.850923,40.929893],[0.850486,40.929693],[0.850449,40.929627],[0.850405,40.929601],[0.850397,40.929586],[0.850213,40.929248],[0.849759,40.928844],[0.849595,40.928595],[0.849343,40.928385],[0.849402,40.928319],[0.849258,40.928186],[0.849148,40.928093],[0.848956,40.927909],[0.849818,40.927412],[0.849616,40.927175],[0.849625,40.927112],[0.849642,40.926993],[0.850089,40.927021],[0.850156,40.926977],[0.850527,40.926272]]]},"properties":{"t":"relation","id":14488774,"kind":"harbour","name":"Port de Calafat","name:ca":"Port de Calafat","seamark:harbour:category":"marina","seamark:type":"harbour"}},{"type":"Feature","geometry":{"type":"MultiPolygon","coordinates":[[[[1.227951,41.089791],[1.228016,41.089876],[1.228064,41.089855],[1.228,41.08977],[1.227951,41.089791]]],[[[1.227852,41.089663],[1.227928,41.089762],[1.227977,41.089741],[1.227901,41.089642],[1.227852,41.089663]]]]},"properties":{"t":"relation","id":17065016,"kind":"dive-centre","amenity":"dive_centre","name":"Societat d'Exploracions Submarines de Tarragona","sport":"scuba_diving"}},{"type":"Feature","geometry":{"type":"Polygon","coordinates":[[[3.224929,41.971877],[3.224948,41.971899],[3.224971,41.971914],[3.224995,41.971931],[3.225025,41.971949],[3.225052,41.971971],[3.225059,41.971992],[3.225041,41.97201],[3.225009,41.97201],[3.224982,41.972011],[3.224957,41.972024],[3.224947,41.972044],[3.224938,41.972066],[3.22492,41.972086],[3.224888,41.972085],[3.224861,41.972089],[3.224836,41.972101],[3.224777,41.972178],[3.224761,41.972198],[3.224757,41.972221],[3.224763,41.972244],[3.22478,41.972263],[3.22481,41.972259],[3.224843,41.97225],[3.224877,41.972242],[3.224909,41.972233],[3.224933,41.972219],[3.224963,41.972209],[3.224992,41.972196],[3.225021,41.972189],[3.225062,41.97219],[3.225084,41.972205],[3.225097,41.972229],[3.225091,41.972251],[3.225075,41.972272],[3.225056,41.97229],[3.225055,41.972316],[3.225059,41.972337],[3.225065,41.972359],[3.225062,41.972382],[3.225052,41.972404],[3.225036,41.972423],[3.225017,41.972441],[3.224999,41.972461],[3.224977,41.972481],[3.224952,41.972498],[3.224919,41.972518],[3.224785,41.972564],[3.224758,41.97258],[3.224751,41.972602],[3.224757,41.972625],[3.224777,41.972645],[3.224793,41.972665],[3.224811,41.972683],[3.224814,41.972707],[3.224791,41.972722],[3.224763,41.972732],[3.224738,41.972745],[3.224721,41.972763],[3.224713,41.972786],[3.224702,41.972806],[3.224681,41.972825],[3.224655,41.972834],[3.224637,41.972851],[3.224624,41.972873],[3.224616,41.972896],[3.224602,41.972919],[3.224589,41.97294],[3.224565,41.972953],[3.224534,41.972966],[3.224505,41.972974],[3.224473,41.972973],[3.224454,41.972955],[3.224443,41.972931],[3.224435,41.97291],[3.224424,41.972888],[3.224411,41.972865],[3.224398,41.97284],[3.224397,41.972813],[3.224397,41.97279],[3.224388,41.972769],[3.224359,41.97276],[3.224305,41.972724],[3.224302,41.972701],[3.224302,41.972679],[3.224303,41.972656],[3.224314,41.972633],[3.224327,41.972613],[3.22434,41.97259],[3.224357,41.972569],[3.224381,41.972549],[3.224401,41.97253],[3.224408,41.972507],[3.224401,41.972486],[3.224376,41.972476],[3.22435,41.972468],[3.224324,41.972452],[3.224299,41.972438],[3.22427,41.972439],[3.224245,41.972452],[3.224225,41.97247],[3.224204,41.972487],[3.224184,41.972506],[3.224168,41.972528],[3.224155,41.97255],[3.22414,41.972571],[3.224117,41.972587],[3.224092,41.972597],[3.224069,41.972609],[3.224038,41.972615],[3.224015,41.9726],[3.224022,41.972578],[3.22405,41.972563],[3.224082,41.972542],[3.224102,41.972523],[3.224108,41.972499],[3.224102,41.972477],[3.224076,41.972468],[3.224042,41.972468],[3.224016,41.972456],[3.223987,41.972447],[3.223974,41.972466],[3.223956,41.972487],[3.223896,41.972496],[3.223867,41.972502],[3.223829,41.97251],[3.223799,41.972516],[3.223768,41.972513],[3.223746,41.972494],[3.223739,41.972472],[3.223723,41.972452],[3.223695,41.972443],[3.223665,41.97244],[3.223634,41.97244],[3.223605,41.972446],[3.223571,41.97245],[3.223538,41.972456],[3.223504,41.972463],[3.223473,41.972473],[3.223457,41.972493],[3.223476,41.972511],[3.223498,41.972527],[3.223501,41.972552],[3.223473,41.972563],[3.22344,41.972575],[3.223405,41.972583],[3.223374,41.972582],[3.223352,41.972568],[3.223335,41.97255],[3.22332,41.972529],[3.223297,41.972513],[3.223271,41.972502],[3.223246,41.972514],[3.223253,41.972537],[3.223274,41.972562],[3.223288,41.972581],[3.223291,41.972603],[3.223291,41.972627],[3.223246,41.972666],[3.223223,41.972682],[3.223192,41.972692],[3.223161,41.972698],[3.223142,41.972715],[3.223138,41.972736],[3.223137,41.972762],[3.223129,41.972789],[3.223115,41.972807],[3.22309,41.972822],[3.223064,41.972834],[3.223039,41.972847],[3.223024,41.972865],[3.223003,41.972883],[3.222976,41.972897],[3.222944,41.972898],[3.222909,41.972899],[3.222887,41.972916],[3.222877,41.972936],[3.222865,41.972957],[3.222854,41.972976],[3.222842,41.972995],[3.22283,41.973017],[3.222813,41.973047],[3.222803,41.973067],[3.222652,41.973182],[3.222631,41.973198],[3.222609,41.973216],[3.222594,41.973236],[3.222574,41.973252],[3.222553,41.973269],[3.222527,41.973279],[3.222498,41.973287],[3.222485,41.973309],[3.222473,41.973328],[3.222461,41.973347],[3.222447,41.973367],[3.222429,41.973386],[3.222402,41.973393],[3.222375,41.973383],[3.222351,41.973366],[3.222324,41.973351],[3.222298,41.97334],[3.22227,41.97335],[3.222267,41.973373],[3.222267,41.973395],[3.222272,41.973418],[3.222313,41.973486],[3.222294,41.973504],[3.222265,41.973509],[3.222237,41.973501],[3.222212,41.973486],[3.222183,41.973484],[3.22216,41.973497],[3.222138,41.973512],[3.222123,41.973534],[3.222139,41.973553],[3.222158,41.973571],[3.222177,41.97359],[3.222197,41.973608],[3.222211,41.973631],[3.222231,41.973647],[3.222259,41.973664],[3.222263,41.973688],[3.222257,41.97371],[3.222246,41.973731],[3.22223,41.973749],[3.222212,41.973766],[3.222196,41.973784],[3.222183,41.973803],[3.222174,41.973827],[3.22217,41.973849],[3.222145,41.97386],[3.222116,41.97387],[3.222097,41.973887],[3.222092,41.973908],[3.222078,41.973926],[3.222055,41.973944],[3.222047,41.973965],[3.222052,41.973986],[3.222068,41.974006],[3.222097,41.974013],[3.222126,41.974025],[3.222152,41.97404],[3.222197,41.974078],[3.222224,41.974092],[3.222251,41.974106],[3.222276,41.974121],[3.222288,41.974142],[3.222288,41.974166],[3.222281,41.974187],[3.222259,41.974204],[3.222231,41.974217],[3.222206,41.974228],[3.222181,41.974239],[3.222154,41.974254],[3.222127,41.974266],[3.2221,41.974277],[3.222069,41.974287],[3.222036,41.974297],[3.222005,41.974299],[3.221974,41.974299],[3.221945,41.974289],[3.22192,41.974274],[3.221901,41.974255],[3.22188,41.974235],[3.221858,41.974215],[3.22183,41.974202],[3.221812,41.974221],[3.221804,41.974243],[3.221801,41.974267],[3.221791,41.974291],[3.221772,41.974308],[3.22175,41.974324],[3.221722,41.974334],[3.221694,41.974344],[3.221665,41.97435],[3.221629,41.974358],[3.221598,41.974364],[3.221573,41.974376],[3.221556,41.974394],[3.221534,41.974408],[3.221505,41.974405],[3.221474,41.974395],[3.221446,41.974383],[3.221335,41.974324],[3.221306,41.974315],[3.221276,41.974301],[3.221251,41.974287],[3.22123,41.974266],[3.221219,41.974243],[3.221203,41.974221],[3.221179,41.974205],[3.221147,41.974192],[3.221117,41.974191],[3.221086,41.974191],[3.22105,41.974191],[3.22102,41.974199],[3.221,41.974214],[3.220978,41.974228],[3.220953,41.974243],[3.220923,41.974255],[3.220895,41.974256],[3.220861,41.974255],[3.220834,41.974244],[3.220807,41.974234],[3.220778,41.974217],[3.220752,41.9742],[3.220726,41.974188],[3.220694,41.974186],[3.220666,41.974192],[3.220641,41.974205],[3.220611,41.974207],[3.220581,41.974198],[3.220555,41.974189],[3.220526,41.974176],[3.2205,41.974166],[3.220406,41.974099],[3.220379,41.974088],[3.220345,41.974075],[3.220315,41.974068],[3.220285,41.974068],[3.220256,41.974068],[3.220227,41.974077],[3.220207,41.974095],[3.220191,41.974118],[3.220178,41.974139],[3.220164,41.974163],[3.221255,41.975413],[3.221805,41.97625],[3.224566,41.975688],[3.234014,41.970404],[3.233176,41.96903],[3.231556,41.967974],[3.230407,41.967772],[3.230395,41.967792],[3.230369,41.967804],[3.230341,41.967819],[3.230328,41.967839],[3.23029,41.967906],[3.230283,41.967928],[3.230267,41.967949],[3.23025,41.967966],[3.230232,41.967986],[3.230232,41.968009],[3.230235,41.968031],[3.230242,41.968054],[3.230251,41.968076],[3.230263,41.968099],[3.230271,41.968121],[3.230274,41.968144],[3.230274,41.968169],[3.230279,41.96819],[3.230295,41.968212],[3.230315,41.96823],[3.230318,41.968298],[3.230337,41.968298],[3.230379,41.968264],[3.230413,41.968244],[3.230448,41.968244],[3.230486,41.968244],[3.230502,41.968267],[3.230503,41.968299],[3.230507,41.968323],[3.230543,41.96832],[3.230586,41.968312],[3.230612,41.968309],[3.230652,41.968322],[3.230681,41.968316],[3.230713,41.968339],[3.230737,41.968354],[3.230791,41.968361],[3.230783,41.968377],[3.230767,41.968383],[3.230727,41.9684],[3.230767,41.968421],[3.230828,41.968424],[3.230869,41.968462],[3.230897,41.968471],[3.230913,41.968493],[3.230916,41.96851],[3.230944,41.968522],[3.230986,41.968543],[3.23101,41.968516],[3.23109,41.968491],[3.23113,41.968525],[3.231103,41.968569],[3.23102,41.968587],[3.230984,41.968611],[3.231072,41.968603],[3.231104,41.968617],[3.231136,41.968629],[3.231154,41.968647],[3.23117,41.968665],[3.231189,41.968687],[3.231205,41.96871],[3.231224,41.968731],[3.231252,41.968741],[3.231279,41.968762],[3.2313,41.968789],[3.231295,41.968821],[3.231254,41.968843],[3.231264,41.968863],[3.23129,41.968891],[3.231287,41.968923],[3.231269,41.968957],[3.231309,41.969],[3.231327,41.969041],[3.231268,41.96906],[3.231222,41.969048],[3.23119,41.969044],[3.231158,41.969039],[3.23113,41.969034],[3.231098,41.969029],[3.231069,41.969015],[3.231043,41.968998],[3.231015,41.968976],[3.23096,41.968947],[3.230821,41.968888],[3.230746,41.96885],[3.230684,41.968841],[3.230681,41.968857],[3.230744,41.968886],[3.230926,41.969009],[3.230945,41.96903],[3.230964,41.969051],[3.230984,41.969069],[3.231006,41.969086],[3.231056,41.969074],[3.231079,41.969104],[3.231044,41.969127],[3.231059,41.969142],[3.231087,41.969145],[3.231113,41.969129],[3.231142,41.969154],[3.231137,41.969179],[3.231098,41.96921],[3.231069,41.969221],[3.231048,41.969236],[3.230977,41.969242],[3.230908,41.969237],[3.230847,41.969222],[3.230813,41.969218],[3.230812,41.969252],[3.23081,41.969271],[3.230785,41.969281],[3.230733,41.969294],[3.230706,41.969283],[3.230694,41.969271],[3.230672,41.969263],[3.230648,41.969264],[3.230627,41.969248],[3.230605,41.969245],[3.230573,41.969251],[3.230551,41.96926],[3.230525,41.969269],[3.230536,41.96929],[3.23057,41.969316],[3.230583,41.969338],[3.230576,41.969349],[3.230552,41.969335],[3.230512,41.969364],[3.230485,41.969369],[3.230466,41.969365],[3.230458,41.969369],[3.230471,41.969375],[3.230492,41.969381],[3.230501,41.969391],[3.230483,41.969422],[3.230435,41.969449],[3.230404,41.96945],[3.230377,41.969472],[3.230329,41.969456],[3.230298,41.969433],[3.23028,41.969397],[3.230333,41.969353],[3.23037,41.96935],[3.230398,41.969355],[3.230428,41.969361],[3.230436,41.96936],[3.230419,41.969355],[3.230411,41.969346],[3.230398,41.969343],[3.230395,41.969331],[3.230359,41.969321],[3.230314,41.969338],[3.230267,41.969349],[3.23022,41.96937],[3.230241,41.969404],[3.23023,41.969426],[3.230229,41.969448],[3.230257,41.969485],[3.230286,41.969494],[3.230316,41.969503],[3.230346,41.969514],[3.230357,41.969533],[3.230387,41.969555],[3.230403,41.969576],[3.230378,41.969622],[3.230357,41.969626],[3.23033,41.969618],[3.230313,41.969636],[3.230303,41.969652],[3.230257,41.969667],[3.230269,41.969694],[3.230234,41.969731],[3.230247,41.96975],[3.230233,41.96976],[3.230174,41.969735],[3.230169,41.969763],[3.230153,41.969787],[3.230147,41.969812],[3.230178,41.969801],[3.230204,41.969831],[3.230186,41.969874],[3.230157,41.969855],[3.230116,41.969811],[3.230099,41.969814],[3.230096,41.969837],[3.230093,41.969873],[3.230107,41.969879],[3.23012,41.969901],[3.230123,41.969924],[3.230149,41.969923],[3.230158,41.969939],[3.23019,41.969952],[3.230178,41.969971],[3.23018,41.969991],[3.230172,41.970018],[3.230121,41.97004],[3.230105,41.970053],[3.230081,41.970048],[3.230055,41.970043],[3.230037,41.970059],[3.230011,41.970066],[3.230002,41.97008],[3.22995,41.970092],[3.229917,41.970064],[3.229905,41.970071],[3.229909,41.970089],[3.229849,41.9701],[3.229803,41.970106],[3.229753,41.970108],[3.229753,41.9701],[3.229797,41.97009],[3.229726,41.970088],[3.229698,41.970084],[3.229658,41.970093],[3.229626,41.9701],[3.229585,41.970089],[3.229525,41.970055],[3.2295,41.97007],[3.229471,41.97007],[3.229436,41.970065],[3.229407,41.970061],[3.229373,41.970058],[3.229344,41.970047],[3.229318,41.970035],[3.229293,41.970023],[3.229268,41.970009],[3.229249,41.969991],[3.22923,41.969973],[3.229211,41.969952],[3.229192,41.969933],[3.229178,41.969913],[3.229163,41.969888],[3.22916,41.969863],[3.22916,41.969838],[3.229157,41.969811],[3.229157,41.969787],[3.229157,41.969761],[3.229154,41.969734],[3.22915,41.969709],[3.229144,41.969686],[3.229137,41.969662],[3.229128,41.969637],[3.229112,41.969612],[3.229093,41.969592],[3.22907,41.96958],[3.229038,41.969573],[3.229007,41.969573],[3.228976,41.969573],[3.228944,41.969577],[3.228915,41.969583],[3.228881,41.969593],[3.228852,41.969601],[3.228795,41.969619],[3.228655,41.969662],[3.228628,41.969671],[3.228596,41.969682],[3.228566,41.969693],[3.228544,41.969712],[3.228531,41.969732],[3.228515,41.969751],[3.228495,41.969771],[3.228467,41.969788],[3.228439,41.969795],[3.228406,41.969798],[3.228372,41.9698],[3.22834,41.969802],[3.228314,41.969814],[3.228298,41.969834],[3.228289,41.969855],[3.228281,41.969877],[3.228273,41.969901],[3.228264,41.969927],[3.22825,41.969952],[3.228235,41.969977],[3.228213,41.969998],[3.228184,41.970002],[3.228155,41.969993],[3.22813,41.969981],[3.228101,41.969978],[3.228072,41.969975],[3.228014,41.970004],[3.227993,41.970023],[3.22797,41.970035],[3.227942,41.970049],[3.227919,41.970062],[3.22789,41.970069],[3.227858,41.970067],[3.227827,41.970062],[3.227795,41.970058],[3.227767,41.970047],[3.227723,41.970039],[3.227696,41.970036],[3.227661,41.970034],[3.227632,41.970034],[3.227602,41.970038],[3.227575,41.97005],[3.227557,41.970069],[3.22754,41.970087],[3.227522,41.970106],[3.227496,41.970118],[3.227464,41.970133],[3.227355,41.970155],[3.227328,41.970165],[3.227296,41.970168],[3.227268,41.970157],[3.227247,41.97014],[3.227226,41.970124],[3.227197,41.970118],[3.227165,41.970118],[3.227136,41.970118],[3.227107,41.970124],[3.227083,41.970137],[3.22706,41.970148],[3.227034,41.970155],[3.227,41.970159],[3.226965,41.970166],[3.226934,41.970172],[3.226895,41.970174],[3.226864,41.97017],[3.226828,41.970167],[3.226797,41.970174],[3.22677,41.970191],[3.226745,41.970212],[3.226743,41.970237],[3.226755,41.970258],[3.226778,41.97028],[3.226797,41.9703],[3.226797,41.970326],[3.22678,41.970343],[3.226752,41.970338],[3.226717,41.970338],[3.226687,41.970337],[3.226654,41.970338],[3.226634,41.970355],[3.226634,41.970379],[3.22664,41.970403],[3.226631,41.970424],[3.226633,41.97047],[3.226649,41.970491],[3.226665,41.970511],[3.226662,41.970533],[3.226646,41.970554],[3.226634,41.970574],[3.226619,41.970596],[3.22659,41.970604],[3.22656,41.970614],[3.226532,41.970623],[3.226511,41.970639],[3.226498,41.970659],[3.226482,41.970681],[3.226468,41.97071],[3.226455,41.970734],[3.22644,41.970756],[3.226424,41.97078],[3.226405,41.970799],[3.226382,41.970818],[3.22636,41.970836],[3.226333,41.970854],[3.226301,41.97087],[3.226271,41.97088],[3.226245,41.970895],[3.226211,41.970914],[3.226186,41.970925],[3.226112,41.970975],[3.226088,41.970989],[3.226065,41.971004],[3.226036,41.971019],[3.226014,41.971032],[3.225989,41.971043],[3.225956,41.971051],[3.225919,41.971057],[3.225893,41.971066],[3.225867,41.971077],[3.225852,41.971098],[3.225849,41.971121],[3.225849,41.971145],[3.225852,41.971167],[3.225867,41.971191],[3.225878,41.971214],[3.225876,41.971235],[3.225851,41.971281],[3.225826,41.971295],[3.225708,41.971339],[3.225677,41.971346],[3.225645,41.971351],[3.225614,41.971351],[3.225585,41.971351],[3.225563,41.971332],[3.225542,41.971316],[3.225512,41.971308],[3.225483,41.971315],[3.225458,41.971327],[3.225432,41.971344],[3.225402,41.971357],[3.225367,41.971364],[3.225339,41.971375],[3.225327,41.971394],[3.225329,41.971415],[3.225329,41.97144],[3.225339,41.971462],[3.225346,41.971486],[3.225348,41.971508],[3.22534,41.97153],[3.225339,41.971554],[3.225346,41.971576],[3.225355,41.971598],[3.225364,41.971619],[3.225352,41.97164],[3.225323,41.971636],[3.225305,41.971617],[3.225278,41.971604],[3.225251,41.971594],[3.225222,41.97159],[3.225186,41.971578],[3.225146,41.97157],[3.225119,41.971581],[3.225141,41.971599],[3.225161,41.971616],[3.225142,41.971637],[3.225075,41.971677],[3.225046,41.971684],[3.225018,41.971694],[3.225005,41.971714],[3.225005,41.971739],[3.224986,41.971759],[3.224957,41.971769],[3.224933,41.971784],[3.224925,41.971811],[3.224925,41.971834],[3.224925,41.971856],[3.224929,41.971877]]]},"properties":{"t":"relation","id":17267780,"kind":"swimming-area","name":"Zona vedada del Cap Negre al Pa de Pessic (Ses Negres)","name:ca":"Zona vedada del Cap Negre al Pa de Pessic (Ses Negres)","name:es":"Zona vedada del Cap Negre al Pa de Pessic (Ses Negres)","seamark:restricted_area:category":"swimming","seamark:type":"restricted_area"}},{"type":"Feature","geometry":{"type":"MultiPolygon","coordinates":[[[[3.227129,41.944632],[3.227118,41.944638],[3.227106,41.944642],[3.227092,41.944643],[3.227079,41.944642],[3.227068,41.944637],[3.227057,41.944631],[3.227047,41.944625],[3.227039,41.944619],[3.227034,41.944609],[3.227039,41.9446],[3.227046,41.944592],[3.227053,41.944585],[3.227062,41.944577],[3.227072,41.944571],[3.227082,41.944565],[3.227093,41.944559],[3.227104,41.944553],[3.227119,41.944548],[3.227131,41.944546],[3.227144,41.944543],[3.227157,41.944541],[3.227169,41.94454],[3.22718,41.944539],[3.227192,41.944538],[3.227202,41.944544],[3.22721,41.944552],[3.227214,41.94456],[3.227214,41.944571],[3.227209,41.94458],[3.227202,41.944588],[3.227194,41.944596],[3.227184,41.944604],[3.227173,41.94461],[3.227162,41.944616],[3.227129,41.944632]]],[[[3.22696,41.944593],[3.226946,41.94459],[3.226932,41.944586],[3.226918,41.944583],[3.226904,41.944581],[3.226891,41.944578],[3.226877,41.944575],[3.226868,41.944568],[3.226871,41.944559],[3.22688,41.944551],[3.226891,41.944544],[3.226902,41.944538],[3.226912,41.944532],[3.226924,41.944524],[3.226934,41.944518],[3.226943,41.944512],[3.226953,41.944506],[3.226965,41.944502],[3.226976,41.944499],[3.226989,41.944496],[3.227,41.944493],[3.227013,41.944491],[3.227025,41.944491],[3.227037,41.944493],[3.227047,41.944499],[3.227054,41.944507],[3.227061,41.944515],[3.227064,41.944524],[3.227063,41.944535],[3.227056,41.944543],[3.227049,41.944551],[3.227042,41.94456],[3.227035,41.944568],[3.227028,41.944577],[3.227021,41.944585],[3.227014,41.944593],[3.227002,41.944598],[3.226989,41.944598],[3.22696,41.944593]]],[[[3.227154,41.944516],[3.22714,41.944522],[3.227126,41.944525],[3.227114,41.944527],[3.227102,41.944523],[3.227095,41.944515],[3.227088,41.944507],[3.227084,41.944498],[3.227084,41.944489],[3.227088,41.944478],[3.227094,41.94447],[3.227103,41.944463],[3.227114,41.944458],[3.227128,41.944454],[3.227142,41.94445],[3.227153,41.944446],[3.227164,41.944441],[3.227175,41.944437],[3.227188,41.944433],[3.227198,41.94443],[3.22721,41.944428],[3.227221,41.944425],[3.227235,41.944424],[3.227249,41.944423],[3.227261,41.944423],[3.227272,41.944427],[3.227283,41.944432],[3.227292,41.94444],[3.227299,41.944448],[3.227305,41.944456],[3.227292,41.944457],[3.227277,41.944457],[3.227263,41.944459],[3.227249,41.944462],[3.227236,41.944465],[3.227222,41.94447],[3.227212,41.944474],[3.227202,41.944481],[3.227192,41.944487],[3.227182,41.944495],[3.227175,41.944503],[3.227154,41.944516]]]]},"properties":{"t":"relation","id":17966971,"kind":"dive-site","name":"Illa Negra","scuba_diving:difficulty":"1","scuba_diving:divespot":"yes","scuba_diving:entry":"boat","scuba_diving:maxdepth":"25","sport":"scuba_diving","maxDepth":25}},{"type":"Feature","geometry":{"type":"MultiPolygon","coordinates":[[[[3.219022,41.925374],[3.21901,41.925381],[3.218999,41.925385],[3.218985,41.925386],[3.218971,41.925387],[3.218959,41.925386],[3.218947,41.925383],[3.218935,41.925379],[3.218922,41.925374],[3.21891,41.925369],[3.218904,41.92536],[3.218902,41.92535],[3.218902,41.925339],[3.218904,41.925329],[3.218911,41.92532],[3.218919,41.925312],[3.218927,41.925306],[3.218938,41.925302],[3.21895,41.925299],[3.218962,41.925297],[3.218977,41.925297],[3.218989,41.925297],[3.219002,41.9253],[3.219014,41.925306],[3.219026,41.925308],[3.219041,41.925309],[3.219053,41.925308],[3.219066,41.925307],[3.219081,41.925305],[3.219094,41.925303],[3.219144,41.925305],[3.219156,41.925308],[3.219168,41.925312],[3.219181,41.925314],[3.219192,41.925319],[3.2192,41.925325],[3.21921,41.925331],[3.219219,41.925339],[3.219231,41.925342],[3.219253,41.925352],[3.21926,41.925352],[3.219267,41.925353],[3.219274,41.925354],[3.219281,41.925355],[3.219288,41.925355],[3.219295,41.925355],[3.2193,41.925357],[3.219304,41.925361],[3.219304,41.925366],[3.219298,41.92537],[3.219291,41.925373],[3.219283,41.925374],[3.219277,41.925376],[3.219282,41.925379],[3.219288,41.925382],[3.219295,41.925383],[3.219302,41.925383],[3.219309,41.925383],[3.219317,41.925383],[3.219324,41.925383],[3.21933,41.925383],[3.219338,41.925384],[3.219345,41.925386],[3.219351,41.925388],[3.219356,41.925392],[3.219356,41.925397],[3.21935,41.925399],[3.219342,41.925399],[3.219336,41.9254],[3.219326,41.9254],[3.21932,41.9254],[3.219312,41.9254],[3.219303,41.9254],[3.219295,41.9254],[3.219287,41.9254],[3.21928,41.9254],[3.219272,41.9254],[3.219263,41.9254],[3.219254,41.925401],[3.219245,41.925401],[3.219236,41.925401],[3.21923,41.925401],[3.219223,41.925402],[3.219217,41.925402],[3.219209,41.925403],[3.219202,41.925404],[3.219194,41.925405],[3.219187,41.925406],[3.219181,41.925407],[3.219174,41.925408],[3.219167,41.925408],[3.21916,41.925408],[3.219153,41.925408],[3.219147,41.925409],[3.219141,41.92541],[3.219134,41.925411],[3.219129,41.925413],[3.219123,41.925416],[3.219117,41.925417],[3.21911,41.925418],[3.219103,41.925418],[3.219097,41.925418],[3.21909,41.925416],[3.219084,41.925413],[3.219079,41.925409],[3.219077,41.925404],[3.219077,41.925399],[3.219078,41.925395],[3.219081,41.925391],[3.219085,41.925387],[3.219091,41.925385],[3.21909,41.92538],[3.219082,41.925378],[3.219074,41.925376],[3.219067,41.925375],[3.21906,41.925373],[3.219053,41.925373],[3.219046,41.925372],[3.219039,41.925373],[3.219033,41.925374],[3.219022,41.925374]]],[[[3.219518,41.925444],[3.219511,41.925443],[3.219503,41.925442],[3.219495,41.92544],[3.219487,41.925438],[3.21948,41.925436],[3.219474,41.925435],[3.219467,41.925433],[3.21946,41.925429],[3.219452,41.925427],[3.219445,41.925424],[3.219439,41.925423],[3.219433,41.92542],[3.219428,41.925417],[3.219423,41.925413],[3.219419,41.925408],[3.219417,41.925403],[3.219416,41.925399],[3.219417,41.925394],[3.219423,41.925393],[3.21943,41.925392],[3.219437,41.925392],[3.219443,41.925393],[3.21945,41.925394],[3.219456,41.925394],[3.219462,41.925395],[3.219469,41.925396],[3.219476,41.925398],[3.219484,41.925401],[3.219492,41.925402],[3.2195,41.925405],[3.219507,41.925407],[3.219514,41.925409],[3.21952,41.92541],[3.219527,41.925412],[3.219532,41.925414],[3.219538,41.925416],[3.219544,41.925415],[3.21955,41.925413],[3.219555,41.925411],[3.219561,41.925409],[3.219568,41.925407],[3.219574,41.925406],[3.219581,41.925406],[3.219586,41.925409],[3.219592,41.925411],[3.219596,41.925414],[3.219601,41.925419],[3.219604,41.925423],[3.219608,41.925428],[3.21961,41.925432],[3.219613,41.925437],[3.219615,41.925442],[3.219617,41.925446],[3.219619,41.925451],[3.219623,41.925456],[3.219626,41.92546],[3.219629,41.925465],[3.219632,41.92547],[3.219634,41.925474],[3.219635,41.925479],[3.219636,41.925483],[3.219636,41.925488],[3.219632,41.925492],[3.219626,41.92549],[3.219621,41.925487],[3.219615,41.925484],[3.21961,41.92548],[3.219605,41.925476],[3.2196,41.925471],[3.219595,41.925468],[3.219589,41.925465],[3.219585,41.925462],[3.219578,41.925459],[3.219571,41.925457],[3.219563,41.925456],[3.219555,41.925453],[3.219548,41.925451],[3.219541,41.92545],[3.219518,41.925444]]]]},"properties":{"t":"relation","id":17966972,"kind":"dive-site","name":"Illa de Sa Gavina","scuba_diving:difficulty":"1","scuba_diving:divespot":"yes","scuba_diving:entry":"boat","scuba_diving:maxdepth":"28","sport":"scuba_diving","maxDepth":28}},{"type":"Feature","geometry":{"type":"Polygon","coordinates":[[[3.151393,42.265331],[3.151383,42.265254],[3.151418,42.265171],[3.151455,42.265146],[3.151537,42.26513],[3.151751,42.265273],[3.154893,42.266362],[3.155613,42.266457],[3.155678,42.2665],[3.155613,42.266666],[3.155257,42.266649],[3.154814,42.266581],[3.151656,42.265475],[3.151393,42.265331]]]},"properties":{"t":"way","id":47512580,"kind":"harbour","name":"Clot dels Franquets Nord","name:ca":"Clot dels Franquets Nord","natural":"water","seamark:harbour:category":"marina","seamark:type":"harbour"}},{"type":"Feature","geometry":{"type":"Polygon","coordinates":[[[3.167194,42.440229],[3.167225,42.440176],[3.167241,42.440165],[3.167359,42.440234],[3.167383,42.440268],[3.167371,42.440271],[3.167363,42.440349],[3.167364,42.440354],[3.16735,42.440368],[3.167322,42.440349],[3.167304,42.440338],[3.167207,42.440302],[3.167168,42.440271],[3.167194,42.440229]]]},"properties":{"t":"way","id":64229178,"kind":"dive-centre","amenity":"dive_centre","name":"Plongée Cap Cerbère"}},{"type":"Feature","geometry":{"type":"LineString","coordinates":[[3.168007,42.425347],[3.167878,42.425403]]},"properties":{"t":"way","id":128671317,"kind":"harbour","seamark:type":"small_craft_facility"}},{"type":"Feature","geometry":{"type":"Polygon","coordinates":[[[3.296929,42.286987],[3.29709,42.286816],[3.297175,42.286859],[3.297013,42.287031],[3.296929,42.286987]]]},"properties":{"t":"way","id":130074231,"kind":"dive-site","name":"Divecenter Ulla und Paul","sport":"scuba_diving"}},{"type":"Feature","geometry":{"type":"Polygon","coordinates":[[[1.157917,41.087598],[1.158018,41.087698],[1.15806,41.087674],[1.158049,41.087662],[1.158074,41.087647],[1.15809,41.087663],[1.158161,41.087623],[1.158144,41.087606],[1.158169,41.087591],[1.158179,41.087601],[1.158215,41.08758],[1.158117,41.087483],[1.15807,41.08751],[1.158074,41.087515],[1.158054,41.087527],[1.158036,41.087509],[1.158003,41.087528],[1.157972,41.087546],[1.157992,41.087566],[1.157965,41.087582],[1.157958,41.087574],[1.157917,41.087598]]]},"properties":{"t":"way","id":135438809,"kind":"harbour","name":"Waitan Port","seamark:harbour:category":"marina","seamark:type":"harbour"}},{"type":"Feature","geometry":{"type":"LineString","coordinates":[[0.530223,40.551638],[0.530455,40.551537]]},"properties":{"t":"way","id":154212471,"kind":"harbour","highway":"service","seamark:type":"small_craft_facility"}},{"type":"Feature","geometry":{"type":"LineString","coordinates":[[1.251295,41.107006],[1.251403,41.106947]]},"properties":{"t":"way","id":154324899,"kind":"harbour","highway":"service","seamark:type":"small_craft_facility"}},{"type":"Feature","geometry":{"type":"Polygon","coordinates":[[[3.202259,41.89612],[3.202328,41.89595],[3.202508,41.895991],[3.202496,41.896025],[3.202564,41.896042],[3.202568,41.896031],[3.202578,41.896034],[3.202583,41.896026],[3.202634,41.896039],[3.202636,41.896062],[3.202635,41.89609],[3.202624,41.89612],[3.202602,41.896147],[3.202573,41.896173],[3.20254,41.896167],[3.202542,41.896158],[3.202515,41.896151],[3.20252,41.896139],[3.202452,41.896124],[3.202437,41.896161],[3.202259,41.89612]]]},"properties":{"t":"way","id":174963085,"kind":"light","name":"Sant Sebastià","name:ca":"Far de Sant Sebastià","seamark:type":"light_major"}},{"type":"Feature","geometry":{"type":"Polygon","coordinates":[[[3.134358,42.481748],[3.134034,42.481569],[3.133337,42.481255],[3.132867,42.480598],[3.132858,42.480579],[3.132871,42.480574],[3.133225,42.480464],[3.133651,42.480316],[3.134172,42.480168],[3.134449,42.480115],[3.134721,42.480094],[3.13517,42.480104],[3.135599,42.480169],[3.136076,42.480206],[3.136123,42.480258],[3.13618,42.480277],[3.136241,42.480283],[3.1363,42.480269],[3.136359,42.480218],[3.136384,42.480219],[3.13646,42.480346],[3.136835,42.480917],[3.136896,42.481549],[3.136773,42.481647],[3.136338,42.481343],[3.135471,42.481335],[3.134436,42.48175],[3.134358,42.481748]]]},"properties":{"t":"way","id":182685199,"kind":"harbour","seamark:harbour:category":"marina","seamark:type":"harbour"}},{"type":"Feature","geometry":{"type":"LineString","coordinates":[[1.664156,42.094839],[1.664139,42.094911],[1.664133,42.094937],[1.664118,42.094951],[1.664116,42.09498],[1.664103,42.095014]]},"properties":{"t":"way","id":197644348,"kind":"ladder","highway":"ladder","name":"Escala de Busa","name:ca":"Escala de Busa"}},{"type":"Feature","geometry":{"type":"Polygon","coordinates":[[[2.199083,41.384637],[2.199298,41.384296],[2.199453,41.384048],[2.199516,41.383975],[2.199897,41.384152],[2.200032,41.384106],[2.20022,41.384211],[2.200401,41.384325],[2.200778,41.384606],[2.201147,41.384904],[2.201549,41.385265],[2.20195,41.385666],[2.202287,41.386038],[2.202601,41.386425],[2.202632,41.386477],[2.202729,41.386605],[2.202605,41.386699],[2.202397,41.386855],[2.202147,41.386667],[2.202187,41.386638],[2.202147,41.386606],[2.202097,41.386645],[2.201204,41.385973],[2.201409,41.385815],[2.201175,41.385637],[2.201035,41.385742],[2.200985,41.385704],[2.201125,41.385598],[2.200838,41.385386],[2.200803,41.38541],[2.200797,41.385405],[2.200224,41.385838],[2.20023,41.385843],[2.20022,41.38585],[2.200199,41.385868],[2.200301,41.385952],[2.200328,41.385972],[2.200661,41.386222],[2.20069,41.386245],[2.201025,41.386496],[2.201056,41.38652],[2.201387,41.386769],[2.201411,41.386787],[2.201676,41.386986],[2.201713,41.387014],[2.201939,41.387184],[2.200438,41.388318],[2.20034,41.388245],[2.200241,41.388317],[2.198327,41.386885],[2.198431,41.386807],[2.198331,41.386733],[2.199518,41.385839],[2.199499,41.385826],[2.19949,41.385832],[2.199287,41.385681],[2.199423,41.385579],[2.199589,41.3857],[2.19984,41.385381],[2.199762,41.385325],[2.199914,41.38521],[2.19995,41.385239],[2.199986,41.385192],[2.199739,41.384998],[2.199575,41.384889],[2.199508,41.384849],[2.199308,41.384741],[2.199083,41.384637]]]},"properties":{"t":"way","id":209586285,"kind":"harbour","name":"Port Olímpic","seamark:harbour:category":"marina","seamark:type":"harbour"}},{"type":"Feature","geometry":{"type":"Polygon","coordinates":[[[2.164916,41.36937],[2.164606,41.369373],[2.164606,41.369402],[2.164611,41.369402],[2.164612,41.369452],[2.164629,41.369452],[2.164629,41.369475],[2.164629,41.369504],[2.164629,41.369528],[2.164614,41.369528],[2.164614,41.36958],[2.164608,41.36958],[2.164608,41.369606],[2.164919,41.369604],[2.164916,41.36937]]]},"properties":{"t":"way","id":243597373,"kind":"dive-site","sport":"scuba_diving"}},{"type":"Feature","geometry":{"type":"Polygon","coordinates":[[[1.525466,41.178149],[1.525717,41.178202],[1.525725,41.178203],[1.525837,41.178225],[1.526815,41.178401],[1.526836,41.178406],[1.527171,41.178108],[1.527178,41.178073],[1.527218,41.178053],[1.527263,41.178002],[1.527309,41.178012],[1.527374,41.178008],[1.527419,41.177984],[1.527465,41.177911],[1.527412,41.177817],[1.527743,41.176831],[1.527677,41.176724],[1.527218,41.176636],[1.5267,41.176562],[1.526324,41.176486],[1.525535,41.176319],[1.52544,41.176316],[1.525362,41.176378],[1.525072,41.177307],[1.525115,41.177362],[1.525188,41.177729],[1.525266,41.17805],[1.525281,41.178112],[1.525466,41.178149]]]},"properties":{"t":"way","id":265574431,"kind":"harbour","name":"Port de Comarruga","seamark:harbour:category":"marina","seamark:type":"harbour"}},{"type":"Feature","geometry":{"type":"Polygon","coordinates":[[[3.187146,42.351391],[3.187019,42.351332],[3.186938,42.351427],[3.187065,42.351486],[3.187146,42.351391]]]},"properties":{"t":"way","id":293207007,"kind":"light","name":"Far de s'Arenella","name:ca":"Far de s'Arenella","seamark:type":"light_major"}},{"type":"Feature","geometry":{"type":"Polygon","coordinates":[[[3.183148,42.245767],[3.183316,42.245888],[3.18321,42.245965],[3.183043,42.245845],[3.183148,42.245767]]]},"properties":{"t":"way","id":302348076,"kind":"light","seamark:light:character":"Oc","seamark:light:colour":"white","seamark:light:period":"15","seamark:light:range":"12","seamark:type":"light_minor"}},{"type":"Feature","geometry":{"type":"Polygon","coordinates":[[[2.238482,41.433359],[2.239432,41.432655],[2.239495,41.432657],[2.239547,41.432646],[2.239639,41.432627],[2.239651,41.43265],[2.239797,41.432621],[2.239912,41.43258],[2.240232,41.432516],[2.240373,41.432491],[2.240471,41.432476],[2.240553,41.432459],[2.241433,41.43228],[2.241292,41.432232],[2.241897,41.432113],[2.242649,41.431959],[2.242421,41.431381],[2.24242,41.431261],[2.242526,41.431177],[2.242606,41.431169],[2.242762,41.431254],[2.243946,41.434432],[2.24449,41.436033],[2.244916,41.437262],[2.244186,41.437403],[2.244224,41.437302],[2.243527,41.437435],[2.243368,41.43747],[2.24337,41.437473],[2.243378,41.437489],[2.243375,41.43749],[2.242881,41.437588],[2.242505,41.437144],[2.242433,41.437064],[2.242007,41.437141],[2.241758,41.437199],[2.241704,41.437215],[2.241819,41.437323],[2.241699,41.437366],[2.240637,41.43615],[2.240537,41.436144],[2.239452,41.434845],[2.239193,41.434415],[2.238462,41.433522],[2.238573,41.43347],[2.238482,41.433359]]]},"properties":{"t":"way","id":349432696,"kind":"harbour","name":"Port de Badalona","name:ca":"Port de Badalona","seamark:harbour:category":"marina","seamark:type":"harbour"}},{"type":"Feature","geometry":{"type":"Polygon","coordinates":[[[2.365301,41.490309],[2.365709,41.490446],[2.366371,41.490613],[2.367967,41.491194],[2.368194,41.491263],[2.368264,41.491303],[2.368411,41.491365],[2.368484,41.49141],[2.368473,41.491474],[2.368454,41.491583],[2.368577,41.491747],[2.368688,41.491694],[2.368593,41.491561],[2.368639,41.491432],[2.368972,41.490865],[2.369012,41.490875],[2.369641,41.490685],[2.369736,41.490663],[2.370367,41.489745],[2.370423,41.489696],[2.370533,41.489587],[2.370849,41.488924],[2.370652,41.488713],[2.369002,41.488064],[2.366918,41.487299],[2.366525,41.487215],[2.366151,41.487194],[2.365676,41.487222],[2.365323,41.487303],[2.364902,41.487461],[2.36476,41.48764],[2.364753,41.487748],[2.364784,41.487776],[2.364831,41.487797],[2.364832,41.488453],[2.364446,41.489128],[2.364416,41.489263],[2.364091,41.489755],[2.363996,41.489925],[2.365301,41.490309]]]},"properties":{"t":"way","id":352123224,"kind":"harbour","name":"Port de Premià","name:ca":"Port de Premià","seamark:harbour:category":"marina","seamark:type":"harbour"}},{"type":"Feature","geometry":{"type":"Polygon","coordinates":[[[2.230783,41.413831],[2.230552,41.413731],[2.230531,41.413722],[2.230251,41.413597],[2.23022,41.413583],[2.230063,41.413517],[2.230709,41.412669],[2.230551,41.412603],[2.230387,41.41283],[2.230345,41.412814],[2.229868,41.413437],[2.229672,41.413353],[2.229647,41.413342],[2.229228,41.413164],[2.229201,41.413152],[2.228894,41.413011],[2.228872,41.413002],[2.228658,41.412915],[2.228445,41.413198],[2.228467,41.413207],[2.228585,41.413052],[2.22924,41.413335],[2.228729,41.414001],[2.228719,41.414015],[2.228361,41.414495],[2.228348,41.414513],[2.228069,41.414882],[2.228052,41.414904],[2.227811,41.415218],[2.227795,41.415239],[2.227726,41.415326],[2.227683,41.415365],[2.227483,41.415459],[2.226952,41.414824],[2.226436,41.414308],[2.226544,41.414042],[2.226387,41.414005],[2.226415,41.413934],[2.226407,41.413933],[2.22625,41.413899],[2.226146,41.413878],[2.226087,41.414016],[2.226021,41.413965],[2.226013,41.413957],[2.226,41.413964],[2.225027,41.41323],[2.22554,41.412845],[2.226037,41.413613],[2.226723,41.413526],[2.226599,41.413786],[2.226627,41.41381],[2.226768,41.413846],[2.226877,41.413601],[2.226804,41.413584],[2.226836,41.413513],[2.227208,41.413457],[2.227395,41.413394],[2.227568,41.413303],[2.227949,41.413014],[2.227815,41.412917],[2.227859,41.412883],[2.22799,41.412982],[2.228045,41.412946],[2.227915,41.412851],[2.228039,41.412745],[2.228178,41.412845],[2.229285,41.412008],[2.229198,41.411939],[2.228818,41.411934],[2.228824,41.411856],[2.229471,41.411869],[2.229568,41.411795],[2.228871,41.410717],[2.228723,41.410501],[2.228991,41.410402],[2.228899,41.410241],[2.229159,41.409337],[2.229231,41.40936],[2.229306,41.409364],[2.229453,41.409303],[2.232945,41.414695],[2.232843,41.414699],[2.23273,41.414734],[2.232623,41.414686],[2.232656,41.414645],[2.23259,41.414615],[2.232479,41.414566],[2.232347,41.414508],[2.232198,41.414446],[2.232035,41.414374],[2.231857,41.414302],[2.231678,41.414218],[2.231656,41.414208],[2.231485,41.414133],[2.231465,41.414125],[2.231274,41.414044],[2.23125,41.414034],[2.231046,41.413949],[2.231012,41.413935],[2.230812,41.413844],[2.230783,41.413831]]]},"properties":{"t":"way","id":354250119,"kind":"harbour","name":"Port Fòrum Sant Adrià","seamark:harbour:category":"marina","seamark:type":"harbour"}},{"type":"Feature","geometry":{"type":"Polygon","coordinates":[[[3.234572,41.957704],[3.234593,41.957687],[3.234632,41.957678],[3.234651,41.957665],[3.234714,41.957669],[3.23474,41.957712],[3.234712,41.957728],[3.234684,41.957739],[3.234653,41.957737],[3.234595,41.957724],[3.234572,41.957704]]]},"properties":{"t":"way","id":356731947,"kind":"dive-site","alt_name":"Furió Fitor;Illa Fitor","name":"S'Encalladora","natural":"coastline","scuba_diving:difficulty":"1;2","scuba_diving:divespot":"yes","scuba_diving:entry":"boat","scuba_diving:maxdepth":"29","sport":"scuba_diving","maxDepth":29}},{"type":"Feature","geometry":{"type":"Polygon","coordinates":[[[2.138146,41.304334],[2.137409,41.304761],[2.137071,41.304952],[2.137028,41.304977],[2.136985,41.305002],[2.13694,41.305027],[2.136898,41.305051],[2.136853,41.305076],[2.13681,41.305101],[2.136758,41.30513],[2.136732,41.305145],[2.136688,41.30517],[2.136476,41.305291],[2.136407,41.30533],[2.136377,41.305338],[2.136335,41.305361],[2.136283,41.305391],[2.13623,41.30542],[2.136177,41.30545],[2.136124,41.30548],[2.13596,41.305572],[2.135864,41.305626],[2.137903,41.307617],[2.139912,41.309634],[2.140081,41.309769],[2.140184,41.309846],[2.140351,41.309945],[2.140281,41.310015],[2.143964,41.313701],[2.144175,41.313907],[2.144711,41.314441],[2.145583,41.315314],[2.146607,41.316336],[2.147019,41.316748],[2.147712,41.317453],[2.147823,41.317432],[2.148807,41.316878],[2.148149,41.31626],[2.149636,41.315417],[2.152396,41.31386],[2.154093,41.315605],[2.154333,41.315395],[2.154585,41.315142],[2.154763,41.315316],[2.154948,41.315216],[2.14399,41.304233],[2.143869,41.304308],[2.143963,41.304404],[2.143243,41.304819],[2.140347,41.306511],[2.138146,41.304334]]]},"properties":{"t":"way","id":385316853,"kind":"harbour","name":"Barcelona Europe South Terminal","seamark:harbour:category":"container","seamark:type":"harbour"}},{"type":"Feature","geometry":{"type":"Polygon","coordinates":[[[3.106365,41.846378],[3.106703,41.846777],[3.106936,41.846671],[3.106875,41.846593],[3.106963,41.846547],[3.1068,41.846342],[3.106888,41.8463],[3.106837,41.846124],[3.106706,41.84612],[3.106563,41.846264],[3.106365,41.846378]]]},"properties":{"t":"way","id":427917290,"kind":"harbour","seamark:harbour:category":"marina","seamark:type":"harbour"}},{"type":"Feature","geometry":{"type":"Polygon","coordinates":[[[3.127126,41.846452],[3.12745,41.846154],[3.127882,41.845695],[3.127831,41.845479],[3.127772,41.845487],[3.127715,41.845599],[3.12712,41.84616],[3.126876,41.846294],[3.127126,41.846452]]]},"properties":{"t":"way","id":427917987,"kind":"harbour","name":"Associació Front al Mar","seamark:harbour:category":"marina","seamark:type":"harbour"}},{"type":"Feature","geometry":{"type":"Polygon","coordinates":[[[0.937679,41.003241],[0.937786,41.003205],[0.937738,41.003134],[0.937631,41.003176],[0.937679,41.003241]]]},"properties":{"t":"way","id":567586031,"kind":"dive-centre","name":"Escuela Naútica Miami","shop":"scuba_diving"}},{"type":"Feature","geometry":{"type":"Polygon","coordinates":[[[1.736974,41.216933],[1.736971,41.216933],[1.736994,41.217047],[1.737222,41.217021],[1.737212,41.216975],[1.737242,41.216971],[1.73724,41.216961],[1.737242,41.216965],[1.737246,41.216969],[1.737251,41.216972],[1.737257,41.216974],[1.737263,41.216974],[1.73727,41.216974],[1.737276,41.216972],[1.737281,41.216969],[1.737285,41.216965],[1.737287,41.216961],[1.737288,41.216956],[1.737287,41.216952],[1.737285,41.216947],[1.737281,41.216943],[1.737276,41.21694],[1.73727,41.216938],[1.737264,41.216938],[1.737258,41.216938],[1.737252,41.21694],[1.737247,41.216943],[1.737243,41.216947],[1.73724,41.216951],[1.737239,41.216956],[1.737238,41.216949],[1.737208,41.216953],[1.737199,41.216907],[1.737193,41.216908],[1.737187,41.216879],[1.736968,41.216905],[1.736974,41.216933]]]},"properties":{"t":"way","id":610319747,"kind":"light","alt_name":"Farola de Sant Cristòfol;la Farola","name":"Far de Sant Cristòfol","name:ca":"Far de Sant Cristòfol","seamark:type":"light_major"}},{"type":"Feature","geometry":{"type":"Polygon","coordinates":[[[2.15331,41.342699],[2.153116,41.34273],[2.153007,41.342943],[2.153219,41.344463],[2.152856,41.344494],[2.153008,41.345601],[2.152641,41.345628],[2.152738,41.346337],[2.151956,41.346402],[2.151936,41.346249],[2.151949,41.346248],[2.151924,41.34606],[2.151909,41.346061],[2.151887,41.345904],[2.151901,41.345903],[2.151882,41.345776],[2.151872,41.345752],[2.151862,41.345737],[2.151848,41.345727],[2.151838,41.345723],[2.151826,41.345719],[2.151812,41.345719],[2.151799,41.345724],[2.151788,41.345732],[2.151779,41.345745],[2.151769,41.345768],[2.151787,41.345912],[2.151802,41.345911],[2.151822,41.346068],[2.15181,41.346069],[2.151836,41.346258],[2.15185,41.346258],[2.151871,41.346409],[2.150916,41.346485],[2.149941,41.339358],[2.14962,41.33705],[2.149568,41.336676],[2.149557,41.336669],[2.145611,41.336552],[2.145627,41.336324],[2.145613,41.336323],[2.145315,41.336427],[2.144685,41.335413],[2.144278,41.334745],[2.147284,41.3337],[2.145854,41.331372],[2.146087,41.33129],[2.145906,41.330989],[2.148824,41.329973],[2.148936,41.33],[2.149187,41.330434],[2.148911,41.33053],[2.148853,41.330438],[2.148791,41.33046],[2.148916,41.330663],[2.148976,41.330642],[2.148921,41.330549],[2.149195,41.330451],[2.149527,41.330957],[2.149487,41.331061],[2.149503,41.331127],[2.149558,41.331224],[2.149429,41.331277],[2.149281,41.331037],[2.149177,41.331074],[2.1494,41.331435],[2.149503,41.331399],[2.149471,41.331347],[2.149641,41.331286],[2.149745,41.331325],[2.150034,41.331798],[2.150081,41.331809],[2.150369,41.332285],[2.150293,41.332364],[2.150309,41.332409],[2.15016,41.332461],[2.150109,41.332384],[2.150006,41.33242],[2.150123,41.332602],[2.150226,41.332563],[2.150198,41.332516],[2.150352,41.332465],[2.150496,41.332513],[2.151165,41.333578],[2.151072,41.333626],[2.15107,41.333665],[2.150932,41.33371],[2.150894,41.333652],[2.150778,41.333689],[2.150901,41.333878],[2.151015,41.33384],[2.150977,41.333777],[2.151129,41.333727],[2.151167,41.333755],[2.151257,41.333732],[2.151971,41.334871],[2.151965,41.334907],[2.151877,41.334927],[2.151881,41.33497],[2.151737,41.335017],[2.151716,41.334979],[2.151602,41.335014],[2.151686,41.335154],[2.151795,41.335115],[2.151776,41.335078],[2.151933,41.335028],[2.151981,41.335053],[2.152073,41.33504],[2.152828,41.336249],[2.152797,41.336282],[2.152728,41.336313],[2.152736,41.336346],[2.152598,41.336396],[2.152579,41.336362],[2.15246,41.336398],[2.152548,41.336539],[2.152653,41.336504],[2.152633,41.336465],[2.152777,41.336418],[2.152799,41.336432],[2.152899,41.336427],[2.15294,41.336444],[2.153686,41.337652],[2.153581,41.337706],[2.153585,41.337736],[2.153447,41.337788],[2.153425,41.337753],[2.153315,41.337788],[2.153399,41.337929],[2.153509,41.337893],[2.153484,41.337851],[2.153633,41.337804],[2.153658,41.337838],[2.153691,41.33784],[2.153769,41.337806],[2.154414,41.338878],[2.154338,41.338931],[2.15434,41.338971],[2.154209,41.339016],[2.154184,41.338976],[2.154114,41.339],[2.154072,41.339014],[2.154162,41.339149],[2.15427,41.339115],[2.154238,41.339072],[2.154368,41.339025],[2.154426,41.33906],[2.154503,41.339063],[2.154695,41.339322],[2.154628,41.339344],[2.15456,41.339239],[2.154374,41.339299],[2.154628,41.33972],[2.154816,41.339656],[2.15475,41.33954],[2.154828,41.339513],[2.155596,41.34078],[2.155452,41.340832],[2.155402,41.340749],[2.155327,41.340775],[2.155289,41.340788],[2.155354,41.340898],[2.155343,41.340902],[2.155394,41.340988],[2.155446,41.340969],[2.155523,41.340943],[2.15549,41.340891],[2.155629,41.340842],[2.156293,41.34186],[2.157034,41.342198],[2.156996,41.342253],[2.15691,41.342213],[2.156843,41.342293],[2.157094,41.342405],[2.157158,41.342322],[2.157054,41.342279],[2.157097,41.342227],[2.157916,41.342594],[2.158233,41.342567],[2.158308,41.342577],[2.158386,41.342643],[2.158424,41.342733],[2.159141,41.343205],[2.159155,41.343195],[2.159266,41.343263],[2.15931,41.343267],[2.159465,41.343229],[2.159476,41.343251],[2.16119,41.342588],[2.161163,41.342476],[2.161027,41.342097],[2.16138,41.342033],[2.161494,41.342046],[2.161829,41.341955],[2.16207,41.341939],[2.162801,41.341793],[2.162856,41.341995],[2.162629,41.342039],[2.16259,41.342077],[2.162644,41.342358],[2.162492,41.34238],[2.162498,41.342405],[2.162523,41.342509],[2.164244,41.34223],[2.164223,41.342152],[2.16421,41.342105],[2.164057,41.342131],[2.163988,41.341961],[2.164227,41.341925],[2.164295,41.341897],[2.164305,41.341845],[2.164238,41.341516],[2.164654,41.341481],[2.16475,41.341513],[2.164969,41.341491],[2.165085,41.341432],[2.165868,41.341319],[2.165947,41.341358],[2.166173,41.341326],[2.166239,41.341282],[2.166239,41.341171],[2.16619,41.34108],[2.16611,41.341062],[2.165348,41.341192],[2.165109,41.340564],[2.165006,41.340298],[2.164913,41.340256],[2.164071,41.338316],[2.164915,41.33816],[2.164925,41.338109],[2.165154,41.338073],[2.165235,41.338339],[2.16525,41.338336],[2.165389,41.338313],[2.165178,41.337588],[2.165037,41.33761],[2.165023,41.337613],[2.165099,41.337877],[2.164877,41.337912],[2.164862,41.33787],[2.163941,41.338018],[2.159248,41.327303],[2.159123,41.327149],[2.158908,41.32712],[2.158773,41.327188],[2.158732,41.327349],[2.158823,41.327529],[2.158881,41.32755],[2.158964,41.327768],[2.158868,41.327826],[2.15428,41.327857],[2.15428,41.327823],[2.154366,41.327734],[2.154409,41.327717],[2.15445,41.327648],[2.154465,41.327557],[2.154488,41.327529],[2.154476,41.327458],[2.154424,41.327406],[2.15442,41.327349],[2.154373,41.327325],[2.154333,41.327251],[2.154239,41.327212],[2.154229,41.327218],[2.154206,41.32722],[2.1542,41.327215],[2.154182,41.327216],[2.154161,41.327243],[2.15413,41.327257],[2.154093,41.327247],[2.154053,41.327269],[2.154063,41.327309],[2.154193,41.327427],[2.154238,41.327485],[2.154233,41.327539],[2.154209,41.327598],[2.154183,41.327606],[2.154107,41.327649],[2.153969,41.327683],[2.153922,41.327575],[2.153871,41.327594],[2.153825,41.327523],[2.153886,41.327501],[2.152549,41.323507],[2.152392,41.323257],[2.152369,41.323146],[2.152301,41.323024],[2.152104,41.322866],[2.152015,41.322727],[2.152077,41.322653],[2.152214,41.322578],[2.152435,41.322662],[2.152451,41.32275],[2.152388,41.322885],[2.152408,41.322935],[2.152472,41.32298],[2.152555,41.322982],[2.152626,41.322948],[2.152673,41.32287],[2.152682,41.32277],[2.152567,41.322544],[2.15245,41.322438],[2.15249,41.322293],[2.15265,41.322128],[2.152631,41.322036],[2.152421,41.321838],[2.152218,41.321835],[2.15208,41.321792],[2.152115,41.321699],[2.152347,41.321695],[2.153552,41.322001],[2.153826,41.322005],[2.15407,41.321923],[2.15619,41.320718],[2.156377,41.320592],[2.1565,41.320444],[2.156562,41.320273],[2.156542,41.320098],[2.156484,41.319976],[2.156378,41.319859],[2.152934,41.316386],[2.152903,41.316274],[2.153802,41.315796],[2.154093,41.315605],[2.154333,41.315395],[2.154585,41.315142],[2.154763,41.315316],[2.154948,41.315216],[2.14399,41.304233],[2.143869,41.304308],[2.143963,41.304404],[2.143243,41.304819],[2.143041,41.304807],[2.142874,41.304747],[2.142347,41.304285],[2.142307,41.304173],[2.142441,41.303334],[2.142655,41.303226],[2.142562,41.303083],[2.142786,41.30296],[2.142936,41.303065],[2.144131,41.302375],[2.144776,41.303013],[2.145094,41.302839],[2.144918,41.302656],[2.144685,41.302788],[2.144226,41.302327],[2.145121,41.301868],[2.145215,41.301819],[2.143343,41.299957],[2.142724,41.299286],[2.143721,41.298468],[2.145024,41.297721],[2.146542,41.297282],[2.147882,41.297127],[2.148519,41.297123],[2.149154,41.297174],[2.150083,41.297341],[2.15082,41.297547],[2.151396,41.297781],[2.151475,41.29776],[2.151815,41.297208],[2.152201,41.296659],[2.152612,41.29622],[2.152884,41.296342],[2.153714,41.296802],[2.154095,41.297043],[2.154189,41.297104],[2.154427,41.29728],[2.154828,41.297606],[2.155096,41.297853],[2.155372,41.29811],[2.166262,41.309016],[2.166298,41.309007],[2.166526,41.309264],[2.16678,41.309677],[2.166978,41.310083],[2.167089,41.310466],[2.167159,41.310742],[2.167195,41.311188],[2.167155,41.311769],[2.166981,41.312352],[2.165403,41.317197],[2.165333,41.317187],[2.165139,41.317778],[2.165434,41.317832],[2.165561,41.317431],[2.165752,41.317406],[2.166256,41.315906],[2.167342,41.312579],[2.167616,41.311324],[2.167469,41.310366],[2.167108,41.309476],[2.166622,41.308837],[2.166388,41.308657],[2.166304,41.308698],[2.155452,41.297819],[2.154916,41.297351],[2.154506,41.297022],[2.153971,41.296666],[2.153273,41.296276],[2.153225,41.296073],[2.153015,41.295956],[2.151552,41.295384],[2.150035,41.29512],[2.148876,41.294996],[2.14744,41.295013],[2.146494,41.295131],[2.145896,41.295229],[2.145156,41.295381],[2.144437,41.295591],[2.143374,41.296002],[2.14257,41.296413],[2.141701,41.297026],[2.13864,41.29937],[2.132386,41.304177],[2.132427,41.304204],[2.132519,41.304265],[2.130964,41.305819],[2.131563,41.305554],[2.131917,41.305465],[2.132285,41.305436],[2.132681,41.305423],[2.133326,41.305509],[2.133892,41.305757],[2.134384,41.306102],[2.134483,41.306307],[2.134528,41.306482],[2.134524,41.306643],[2.134436,41.306873],[2.132392,41.308571],[2.124648,41.314736],[2.132011,41.320041],[2.13235,41.322174],[2.132902,41.322222],[2.13308,41.322324],[2.133271,41.322427],[2.133401,41.32256],[2.133479,41.322648],[2.133589,41.322816],[2.133716,41.323323],[2.133827,41.323575],[2.135305,41.325973],[2.138418,41.324905],[2.139802,41.327194],[2.142195,41.331072],[2.142251,41.331209],[2.142257,41.331273],[2.142247,41.331384],[2.142215,41.331464],[2.142119,41.331587],[2.142047,41.331646],[2.141942,41.331707],[2.140349,41.332268],[2.13968,41.332525],[2.139781,41.332802],[2.139723,41.332855],[2.139612,41.332997],[2.139536,41.333148],[2.139481,41.333295],[2.139432,41.333491],[2.146202,41.344493],[2.146873,41.345567],[2.147155,41.345977],[2.147438,41.346314],[2.148294,41.347236],[2.148568,41.348346],[2.148701,41.348525],[2.148917,41.348816],[2.149238,41.349172],[2.149591,41.34946],[2.150058,41.349744],[2.15045,41.349924],[2.154006,41.351148],[2.154078,41.351199],[2.154327,41.351316],[2.15539,41.351638],[2.156794,41.352107],[2.156937,41.352094],[2.156979,41.352064],[2.157019,41.352024],[2.157322,41.352162],[2.157294,41.352202],[2.157295,41.352256],[2.15732,41.352301],[2.157455,41.352466],[2.161556,41.356172],[2.16206,41.356878],[2.163681,41.358032],[2.164196,41.358376],[2.16459,41.358604],[2.16625,41.359461],[2.170851,41.36189],[2.171408,41.362511],[2.174157,41.366131],[2.174126,41.366145],[2.174068,41.36617],[2.174616,41.366888],[2.173518,41.367362],[2.173417,41.367405],[2.173002,41.367584],[2.172397,41.367848],[2.173012,41.368601],[2.173317,41.369216],[2.173616,41.371026],[2.175432,41.373297],[2.17618,41.374129],[2.176255,41.374089],[2.176689,41.374505],[2.177332,41.375281],[2.178006,41.376252],[2.182223,41.381351],[2.182766,41.381181],[2.183939,41.381279],[2.185159,41.382575],[2.18624,41.382066],[2.18687,41.381896],[2.189761,41.374388],[2.189445,41.373638],[2.189409,41.373547],[2.189326,41.372925],[2.189353,41.372924],[2.189348,41.372903],[2.189378,41.3729],[2.18937,41.372854],[2.189316,41.372858],[2.189248,41.372446],[2.189303,41.37244],[2.189289,41.372352],[2.189234,41.372357],[2.189037,41.371149],[2.189061,41.371146],[2.189058,41.371122],[2.189089,41.371118],[2.18908,41.371072],[2.189025,41.371075],[2.188894,41.370251],[2.188847,41.369969],[2.189213,41.369439],[2.189786,41.369376],[2.189836,41.369606],[2.190177,41.369559],[2.190933,41.369362],[2.19113,41.36931],[2.191526,41.369989],[2.191652,41.370008],[2.191765,41.369975],[2.191863,41.369931],[2.191892,41.369846],[2.187762,41.363408],[2.187093,41.361536],[2.186852,41.361581],[2.185361,41.357735],[2.184598,41.357904],[2.18466,41.358059],[2.185036,41.357977],[2.185058,41.357981],[2.185123,41.358145],[2.185282,41.358111],[2.186622,41.361625],[2.186596,41.36168],[2.187063,41.362939],[2.186523,41.363057],[2.18665,41.363385],[2.187339,41.363574],[2.189232,41.366574],[2.188894,41.366703],[2.189002,41.366872],[2.187951,41.367261],[2.187662,41.366783],[2.187292,41.366171],[2.186779,41.365321],[2.186202,41.364366],[2.186724,41.364164],[2.186714,41.364144],[2.186654,41.364029],[2.186544,41.364022],[2.186153,41.364166],[2.185965,41.364274],[2.185505,41.364646],[2.185362,41.364672],[2.185139,41.365294],[2.184934,41.365255],[2.184934,41.365632],[2.184977,41.365671],[2.18509,41.365702],[2.185134,41.365689],[2.185363,41.36536],[2.185369,41.365361],[2.185286,41.365638],[2.185266,41.365635],[2.185261,41.365653],[2.185315,41.365662],[2.185317,41.365656],[2.185309,41.365654],[2.185372,41.36544],[2.185416,41.365419],[2.185463,41.365476],[2.185405,41.365679],[2.18545,41.365686],[2.185454,41.365669],[2.185435,41.365666],[2.185482,41.365501],[2.186681,41.366912],[2.186763,41.367333],[2.186871,41.367827],[2.186894,41.36793],[2.186946,41.368169],[2.186973,41.368291],[2.186876,41.368299],[2.187199,41.370004],[2.186177,41.370124],[2.185874,41.368478],[2.185992,41.368409],[2.18596,41.368024],[2.185679,41.368041],[2.185689,41.3681],[2.185248,41.368141],[2.185244,41.368115],[2.185147,41.368123],[2.185192,41.368482],[2.184713,41.368533],[2.184685,41.368541],[2.184658,41.368556],[2.184636,41.368578],[2.184625,41.368604],[2.184965,41.370416],[2.184636,41.370445],[2.184604,41.370456],[2.18458,41.370475],[2.184563,41.370503],[2.18456,41.370533],[2.184666,41.371174],[2.184713,41.3712],[2.184741,41.371375],[2.184705,41.371406],[2.184778,41.371837],[2.185808,41.371741],[2.185821,41.371815],[2.185836,41.371905],[2.185919,41.372404],[2.187404,41.372279],[2.187543,41.373156],[2.187128,41.373192],[2.186823,41.373286],[2.187094,41.373785],[2.186842,41.373538],[2.186802,41.37356],[2.187119,41.373875],[2.187489,41.374557],[2.186661,41.374815],[2.185935,41.374533],[2.185645,41.372647],[2.185608,41.372603],[2.185548,41.372589],[2.184914,41.372643],[2.184919,41.372697],[2.184989,41.373161],[2.185058,41.373602],[2.185132,41.374048],[2.185204,41.374502],[2.185272,41.374921],[2.185285,41.374948],[2.185308,41.374976],[2.185057,41.374996],[2.185074,41.375059],[2.185086,41.375102],[2.185288,41.375072],[2.185307,41.375147],[2.185585,41.375107],[2.185618,41.375233],[2.185817,41.375204],[2.185852,41.375335],[2.186075,41.375304],[2.186117,41.375463],[2.186393,41.375422],[2.186436,41.375585],[2.186717,41.375544],[2.186758,41.375704],[2.186801,41.375698],[2.186842,41.375856],[2.186515,41.375905],[2.186551,41.376053],[2.18679,41.375913],[2.186835,41.375907],[2.186603,41.37605],[2.186895,41.37601],[2.187197,41.377223],[2.186449,41.377337],[2.186444,41.377412],[2.187279,41.377557],[2.186624,41.379202],[2.186462,41.379647],[2.186362,41.37992],[2.185867,41.380138],[2.184664,41.380706],[2.183652,41.380493],[2.183669,41.380453],[2.185033,41.376975],[2.185172,41.376938],[2.185219,41.376796],[2.18497,41.376731],[2.184901,41.376644],[2.184272,41.375858],[2.183056,41.374339],[2.182922,41.374315],[2.182571,41.37447],[2.182678,41.374176],[2.182625,41.374186],[2.182569,41.3742],[2.182473,41.374229],[2.182419,41.374253],[2.182368,41.37428],[2.182296,41.374324],[2.182221,41.37438],[2.182129,41.374464],[2.182071,41.374517],[2.18201,41.374556],[2.181944,41.374586],[2.181894,41.374605],[2.181846,41.374617],[2.181722,41.374634],[2.181656,41.374647],[2.181594,41.374665],[2.181511,41.374694],[2.181416,41.374735],[2.181333,41.374776],[2.181253,41.374819],[2.181149,41.374883],[2.181113,41.374983],[2.181103,41.375013],[2.181094,41.375037],[2.181093,41.375048],[2.181098,41.375056],[2.181105,41.37506],[2.181112,41.375061],[2.181118,41.375061],[2.182029,41.374675],[2.182091,41.374689],[2.181653,41.37489],[2.181604,41.37504],[2.181585,41.375036],[2.181487,41.375353],[2.181611,41.375518],[2.181557,41.375541],[2.181651,41.375657],[2.181704,41.375634],[2.181772,41.37572],[2.181791,41.375711],[2.181798,41.375721],[2.1821,41.3761],[2.182116,41.37612],[2.182419,41.376494],[2.182473,41.376567],[2.1828,41.376995],[2.182943,41.377172],[2.183104,41.377371],[2.183255,41.37755],[2.182775,41.378779],[2.182512,41.379459],[2.182305,41.379552],[2.179525,41.376074],[2.17963,41.376007],[2.179606,41.375988],[2.179587,41.375965],[2.179571,41.37594],[2.179562,41.375911],[2.17956,41.375812],[2.179613,41.375811],[2.179662,41.375803],[2.179714,41.375786],[2.179761,41.375762],[2.179797,41.375738],[2.179833,41.375704],[2.179875,41.375677],[2.17991,41.375662],[2.179955,41.375656],[2.18002,41.37565],[2.180079,41.375639],[2.180153,41.375616],[2.180194,41.375599],[2.180226,41.37558],[2.180262,41.375551],[2.180285,41.375522],[2.180301,41.375493],[2.180307,41.375468],[2.180303,41.375444],[2.180295,41.375424],[2.180286,41.375408],[2.180441,41.375342],[2.180444,41.375361],[2.180473,41.375371],[2.180485,41.375386],[2.180485,41.375414],[2.180508,41.37542],[2.180539,41.375407],[2.180545,41.375388],[2.180516,41.375378],[2.180503,41.375362],[2.180506,41.375334],[2.180484,41.375324],[2.180879,41.375162],[2.180894,41.37512],[2.180904,41.375094],[2.180915,41.375065],[2.180952,41.374967],[2.180849,41.374998],[2.180739,41.375062],[2.180669,41.375126],[2.180615,41.375162],[2.18057,41.375184],[2.180512,41.375207],[2.180451,41.375222],[2.180376,41.375234],[2.180306,41.37524],[2.180228,41.375256],[2.180146,41.375276],[2.180042,41.375317],[2.17998,41.375357],[2.179938,41.375391],[2.179911,41.375431],[2.1799,41.375471],[2.179902,41.375502],[2.17991,41.375536],[2.179928,41.37556],[2.17953,41.375731],[2.179496,41.375693],[2.17946,41.375663],[2.179416,41.375636],[2.179379,41.37562],[2.179343,41.375608],[2.179282,41.375596],[2.179193,41.375659],[2.179169,41.375628],[2.179117,41.375561],[2.179031,41.375449],[2.179006,41.375418],[2.179026,41.375407],[2.178799,41.37512],[2.178775,41.375129],[2.178756,41.375105],[2.178663,41.37499],[2.178627,41.374945],[2.178514,41.374805],[2.177977,41.374139],[2.178269,41.374007],[2.178194,41.373914],[2.178125,41.373819],[2.178893,41.37347],[2.183047,41.371584],[2.182929,41.371435],[2.182108,41.3704],[2.182058,41.370368],[2.182006,41.370368],[2.177608,41.372354],[2.177468,41.372162],[2.177382,41.372118],[2.177093,41.37214],[2.176749,41.369852],[2.177109,41.369821],[2.177073,41.369567],[2.177041,41.369354],[2.176682,41.36938],[2.176394,41.367424],[2.17669,41.3674],[2.176526,41.367137],[2.17969,41.365965],[2.179844,41.366228],[2.180777,41.365849],[2.180447,41.36533],[2.180439,41.365318],[2.182323,41.364629],[2.182339,41.364653],[2.182401,41.364749],[2.182901,41.364855],[2.182864,41.365159],[2.182893,41.365196],[2.183012,41.365223],[2.183063,41.3652],[2.183282,41.364908],[2.183072,41.364862],[2.183321,41.364198],[2.183467,41.363257],[2.183074,41.363197],[2.180495,41.359067],[2.176057,41.352099],[2.176045,41.351903],[2.176009,41.351671],[2.175942,41.351502],[2.175477,41.350829],[2.175257,41.349753],[2.175016,41.349182],[2.172045,41.335044],[2.171834,41.334918],[2.16989,41.326431],[2.17296,41.317236],[2.172799,41.31705],[2.172558,41.317035],[2.17236,41.317107],[2.172296,41.317332],[2.172425,41.31742],[2.169373,41.326341],[2.171168,41.333922],[2.170073,41.334061],[2.169985,41.334125],[2.169963,41.334184],[2.170043,41.334548],[2.170076,41.334597],[2.170131,41.334622],[2.170206,41.334613],[2.170246,41.334592],[2.170269,41.334557],[2.170242,41.334523],[2.170203,41.334507],[2.170132,41.334195],[2.170791,41.33411],[2.17084,41.334105],[2.171088,41.335119],[2.170729,41.33518],[2.170744,41.335385],[2.170496,41.335564],[2.170991,41.337796],[2.170036,41.337918],[2.169976,41.337666],[2.169818,41.337681],[2.169932,41.338203],[2.169901,41.338206],[2.169893,41.338153],[2.169508,41.338199],[2.169538,41.338319],[2.16991,41.33827],[2.169903,41.338222],[2.169933,41.338221],[2.169975,41.338394],[2.169938,41.338398],[2.169925,41.338348],[2.169555,41.338395],[2.169578,41.338516],[2.169957,41.338466],[2.169944,41.338416],[2.169978,41.338412],[2.170017,41.338606],[2.169983,41.338611],[2.16997,41.33854],[2.169595,41.338585],[2.16962,41.338705],[2.16999,41.338665],[2.169986,41.338632],[2.170025,41.338625],[2.17222,41.348811],[2.171869,41.348853],[2.171917,41.349065],[2.171945,41.349125],[2.171992,41.349233],[2.172102,41.349404],[2.172423,41.349289],[2.182256,41.364524],[2.180376,41.365218],[2.179771,41.364267],[2.179321,41.36356],[2.178992,41.363679],[2.179276,41.364122],[2.17599,41.365326],[2.17377,41.362415],[2.173484,41.362039],[2.17385,41.361885],[2.173702,41.361653],[2.176165,41.360744],[2.176178,41.360765],[2.176742,41.360557],[2.175475,41.358641],[2.17537,41.358609],[2.172909,41.359518],[2.170931,41.360252],[2.169901,41.358648],[2.17304,41.356535],[2.17305,41.356526],[2.173055,41.356515],[2.17305,41.3565],[2.166981,41.347258],[2.166906,41.347144],[2.163565,41.348395],[2.163633,41.348504],[2.163687,41.348485],[2.163705,41.348516],[2.163381,41.348635],[2.163345,41.348629],[2.16304,41.348454],[2.163069,41.348424],[2.163143,41.348464],[2.163239,41.34837],[2.157682,41.345206],[2.157696,41.345188],[2.15331,41.342699]]]},"properties":{"t":"way","id":618112529,"kind":"harbour","name":"Port de Barcelona","name:ca":"Port de Barcelona","seamark:type":"harbour"}},{"type":"Feature","geometry":{"type":"Polygon","coordinates":[[[2.182512,41.379459],[2.182305,41.379552],[2.179525,41.376074],[2.17963,41.376007],[2.179606,41.375988],[2.179587,41.375965],[2.179571,41.37594],[2.179562,41.375911],[2.17956,41.375812],[2.179613,41.375811],[2.179662,41.375803],[2.179714,41.375786],[2.179761,41.375762],[2.179797,41.375738],[2.179833,41.375704],[2.179875,41.375677],[2.17991,41.375662],[2.179955,41.375656],[2.18002,41.37565],[2.180079,41.375639],[2.180153,41.375616],[2.180194,41.375599],[2.180226,41.37558],[2.180262,41.375551],[2.180285,41.375522],[2.180301,41.375493],[2.180307,41.375468],[2.180303,41.375444],[2.180295,41.375424],[2.180286,41.375408],[2.180441,41.375342],[2.180444,41.375361],[2.180473,41.375371],[2.180485,41.375386],[2.180485,41.375414],[2.180508,41.37542],[2.180539,41.375407],[2.180545,41.375388],[2.180516,41.375378],[2.180503,41.375362],[2.180506,41.375334],[2.180484,41.375324],[2.180879,41.375162],[2.180894,41.37512],[2.180904,41.375094],[2.180915,41.375065],[2.180952,41.374967],[2.180849,41.374998],[2.180739,41.375062],[2.180669,41.375126],[2.180615,41.375162],[2.18057,41.375184],[2.180512,41.375207],[2.180451,41.375222],[2.180376,41.375234],[2.180306,41.37524],[2.180228,41.375256],[2.180146,41.375276],[2.180042,41.375317],[2.17998,41.375357],[2.179938,41.375391],[2.179911,41.375431],[2.1799,41.375471],[2.179902,41.375502],[2.17991,41.375536],[2.179928,41.37556],[2.17953,41.375731],[2.179496,41.375693],[2.17946,41.375663],[2.179416,41.375636],[2.179379,41.37562],[2.179343,41.375608],[2.179282,41.375596],[2.179193,41.375659],[2.179169,41.375628],[2.179117,41.375561],[2.179031,41.375449],[2.179006,41.375418],[2.179026,41.375407],[2.178799,41.37512],[2.178775,41.375129],[2.178756,41.375105],[2.178663,41.37499],[2.178627,41.374945],[2.178514,41.374805],[2.177977,41.374139],[2.178269,41.374007],[2.178194,41.373914],[2.178125,41.373819],[2.178893,41.37347],[2.183047,41.371584],[2.182929,41.371435],[2.182108,41.3704],[2.182058,41.370368],[2.182006,41.370368],[2.177608,41.372354],[2.176989,41.372622],[2.175432,41.373297],[2.17618,41.374129],[2.176255,41.374089],[2.17669,41.374504],[2.177332,41.375281],[2.178006,41.376252],[2.182223,41.381351],[2.182766,41.381181],[2.183939,41.381279],[2.185159,41.382575],[2.18624,41.382066],[2.18687,41.381896],[2.189761,41.374388],[2.189445,41.373638],[2.189409,41.373547],[2.189326,41.372925],[2.189353,41.372924],[2.189348,41.372903],[2.189378,41.3729],[2.18937,41.372854],[2.189316,41.372858],[2.189248,41.372446],[2.189303,41.37244],[2.189289,41.372352],[2.189234,41.372357],[2.189037,41.371149],[2.189061,41.371146],[2.189058,41.371122],[2.189089,41.371118],[2.18908,41.371072],[2.189025,41.371075],[2.188894,41.370251],[2.188847,41.369969],[2.189213,41.369439],[2.189786,41.369376],[2.189836,41.369606],[2.190177,41.369559],[2.190933,41.369362],[2.19113,41.36931],[2.191526,41.369989],[2.191652,41.370008],[2.191765,41.369975],[2.191863,41.369931],[2.191892,41.369846],[2.187762,41.363408],[2.187093,41.361536],[2.186852,41.361581],[2.185361,41.357735],[2.184598,41.357904],[2.18466,41.358059],[2.185036,41.357977],[2.185058,41.357981],[2.185123,41.358145],[2.185282,41.358111],[2.186622,41.361625],[2.186596,41.36168],[2.187063,41.362939],[2.186523,41.363057],[2.18665,41.363385],[2.187339,41.363574],[2.189232,41.366574],[2.188894,41.366703],[2.189002,41.366872],[2.187951,41.367261],[2.187662,41.366783],[2.187292,41.366171],[2.186779,41.365321],[2.186202,41.364366],[2.186724,41.364164],[2.186714,41.364144],[2.186654,41.364029],[2.186544,41.364022],[2.186153,41.364166],[2.185965,41.364274],[2.185505,41.364646],[2.185362,41.364672],[2.185139,41.365294],[2.184934,41.365255],[2.184934,41.365632],[2.184977,41.365671],[2.18509,41.365702],[2.185134,41.365689],[2.185363,41.36536],[2.185369,41.365361],[2.185286,41.365638],[2.185266,41.365635],[2.185261,41.365653],[2.185315,41.365662],[2.185317,41.365656],[2.185309,41.365654],[2.185372,41.36544],[2.185416,41.365419],[2.185463,41.365476],[2.185405,41.365679],[2.18545,41.365686],[2.185454,41.365669],[2.185435,41.365666],[2.185482,41.365501],[2.186681,41.366912],[2.186763,41.367333],[2.186871,41.367827],[2.186894,41.36793],[2.186946,41.368169],[2.186973,41.368291],[2.186876,41.368299],[2.187199,41.370004],[2.186177,41.370124],[2.185874,41.368478],[2.185992,41.368409],[2.18596,41.368024],[2.185679,41.368041],[2.185689,41.3681],[2.185248,41.368141],[2.185244,41.368115],[2.185147,41.368123],[2.185192,41.368482],[2.184713,41.368533],[2.184685,41.368541],[2.184658,41.368556],[2.184636,41.368578],[2.184625,41.368604],[2.184965,41.370416],[2.184636,41.370445],[2.184604,41.370456],[2.18458,41.370475],[2.184563,41.370503],[2.18456,41.370533],[2.184666,41.371174],[2.184713,41.3712],[2.184741,41.371375],[2.184705,41.371406],[2.184778,41.371837],[2.185808,41.371741],[2.185821,41.371815],[2.185836,41.371905],[2.185919,41.372404],[2.187404,41.372279],[2.187543,41.373156],[2.187128,41.373192],[2.186823,41.373286],[2.187094,41.373785],[2.186842,41.373538],[2.186802,41.37356],[2.187119,41.373875],[2.187489,41.374557],[2.186661,41.374815],[2.185935,41.374533],[2.185645,41.372647],[2.185608,41.372603],[2.185548,41.372589],[2.184914,41.372643],[2.184919,41.372697],[2.184989,41.373161],[2.185058,41.373602],[2.185132,41.374048],[2.185204,41.374502],[2.185272,41.374921],[2.185285,41.374948],[2.185308,41.374976],[2.185057,41.374996],[2.185074,41.375059],[2.185086,41.375102],[2.185288,41.375072],[2.185307,41.375147],[2.185585,41.375107],[2.185618,41.375233],[2.185817,41.375204],[2.185852,41.375335],[2.186075,41.375304],[2.186117,41.375463],[2.186393,41.375422],[2.186436,41.375585],[2.186717,41.375544],[2.186758,41.375704],[2.186801,41.375698],[2.186842,41.375856],[2.186515,41.375905],[2.186551,41.376053],[2.18679,41.375913],[2.186835,41.375907],[2.186603,41.37605],[2.186895,41.37601],[2.187197,41.377223],[2.186449,41.377337],[2.186444,41.377412],[2.187279,41.377557],[2.186624,41.379202],[2.186462,41.379647],[2.186362,41.37992],[2.185867,41.380138],[2.184664,41.380706],[2.183652,41.380493],[2.183669,41.380453],[2.185033,41.376975],[2.185172,41.376938],[2.185219,41.376796],[2.18497,41.376731],[2.184901,41.376644],[2.184272,41.375858],[2.183056,41.374339],[2.182922,41.374315],[2.182571,41.37447],[2.182678,41.374176],[2.182625,41.374186],[2.182569,41.3742],[2.182473,41.374229],[2.182419,41.374253],[2.182368,41.37428],[2.182296,41.374324],[2.182221,41.37438],[2.182129,41.374464],[2.182071,41.374517],[2.18201,41.374556],[2.181944,41.374586],[2.181894,41.374605],[2.181846,41.374617],[2.181722,41.374634],[2.181656,41.374647],[2.181594,41.374665],[2.181511,41.374694],[2.181416,41.374735],[2.181333,41.374776],[2.181253,41.374819],[2.181149,41.374883],[2.181113,41.374983],[2.181103,41.375013],[2.181094,41.375037],[2.181093,41.375048],[2.181098,41.375056],[2.181105,41.37506],[2.181112,41.375061],[2.181118,41.375061],[2.182029,41.374675],[2.182091,41.374689],[2.181653,41.37489],[2.181604,41.37504],[2.181585,41.375036],[2.181487,41.375353],[2.181611,41.375518],[2.181557,41.375541],[2.181651,41.375657],[2.181704,41.375634],[2.181772,41.37572],[2.181791,41.375711],[2.181798,41.375721],[2.1821,41.3761],[2.182116,41.37612],[2.182419,41.376494],[2.182473,41.376567],[2.1828,41.376995],[2.182943,41.377172],[2.183104,41.377371],[2.183255,41.37755],[2.182775,41.378779],[2.182512,41.379459]]]},"properties":{"t":"way","id":618268543,"kind":"harbour","name":"Port Vell","name:ca":"Port Vell","seamark:type":"harbour"}},{"type":"Feature","geometry":{"type":"Polygon","coordinates":[[[2.175432,41.367212],[2.175332,41.367034],[2.175304,41.367014],[2.175238,41.366968],[2.175163,41.366935],[2.175075,41.366895],[2.174927,41.366685],[2.1736,41.364978],[2.173758,41.365046],[2.174169,41.365563],[2.174269,41.365655],[2.174373,41.365704],[2.174656,41.365796],[2.174903,41.365708],[2.175459,41.365506],[2.175534,41.365512],[2.175687,41.365738],[2.179771,41.364267],[2.180376,41.365218],[2.180387,41.365237],[2.180401,41.365259],[2.180439,41.365318],[2.180447,41.36533],[2.180777,41.365849],[2.179844,41.366228],[2.17969,41.365965],[2.176526,41.367137],[2.17669,41.3674],[2.176394,41.367424],[2.176682,41.36938],[2.177041,41.369354],[2.177073,41.369567],[2.177109,41.369821],[2.176749,41.369852],[2.177093,41.37214],[2.177382,41.372118],[2.177468,41.372162],[2.177608,41.372354],[2.176989,41.372622],[2.176974,41.372603],[2.176876,41.372018],[2.176857,41.372013],[2.176522,41.371936],[2.176489,41.372025],[2.176441,41.372014],[2.176343,41.371337],[2.176003,41.371372],[2.176,41.37136],[2.175972,41.371366],[2.175576,41.370886],[2.175533,41.370815],[2.175499,41.370709],[2.175414,41.370154],[2.175217,41.368798],[2.175129,41.368253],[2.175153,41.367913],[2.175162,41.367778],[2.175368,41.36757],[2.175451,41.367434],[2.175432,41.367212]]]},"properties":{"t":"way","id":618634979,"kind":"harbour","name":"Terminal F2","name:ca":"Terminal F2","seamark:harbour:category":"roro","seamark:type":"harbour"}},{"type":"Feature","geometry":{"type":"Polygon","coordinates":[[[2.173284,41.364552],[2.173444,41.364631],[2.173499,41.364715],[2.173758,41.365046],[2.174169,41.365563],[2.174269,41.365655],[2.174373,41.365704],[2.174656,41.365796],[2.174903,41.365708],[2.175459,41.365506],[2.175534,41.365512],[2.175687,41.365738],[2.179771,41.364267],[2.179321,41.36356],[2.178992,41.363679],[2.179276,41.364122],[2.17599,41.365326],[2.17377,41.362415],[2.173484,41.362039],[2.17385,41.361885],[2.173702,41.361653],[2.173637,41.36156],[2.172092,41.362138],[2.172005,41.36215],[2.171933,41.362118],[2.171832,41.361855],[2.171523,41.361929],[2.17168,41.362347],[2.171753,41.36254],[2.171851,41.362668],[2.172226,41.363157],[2.172446,41.363461],[2.172573,41.363637],[2.172766,41.363886],[2.172849,41.363985],[2.173158,41.36439],[2.173284,41.364552]]]},"properties":{"t":"way","id":618739591,"kind":"harbour","name":"Terminal F3","name:ca":"Terminal F3","seamark:harbour:category":"roro","seamark:type":"harbour"}},{"type":"Feature","geometry":{"type":"Polygon","coordinates":[[[2.935142,41.718674],[2.937134,41.718206],[2.939508,41.72087],[2.937947,41.721435],[2.936304,41.720482],[2.935142,41.718674]]]},"properties":{"t":"way","id":623566825,"kind":"harbour","name":"Badia de Tossa","seamark:harbour:category":"marina","seamark:type":"harbour"}},{"type":"Feature","geometry":{"type":"Polygon","coordinates":[[[2.165986,41.36097],[2.166058,41.361021],[2.166135,41.361075],[2.166198,41.361027],[2.166117,41.360971],[2.1661,41.360985],[2.166031,41.360935],[2.166048,41.360922],[2.165967,41.360863],[2.165848,41.360959],[2.165926,41.361017],[2.165986,41.36097]]]},"properties":{"t":"way","id":646482857,"kind":"light","name":"Far de Montjuïc","name:ca":"Far de Montjuïc","name:en":"Montjuic Lighthouse","seamark:type":"light_major"}},{"type":"Feature","geometry":{"type":"Polygon","coordinates":[[[0.968226,41.03059],[0.968275,41.030621],[0.968369,41.030547],[0.96831,41.030516],[0.968226,41.03059]]]},"properties":{"t":"way","id":704208946,"kind":"dive-site","name":"Dive Centre","sport":"scuba_diving"}},{"type":"Feature","geometry":{"type":"Polygon","coordinates":[[[3.203224,42.05309],[3.203243,42.053065],[3.203163,42.053031],[3.203198,42.052985],[3.20336,42.053053],[3.203327,42.053096],[3.203355,42.053108],[3.203333,42.053136],[3.203224,42.05309]]]},"properties":{"t":"way","id":745051518,"kind":"harbour","seamark:type":"small_craft_facility","waterway":"fuel"}},{"type":"Feature","geometry":{"type":"LineString","coordinates":[[2.019766,41.645313],[2.019683,41.645261],[2.019557,41.645246],[2.019554,41.645212],[2.019671,41.64518],[2.019649,41.645135],[2.019606,41.645079],[2.019538,41.645068],[2.019376,41.645084]]},"properties":{"t":"way","id":816256899,"kind":"ladder","highway":"ladder"}},{"type":"Feature","geometry":{"type":"LineString","coordinates":[[2.015243,41.644592],[2.015248,41.644641],[2.015246,41.644683],[2.015232,41.644689]]},"properties":{"t":"way","id":816555280,"kind":"ladder","highway":"ladder","name":"Canal del Mico","name:ca":"Canal del Mico"}},{"type":"Feature","geometry":{"type":"Polygon","coordinates":[[[3.157144,42.460785],[3.157994,42.46067],[3.158766,42.46085],[3.159479,42.461008],[3.160658,42.461316],[3.160762,42.461686],[3.159838,42.461647],[3.159647,42.46173],[3.159289,42.461703],[3.159151,42.461569],[3.159051,42.461577],[3.158821,42.461437],[3.158831,42.461303],[3.158424,42.461172],[3.158064,42.461085],[3.157748,42.461075],[3.157553,42.461049],[3.157326,42.461012],[3.15722,42.460909],[3.157144,42.460785]]]},"properties":{"t":"way","id":824227244,"kind":"dive-site","description":"Sentier de découverte sous-marine avec 5 stations d'observation, balisé, accessible en palmes-masque-tuba","name":"Sentier sous-marin de Banyuls-Cerbère","scuba_diving:divespot":"yes","sport":"scuba_diving"}},{"type":"Feature","geometry":{"type":"Polygon","coordinates":[[[2.186763,41.367333],[2.186681,41.366912],[2.185482,41.365501],[2.185435,41.365666],[2.185454,41.365669],[2.18545,41.365686],[2.185405,41.365679],[2.185463,41.365476],[2.185416,41.365419],[2.185372,41.36544],[2.185309,41.365654],[2.185317,41.365656],[2.185315,41.365662],[2.185261,41.365653],[2.185266,41.365635],[2.185286,41.365638],[2.185369,41.365361],[2.185363,41.36536],[2.185134,41.365689],[2.18509,41.365702],[2.184977,41.365671],[2.184934,41.365632],[2.184934,41.365255],[2.185139,41.365294],[2.185251,41.365316],[2.185436,41.36473],[2.185531,41.364712],[2.185576,41.364739],[2.185732,41.364842],[2.185878,41.364934],[2.185921,41.364894],[2.18616,41.365051],[2.187488,41.367214],[2.18706,41.367289],[2.186763,41.367333]]]},"properties":{"t":"way","id":851919291,"kind":"harbour","name":"Barcelona Nautic Center","name:ca":"Barcelona Nautic Center","seamark:harbour:category":"shipyard","seamark:type":"harbour"}},{"type":"Feature","geometry":{"type":"Polygon","coordinates":[[[0.301923,41.371259],[0.301772,41.371071],[0.301907,41.371032],[0.302026,41.371014],[0.302237,41.370955],[0.302061,41.37063],[0.301696,41.370118],[0.301423,41.369221],[0.301615,41.369175],[0.301714,41.369152],[0.302208,41.37022],[0.302374,41.370333],[0.303009,41.371255],[0.302792,41.371317],[0.302672,41.371092],[0.302015,41.371288],[0.301979,41.371243],[0.301923,41.371259]]]},"properties":{"t":"way","id":907815607,"kind":"harbour","name":"Club Capri Mequinensa","seamark:harbour:category":"marina","seamark:type":"harbour"}},{"type":"Feature","geometry":{"type":"Polygon","coordinates":[[[2.238601,41.425077],[2.238542,41.425127],[2.238413,41.425041],[2.238471,41.424989],[2.238601,41.425077]]]},"properties":{"t":"way","id":1016687814,"kind":"dive-site","sport":"scuba_diving"}},{"type":"Feature","geometry":{"type":"Polygon","coordinates":[[[2.152356,41.325081],[2.152354,41.325056],[2.152348,41.325042],[2.15234,41.325029],[2.152317,41.325011],[2.152302,41.325003],[2.152285,41.324998],[2.152252,41.324994],[2.152217,41.324998],[2.152188,41.32501],[2.152165,41.325029],[2.152151,41.325053],[2.152148,41.325078],[2.152156,41.325103],[2.152174,41.325125],[2.152201,41.325141],[2.152233,41.325149],[2.152267,41.32515],[2.1523,41.325142],[2.152327,41.325127],[2.152347,41.325106],[2.152356,41.325081]]]},"properties":{"t":"way","id":1022084360,"kind":"light","alt_name":"Far de la Torre del Riu","name":"Far del Llobregat","name:ca":"Far de la Torre del Riu","seamark:type":"light_major"}},{"type":"Feature","geometry":{"type":"Polygon","coordinates":[[[2.18735,41.371071],[2.1876,41.371049],[2.187571,41.370913],[2.187323,41.370936],[2.18727,41.370621],[2.187518,41.370598],[2.18748,41.370388],[2.187478,41.370376],[2.187424,41.370061],[2.187403,41.370063],[2.187384,41.369963],[2.187364,41.369857],[2.187351,41.369787],[2.187276,41.36939],[2.187263,41.369319],[2.187244,41.369219],[2.18723,41.369145],[2.187155,41.368753],[2.187141,41.36868],[2.187182,41.368676],[2.187165,41.36858],[2.187128,41.368583],[2.187082,41.36833],[2.187048,41.368334],[2.186978,41.368304],[2.186973,41.368291],[2.186876,41.368299],[2.187199,41.370004],[2.186177,41.370124],[2.185874,41.368478],[2.185992,41.368409],[2.18596,41.368024],[2.185679,41.368041],[2.185689,41.3681],[2.18605,41.370026],[2.185596,41.370074],[2.185248,41.368141],[2.185244,41.368115],[2.185147,41.368123],[2.185192,41.368482],[2.184713,41.368533],[2.184685,41.368541],[2.184658,41.368556],[2.184636,41.368578],[2.184625,41.368604],[2.184965,41.370416],[2.184636,41.370445],[2.184604,41.370456],[2.18458,41.370475],[2.184563,41.370503],[2.18456,41.370533],[2.184666,41.371174],[2.184713,41.3712],[2.185967,41.37108],[2.185999,41.37126],[2.184741,41.371375],[2.184705,41.371406],[2.184778,41.371837],[2.185808,41.371741],[2.185821,41.371815],[2.185836,41.371905],[2.185919,41.372404],[2.187404,41.372279],[2.187543,41.373156],[2.187128,41.373192],[2.186823,41.373286],[2.187094,41.373785],[2.186842,41.373538],[2.186802,41.37356],[2.187119,41.373875],[2.187489,41.374557],[2.187518,41.374548],[2.187532,41.374575],[2.187897,41.375248],[2.187887,41.37525],[2.187904,41.375353],[2.187908,41.375376],[2.187932,41.375483],[2.18802,41.375477],[2.187996,41.375368],[2.188303,41.37533],[2.188327,41.375439],[2.18842,41.375426],[2.188388,41.375185],[2.188362,41.375073],[2.188329,41.374965],[2.188282,41.374855],[2.188248,41.374789],[2.188242,41.374778],[2.187975,41.374288],[2.187897,41.374145],[2.18801,41.374109],[2.187967,41.374034],[2.188071,41.374001],[2.188035,41.373765],[2.187898,41.373686],[2.187784,41.373696],[2.187724,41.37334],[2.187661,41.372988],[2.187638,41.372853],[2.187645,41.372853],[2.187609,41.372629],[2.187581,41.372534],[2.18735,41.371071]]]},"properties":{"t":"way","id":1080068909,"kind":"harbour","name":"Marina Barcelona 92","name:ca":"Marina Barcelona 92","seamark:harbour:category":"shipyard","seamark:type":"harbour"}},{"type":"Feature","geometry":{"type":"Polygon","coordinates":[[[2.164551,41.36958],[2.164608,41.36958],[2.164614,41.36958],[2.164614,41.369528],[2.164629,41.369528],[2.164629,41.369504],[2.164629,41.369475],[2.164629,41.369452],[2.164612,41.369452],[2.164611,41.369402],[2.164606,41.369402],[2.164549,41.369402],[2.164549,41.369452],[2.164542,41.369452],[2.164542,41.369474],[2.164542,41.369504],[2.164542,41.369528],[2.16455,41.369528],[2.164551,41.36958]]]},"properties":{"t":"way","id":1085357427,"kind":"dive-site","sport":"scuba_diving"}},{"type":"Feature","geometry":{"type":"Polygon","coordinates":[[[2.800832,41.675005],[2.800772,41.675063],[2.800671,41.675004],[2.800728,41.674948],[2.800832,41.675005]]]},"properties":{"t":"way","id":1229873119,"kind":"dive-centre","amenity":"dive_centre","name":"Blanes-Sub"}},{"type":"Feature","geometry":{"type":"LineString","coordinates":[[2.290376,42.15678],[2.29042,42.156838]]},"properties":{"t":"way","id":1302921497,"kind":"ladder","highway":"ladder"}},{"type":"Feature","geometry":{"type":"Polygon","coordinates":[[[3.229782,41.960591],[3.229864,41.960613],[3.230173,41.960711],[3.230353,41.960771],[3.230614,41.960865],[3.23085,41.960937],[3.23099,41.960776],[3.231095,41.960633],[3.231249,41.960446],[3.231359,41.960318],[3.231542,41.960131],[3.231823,41.959902],[3.232177,41.959948],[3.232449,41.960053],[3.23245,41.960031],[3.232455,41.960006],[3.232477,41.959969],[3.232512,41.959865],[3.232512,41.95985],[3.232512,41.959838],[3.232512,41.959822],[3.232472,41.959713],[3.232412,41.959602],[3.232311,41.959528],[3.232201,41.959481],[3.232116,41.959468],[3.231975,41.959453],[3.231911,41.959447],[3.231895,41.959448],[3.231873,41.959451],[3.23185,41.959454],[3.231833,41.959459],[3.231818,41.959465],[3.231803,41.959471],[3.23177,41.959483],[3.231758,41.959473],[3.231741,41.95947],[3.231718,41.959493],[3.231719,41.959517],[3.231703,41.959538],[3.231698,41.959563],[3.231677,41.959599],[3.23165,41.959628],[3.231611,41.959634],[3.231579,41.959665],[3.231561,41.959681],[3.231531,41.959698],[3.231501,41.959713],[3.231445,41.959739],[3.231386,41.959767],[3.231344,41.959774],[3.231338,41.959789],[3.231341,41.95981],[3.231307,41.959819],[3.231272,41.959795],[3.231246,41.959789],[3.23122,41.959776],[3.231205,41.959785],[3.231204,41.959807],[3.231172,41.959812],[3.231148,41.959888],[3.231116,41.959905],[3.231089,41.959921],[3.231066,41.959956],[3.231034,41.959971],[3.231009,41.959993],[3.23097,41.960011],[3.230949,41.959994],[3.23095,41.960009],[3.230933,41.960026],[3.230896,41.960039],[3.230899,41.960063],[3.230893,41.960081],[3.230869,41.960092],[3.230853,41.960094],[3.230858,41.960111],[3.230846,41.960118],[3.230825,41.960103],[3.230828,41.960086],[3.230816,41.960066],[3.230806,41.960048],[3.2308,41.960036],[3.230766,41.960056],[3.230693,41.960108],[3.230688,41.960121],[3.230667,41.960137],[3.230663,41.960152],[3.230665,41.960175],[3.230672,41.960186],[3.230678,41.960201],[3.230687,41.960216],[3.230705,41.960222],[3.230714,41.960232],[3.230676,41.960247],[3.230662,41.960255],[3.23065,41.960261],[3.230617,41.96026],[3.230615,41.96027],[3.230595,41.960274],[3.230577,41.960281],[3.230544,41.96028],[3.230501,41.960233],[3.230502,41.96028],[3.230484,41.960282],[3.230465,41.960279],[3.230454,41.960266],[3.230442,41.960259],[3.230423,41.960253],[3.23041,41.960245],[3.230393,41.96024],[3.230388,41.960232],[3.230397,41.96023],[3.230406,41.960216],[3.230397,41.960204],[3.230377,41.960171],[3.23035,41.96015],[3.230318,41.960139],[3.230281,41.960168],[3.230266,41.960176],[3.230265,41.960195],[3.230278,41.960214],[3.230289,41.960225],[3.230278,41.960236],[3.230262,41.96024],[3.230232,41.960223],[3.230218,41.960199],[3.230196,41.960163],[3.230164,41.960136],[3.230111,41.960122],[3.229931,41.960295],[3.229782,41.960591]]]},"properties":{"t":"way","id":1307063283,"kind":"swimming-area","seamark:restricted_area:category":"swimming","seamark:type":"restricted_area"}},{"type":"Feature","geometry":{"type":"Polygon","coordinates":[[[3.227032,41.964435],[3.22718,41.964307],[3.227459,41.964245],[3.22771,41.964151],[3.227643,41.964056],[3.227617,41.963922],[3.227601,41.963784],[3.227564,41.963785],[3.227537,41.963773],[3.227533,41.963788],[3.22751,41.963795],[3.227473,41.963801],[3.227452,41.963811],[3.227415,41.963804],[3.227402,41.963793],[3.227381,41.963796],[3.227378,41.963808],[3.227393,41.963825],[3.227391,41.963834],[3.227355,41.963852],[3.227341,41.963853],[3.22733,41.963861],[3.227307,41.963865],[3.227289,41.963872],[3.227278,41.963868],[3.22726,41.963869],[3.227247,41.963863],[3.227242,41.96388],[3.227234,41.963879],[3.227224,41.963862],[3.227187,41.963857],[3.227122,41.963827],[3.227118,41.963841],[3.227121,41.963865],[3.227136,41.963861],[3.227151,41.963867],[3.227132,41.96394],[3.227145,41.963973],[3.227143,41.963987],[3.227109,41.963998],[3.227064,41.964062],[3.22705,41.964103],[3.227033,41.964108],[3.226951,41.964239],[3.226949,41.964285],[3.226959,41.964343],[3.22698,41.9644],[3.227022,41.964428],[3.227032,41.964435]]]},"properties":{"t":"way","id":1307063284,"kind":"swimming-area","seamark:restricted_area:category":"swimming","seamark:type":"restricted_area"}},{"type":"Feature","geometry":{"type":"Polygon","coordinates":[[[3.23162,41.965796],[3.231242,41.965556],[3.230549,41.965427],[3.230354,41.965571],[3.230387,41.965572],[3.230411,41.965586],[3.230424,41.965608],[3.230426,41.965632],[3.230422,41.965652],[3.230416,41.965674],[3.230407,41.965696],[3.2304,41.965716],[3.230387,41.965735],[3.230368,41.965755],[3.230351,41.965776],[3.23034,41.965795],[3.230334,41.965817],[3.230334,41.965842],[3.230343,41.965865],[3.230392,41.965903],[3.230407,41.965922],[3.230435,41.965931],[3.230465,41.965931],[3.230494,41.965926],[3.230522,41.965914],[3.230548,41.965898],[3.230564,41.96588],[3.230582,41.965861],[3.230604,41.965844],[3.230632,41.965832],[3.230665,41.965832],[3.230696,41.965841],[3.230702,41.965863],[3.230696,41.965886],[3.23069,41.965909],[3.230683,41.965934],[3.230693,41.965955],[3.230725,41.965959],[3.230755,41.965959],[3.230788,41.965957],[3.230818,41.965953],[3.230849,41.965949],[3.230879,41.965954],[3.230909,41.96596],[3.230939,41.96596],[3.230976,41.96596],[3.231006,41.965962],[3.231037,41.96597],[3.231069,41.965972],[3.231103,41.965971],[3.231133,41.96597],[3.231159,41.965958],[3.23118,41.965938],[3.231205,41.965918],[3.231225,41.9659],[3.231285,41.965858],[3.231311,41.965846],[3.231339,41.965837],[3.231371,41.965833],[3.2314,41.965822],[3.231431,41.965813],[3.231467,41.965806],[3.231496,41.965808],[3.231529,41.965808],[3.231561,41.965807],[3.231591,41.965796],[3.23162,41.965796]]]},"properties":{"t":"way","id":1307063289,"kind":"swimming-area","seamark:restricted_area:category":"swimming","seamark:type":"restricted_area"}},{"type":"Feature","geometry":{"type":"Polygon","coordinates":[[[3.216579,41.93399],[3.216618,41.934043],[3.216715,41.934148],[3.216863,41.934323],[3.216985,41.934474],[3.217129,41.934641],[3.216889,41.934785],[3.216661,41.934894],[3.216418,41.93504],[3.216197,41.935163],[3.216266,41.935331],[3.216347,41.935519],[3.216071,41.935899],[3.215217,41.936086],[3.214647,41.936286],[3.21459,41.936476],[3.214574,41.936621],[3.214552,41.936618],[3.214533,41.936617],[3.214514,41.936624],[3.214504,41.936637],[3.214493,41.936649],[3.214484,41.936664],[3.214467,41.936673],[3.214457,41.936661],[3.214455,41.936646],[3.21445,41.936632],[3.214437,41.93662],[3.214421,41.936611],[3.214401,41.936612],[3.21439,41.936626],[3.214368,41.93663],[3.214346,41.936627],[3.214333,41.936616],[3.214314,41.936596],[3.214277,41.936567],[3.21426,41.936482],[3.21431,41.936475],[3.214345,41.936476],[3.214342,41.93645],[3.214294,41.936443],[3.214243,41.936451],[3.214213,41.936356],[3.214211,41.936277],[3.214241,41.936206],[3.214239,41.936163],[3.214341,41.93623],[3.214329,41.936242],[3.214394,41.936258],[3.21441,41.936239],[3.214314,41.936183],[3.214327,41.936161],[3.214328,41.936147],[3.21432,41.936132],[3.214332,41.936119],[3.214351,41.936114],[3.214369,41.936108],[3.214373,41.936093],[3.214365,41.936078],[3.214351,41.936068],[3.214342,41.936054],[3.214339,41.93604],[3.214357,41.936033],[3.214379,41.936033],[3.214399,41.936033],[3.214419,41.936029],[3.214418,41.936013],[3.214395,41.936006],[3.214377,41.936],[3.214353,41.935994],[3.214336,41.935988],[3.214297,41.93595],[3.21441,41.935811],[3.214464,41.935805],[3.214495,41.93583],[3.214504,41.935843],[3.214516,41.935855],[3.214535,41.935863],[3.214554,41.935864],[3.214574,41.935865],[3.214594,41.935867],[3.214612,41.935875],[3.214619,41.93589],[3.214632,41.935901],[3.214651,41.935912],[3.214668,41.935919],[3.214685,41.93593],[3.214703,41.935938],[3.214723,41.935945],[3.214744,41.935952],[3.214764,41.935951],[3.214783,41.935946],[3.214855,41.935943],[3.214873,41.935949],[3.214893,41.935951],[3.214914,41.935949],[3.214932,41.935942],[3.214952,41.935934],[3.214973,41.935932],[3.214992,41.935934],[3.215015,41.935938],[3.215032,41.935945],[3.215054,41.935952],[3.215074,41.935952],[3.215097,41.935951],[3.21512,41.935947],[3.215139,41.935943],[3.215159,41.935938],[3.21518,41.93593],[3.21519,41.935916],[3.215174,41.935908],[3.21515,41.935899],[3.215132,41.935894],[3.215107,41.935886],[3.215089,41.935877],[3.215093,41.935862],[3.215115,41.935855],[3.215134,41.935849],[3.215156,41.935845],[3.215177,41.93584],[3.215199,41.93584],[3.215227,41.935841],[3.21525,41.935843],[3.215274,41.935848],[3.215295,41.935854],[3.215318,41.935861],[3.215337,41.935867],[3.215419,41.935877],[3.215438,41.935882],[3.215457,41.93589],[3.215476,41.935896],[3.215496,41.935898],[3.215515,41.935901],[3.215537,41.935903],[3.215557,41.935903],[3.215577,41.935901],[3.2156,41.9359],[3.215621,41.935898],[3.215642,41.935892],[3.215661,41.935886],[3.215682,41.935877],[3.215705,41.93587],[3.215726,41.935864],[3.215745,41.935857],[3.215763,41.935848],[3.215782,41.93584],[3.215801,41.935832],[3.215821,41.935821],[3.21584,41.935811],[3.215859,41.935809],[3.215882,41.935808],[3.215889,41.935793],[3.215871,41.935786],[3.215859,41.935772],[3.215883,41.935764],[3.215886,41.93575],[3.215861,41.935738],[3.215842,41.935735],[3.21582,41.935735],[3.215797,41.935735],[3.215778,41.935734],[3.215775,41.935719],[3.21578,41.935703],[3.215798,41.935693],[3.215816,41.935683],[3.215833,41.935672],[3.215851,41.935662],[3.21587,41.935656],[3.215889,41.935647],[3.215903,41.935633],[3.215889,41.935623],[3.215869,41.93562],[3.21585,41.935617],[3.215827,41.935613],[3.21581,41.935606],[3.215795,41.935596],[3.215778,41.935588],[3.215759,41.93559],[3.215739,41.935591],[3.215719,41.935587],[3.215702,41.93558],[3.215683,41.935569],[3.215683,41.935555],[3.215704,41.935549],[3.21574,41.935551],[3.215775,41.935558],[3.215798,41.935556],[3.215821,41.935554],[3.215845,41.935551],[3.215867,41.935549],[3.215892,41.935546],[3.215915,41.935546],[3.215941,41.935546],[3.215963,41.935546],[3.215984,41.935545],[3.216007,41.935543],[3.216027,41.935537],[3.216047,41.93553],[3.216063,41.935517],[3.216076,41.935504],[3.216082,41.935486],[3.216083,41.935468],[3.21608,41.935452],[3.216065,41.93544],[3.216051,41.935428],[3.216066,41.935417],[3.216084,41.935406],[3.216092,41.935391],[3.216091,41.935377],[3.216083,41.935358],[3.216073,41.935345],[3.216055,41.935338],[3.216036,41.935337],[3.216016,41.935337],[3.216001,41.935329],[3.215992,41.935315],[3.216001,41.9353],[3.216021,41.935298],[3.216042,41.935293],[3.216044,41.935279],[3.216031,41.935267],[3.216011,41.935261],[3.215994,41.935252],[3.21598,41.93524],[3.215963,41.93523],[3.215942,41.93523],[3.215923,41.935232],[3.215903,41.935235],[3.215883,41.935239],[3.215862,41.935242],[3.215841,41.935242],[3.215819,41.935238],[3.215811,41.935225],[3.215813,41.93521],[3.215827,41.9352],[3.215848,41.935193],[3.21587,41.935188],[3.215881,41.935172],[3.215873,41.935156],[3.215855,41.93515],[3.215836,41.935145],[3.215793,41.935132],[3.215781,41.935119],[3.215774,41.935105],[3.215775,41.935088],[3.215795,41.935087],[3.215816,41.935087],[3.215824,41.935073],[3.21584,41.935063],[3.215854,41.93505],[3.215863,41.935037],[3.215849,41.935027],[3.215831,41.935021],[3.215836,41.935005],[3.215854,41.934992],[3.215871,41.93498],[3.215889,41.934972],[3.215906,41.934966],[3.21592,41.934954],[3.215919,41.934939],[3.215913,41.934924],[3.215926,41.93491],[3.215948,41.934909],[3.215967,41.934906],[3.215969,41.934891],[3.215967,41.934874],[3.215979,41.934861],[3.215979,41.934845],[3.215966,41.934833],[3.215953,41.934822],[3.215932,41.9348],[3.215922,41.934786],[3.215908,41.934771],[3.215898,41.934758],[3.215899,41.934742],[3.215912,41.934729],[3.215928,41.93472],[3.215939,41.934707],[3.215941,41.93469],[3.215947,41.934674],[3.215963,41.934664],[3.215981,41.934654],[3.215998,41.934641],[3.215993,41.934625],[3.215975,41.934615],[3.215958,41.934608],[3.215939,41.934601],[3.215919,41.934591],[3.215907,41.934578],[3.215896,41.934565],[3.215888,41.934552],[3.215882,41.934538],[3.215875,41.934522],[3.215868,41.934506],[3.215859,41.934491],[3.21584,41.934413],[3.215904,41.934271],[3.216095,41.934178],[3.216476,41.934018],[3.216579,41.93399]]]},"properties":{"t":"way","id":1307063292,"kind":"swimming-area","seamark:restricted_area:category":"swimming","seamark:type":"restricted_area","sport":"swimming"}},{"type":"Feature","geometry":{"type":"Polygon","coordinates":[[[3.219845,41.919215],[3.219816,41.919199],[3.219791,41.919185],[3.219768,41.919177],[3.219745,41.919173],[3.219717,41.919161],[3.219708,41.919141],[3.21971,41.919125],[3.219707,41.919109],[3.21972,41.919083],[3.219736,41.91906],[3.219775,41.919046],[3.2198,41.919018],[3.219842,41.918989],[3.219888,41.91899],[3.219913,41.919001],[3.219918,41.91903],[3.219915,41.919052],[3.219931,41.919052],[3.219946,41.91905],[3.219967,41.919047],[3.22,41.919055],[3.220025,41.919087],[3.220022,41.919126],[3.220003,41.919164],[3.219963,41.919204],[3.219889,41.91923],[3.219845,41.919215]]]},"properties":{"t":"way","id":1310714019,"kind":"dive-site","name":"Furió d'Aigua Xelida","natural":"coastline","scuba_diving:dangers:current":"yes","scuba_diving:difficulty":"1;2","scuba_diving:divespot":"yes","scuba_diving:entry":"boat","scuba_diving:maxdepth":"38","sport":"scuba_diving","maxDepth":38}},{"type":"Feature","geometry":{"type":"LineString","coordinates":[[1.581083,41.190371],[1.581058,41.190382]]},"properties":{"t":"way","id":1313086204,"kind":"ladder","highway":"ladder"}},{"type":"Feature","geometry":{"type":"LineString","coordinates":[[2.114823,41.548354],[2.114781,41.548308]]},"properties":{"t":"way","id":1348443407,"kind":"ladder","highway":"ladder"}},{"type":"Feature","geometry":{"type":"LineString","coordinates":[[2.174665,41.43024],[2.174612,41.430229],[2.174665,41.430217]]},"properties":{"t":"way","id":1365292216,"kind":"ladder","highway":"ladder"}},{"type":"Feature","geometry":{"type":"LineString","coordinates":[[2.17476,41.430239],[2.174665,41.43024]]},"properties":{"t":"way","id":1365292217,"kind":"ladder","highway":"ladder"}},{"type":"Feature","geometry":{"type":"LineString","coordinates":[[2.174665,41.430217],[2.174761,41.430217]]},"properties":{"t":"way","id":1365292218,"kind":"ladder","highway":"ladder"}},{"type":"Feature","geometry":{"type":"LineString","coordinates":[[2.844071,41.695688],[2.84408,41.695648],[2.844092,41.695602],[2.844104,41.695576]]},"properties":{"t":"way","id":1379303587,"kind":"ladder","highway":"ladder"}},{"type":"Feature","geometry":{"type":"LineString","coordinates":[[2.843802,41.695362],[2.843783,41.695362]]},"properties":{"t":"way","id":1379303595,"kind":"ladder","highway":"ladder"}},{"type":"Feature","geometry":{"type":"LineString","coordinates":[[2.84448,41.696448],[2.844422,41.696354],[2.844345,41.696344]]},"properties":{"t":"way","id":1379304226,"kind":"ladder","highway":"ladder"}},{"type":"Feature","geometry":{"type":"LineString","coordinates":[[3.211474,41.972192],[3.211452,41.97232]]},"properties":{"t":"way","id":1430067736,"kind":"ladder","highway":"ladder"}},{"type":"Feature","geometry":{"type":"LineString","coordinates":[[3.211189,41.972109],[3.211146,41.972089]]},"properties":{"t":"way","id":1430067744,"kind":"ladder","highway":"ladder","name":"Plaça de Sa Riera"}},{"type":"Feature","geometry":{"type":"LineString","coordinates":[[3.210105,41.973781],[3.210004,41.973789]]},"properties":{"t":"way","id":1430067747,"kind":"ladder","highway":"ladder","name":"Camí de Ronda","name:ca":"Camí de Ronda"}},{"type":"Feature","geometry":{"type":"LineString","coordinates":[[2.844345,41.696344],[2.84427,41.69632],[2.844228,41.696304]]},"properties":{"t":"way","id":1431511942,"kind":"ladder","highway":"ladder"}},{"type":"Feature","geometry":{"type":"LineString","coordinates":[[3.03007,41.774331],[3.029721,41.774465]]},"properties":{"t":"way","id":1434557174,"kind":"ladder","highway":"ladder"}},{"type":"Feature","geometry":{"type":"LineString","coordinates":[[3.029032,41.772837],[3.029153,41.772257]]},"properties":{"t":"way","id":1434557907,"kind":"ladder","highway":"ladder"}},{"type":"Feature","geometry":{"type":"LineString","coordinates":[[1.892732,41.667571],[1.892732,41.667543]]},"properties":{"t":"way","id":1447097391,"kind":"ladder","highway":"ladder"}},{"type":"Feature","geometry":{"type":"LineString","coordinates":[[2.139453,41.390655],[2.139484,41.390659],[2.139495,41.390655],[2.139515,41.390637]]},"properties":{"t":"way","id":1468774564,"kind":"ladder","highway":"ladder"}},{"type":"Feature","geometry":{"type":"LineString","coordinates":[[2.139278,41.390499],[2.139263,41.390515],[2.139247,41.39053]]},"properties":{"t":"way","id":1468774566,"kind":"ladder","highway":"ladder"}},{"type":"Feature","geometry":{"type":"LineString","coordinates":[[2.136839,41.38642],[2.136963,41.386383],[2.137261,41.38628]]},"properties":{"t":"way","id":1474875091,"kind":"ladder","highway":"ladder"}},{"type":"Feature","geometry":{"type":"Polygon","coordinates":[[[3.08545,42.18413],[3.084575,42.184155],[3.084573,42.184172],[3.083944,42.18419],[3.083748,42.184198],[3.08369,42.184225],[3.083659,42.184239],[3.085485,42.186062],[3.085711,42.185969],[3.085492,42.185442],[3.085443,42.185276],[3.085443,42.184864],[3.08545,42.18413]]]},"properties":{"t":"way","id":1476402564,"kind":"harbour","name":"Club Nautic Sant Pere Pescador","seamark:harbour:category":"marina","seamark:type":"harbour"}},{"type":"Feature","geometry":{"type":"Polygon","coordinates":[[[1.607511,41.18614],[1.607496,41.186137],[1.607448,41.186133],[1.607455,41.186093],[1.607502,41.186098],[1.607519,41.186102],[1.607511,41.18614]]]},"properties":{"t":"way","id":1510394559,"kind":"harbour","seamark:type":"small_craft_facility","waterway":"fuel"}},{"type":"Feature","geometry":{"type":"Polygon","coordinates":[[[1.607519,41.1864],[1.607557,41.186403],[1.607511,41.186713],[1.607469,41.186709],[1.607516,41.186419],[1.607519,41.1864]]]},"properties":{"t":"way","id":1510394560,"kind":"harbour","seamark:type":"small_craft_facility","waterway":"fuel"}},{"type":"Feature","geometry":{"type":"LineString","coordinates":[[2.181302,41.492611],[2.181395,41.492584]]},"properties":{"t":"way","id":1526861057,"kind":"ladder","highway":"ladder"}},{"type":"Feature","geometry":{"type":"LineString","coordinates":[[1.268502,41.124587],[1.268509,41.124603]]},"properties":{"t":"way","id":1536509788,"kind":"ladder","highway":"ladder"}},{"type":"Feature","geometry":{"type":"Polygon","coordinates":[[[2.186654,41.364029],[2.187339,41.363574],[2.189232,41.366574],[2.188894,41.366703],[2.189002,41.366872],[2.187951,41.367261],[2.187662,41.366783],[2.187292,41.366171],[2.186779,41.365321],[2.186202,41.364366],[2.186724,41.364164],[2.186714,41.364144],[2.186654,41.364029]]]},"properties":{"t":"way","id":1552128916,"kind":"harbour","name":"Marina Vela","name:ca":"Marina Vela","seamark:harbour:category":"marina","seamark:type":"harbour"}},{"type":"Feature","geometry":{"type":"Polygon","coordinates":[[[2.183056,41.374339],[2.184238,41.372947],[2.184914,41.372643],[2.184919,41.372697],[2.184989,41.373161],[2.185058,41.373602],[2.185132,41.374048],[2.185204,41.374502],[2.185272,41.374921],[2.185285,41.374948],[2.185308,41.374976],[2.185057,41.374996],[2.185074,41.375059],[2.185086,41.375102],[2.185288,41.375072],[2.185307,41.375147],[2.185585,41.375107],[2.185618,41.375233],[2.185817,41.375204],[2.185852,41.375335],[2.186075,41.375304],[2.186117,41.375463],[2.186393,41.375422],[2.186436,41.375585],[2.186717,41.375544],[2.186758,41.375704],[2.186801,41.375698],[2.186842,41.375856],[2.186515,41.375905],[2.186551,41.376053],[2.18679,41.375913],[2.186835,41.375907],[2.186659,41.376016],[2.186603,41.37605],[2.186895,41.37601],[2.187197,41.377223],[2.186449,41.377337],[2.186444,41.377412],[2.187279,41.377557],[2.186624,41.379202],[2.186462,41.379647],[2.186362,41.37992],[2.185867,41.380138],[2.184664,41.380706],[2.183652,41.380493],[2.183669,41.380453],[2.185033,41.376975],[2.185172,41.376938],[2.185219,41.376796],[2.18497,41.376731],[2.184901,41.376644],[2.184272,41.375858],[2.18414,41.375693],[2.183056,41.374339]]]},"properties":{"t":"way","id":1552256064,"kind":"harbour","name":"Marina Port Vell","name:ca":"Marina Port Vell","seamark:harbour:category":"marina","seamark:type":"harbour"}},{"type":"Feature","geometry":{"type":"Polygon","coordinates":[[[2.186661,41.374815],[2.187489,41.374557],[2.187518,41.374548],[2.187532,41.374575],[2.187897,41.375248],[2.187887,41.37525],[2.187835,41.375256],[2.187348,41.375315],[2.187368,41.375406],[2.187421,41.375401],[2.187423,41.375413],[2.187427,41.375436],[2.187429,41.375451],[2.187379,41.375456],[2.187399,41.375548],[2.186801,41.375698],[2.186758,41.375704],[2.186717,41.375544],[2.186436,41.375585],[2.186393,41.375422],[2.186117,41.375463],[2.186075,41.375304],[2.185852,41.375335],[2.185817,41.375204],[2.185618,41.375233],[2.185585,41.375107],[2.185307,41.375147],[2.185288,41.375072],[2.185086,41.375102],[2.185074,41.375059],[2.185057,41.374996],[2.185308,41.374976],[2.185285,41.374948],[2.185272,41.374921],[2.185204,41.374502],[2.185132,41.374048],[2.185058,41.373602],[2.184989,41.373161],[2.184919,41.372697],[2.184914,41.372643],[2.185548,41.372589],[2.185608,41.372603],[2.185645,41.372647],[2.185935,41.374533],[2.186661,41.374815]]]},"properties":{"t":"way","id":1553389591,"kind":"harbour","name":"Confraria de Pescadors de Barcelona","name:ca":"Confraria de Pescadors de Barcelona","seamark:harbour:category":"fishing","seamark:type":"harbour"}},{"type":"Feature","geometry":{"type":"Polygon","coordinates":[[[2.182419,41.376494],[2.182473,41.376567],[2.1828,41.376995],[2.182943,41.377172],[2.183104,41.377371],[2.183255,41.37755],[2.182775,41.378779],[2.182906,41.37881],[2.183447,41.377438],[2.183458,41.37739],[2.183461,41.377345],[2.183452,41.377305],[2.183436,41.377268],[2.183415,41.377232],[2.183084,41.376816],[2.182994,41.376861],[2.182951,41.376811],[2.182914,41.376768],[2.183009,41.376723],[2.182719,41.376358],[2.182419,41.376494]]]},"properties":{"t":"way","id":1554883615,"kind":"harbour","amenity":"boat_storage","name":"Reial Club Nàutic de Barcelona","name:ca":"Reial Club Nàutic de Barcelona","seamark:type":"small_craft_facility","sport":"sailing"}},{"type":"Feature","geometry":{"type":"Polygon","coordinates":[[[2.181585,41.375036],[2.181604,41.37504],[2.181624,41.375054],[2.181749,41.375141],[2.181884,41.375319],[2.181965,41.37542],[2.181968,41.375424],[2.18204,41.375515],[2.182076,41.37556],[2.182081,41.375557],[2.182264,41.375782],[2.182422,41.375982],[2.182116,41.37612],[2.1821,41.3761],[2.181798,41.375721],[2.181791,41.375711],[2.181772,41.37572],[2.181704,41.375634],[2.181651,41.375657],[2.181557,41.375541],[2.181611,41.375518],[2.181487,41.375353],[2.181585,41.375036]]]},"properties":{"t":"way","id":1554883625,"kind":"harbour","amenity":"boat_storage","name":"Reial Club Marítim de Barcelona","name:ca":"Reial Club Marítim de Barcelona","seamark:type":"small_craft_facility","sport":"rowing;sailing"}}]}